AIT101,AIT201,AIT301,AIT401,AIT501,AIT601,DPIT101,DPIT201,DPIT301,DPIT401,DPIT501,DPIT601,FIT101,FIT201,FIT301,FIT401,FIT501,FIT601,LIT101,LIT201,LIT301,LIT401,LIT501,LIT601,MV101,MV102,MV201,MV202,MV301,MV302,MV401,MV402,MV501,MV502,MV601,MV602,P101,P102,P201,P202,P301,P302,P401,P402,P501,P502,P601,P602,PIT101,PIT201,PIT301,Normal/Attack
36.90313,28.573765,40.540928,54.126896,62.552708,51.91863,72.06879,22.05942,26.173443,26.886818,56.65567,28.620125,35.151314,21.164639,63.60598,50.939835,20.630396,57.319504,70.75208,29.516918,43.5515,24.364532,77.13862,67.26164,17.407324,43.450745,60.450447,48.06415,17.093172,30.625786,25.739946,67.645615,22.839693,57.97226,31.2463,38.005196,38.759544,56.679348,82.58849,35.628216,76.81853,58.101177,48.958416,76.9429,79.508026,36.174843,39.45396,66.24169,26.723963,71.26608,66.854576,Normal
52.38047,30.615995,35.475075,52.63997,64.20417,55.69298,73.1179,32.23835,33.50875,28.174212,49.902084,34.19838,39.110226,27.45176,44.061028,49.995407,26.995943,51.534256,51.779827,25.070522,51.801224,14.629128,78.35609,52.01783,17.215363,54.50571,56.13546,66.9217,19.358654,34.32749,25.478409,66.011696,23.754465,61.57644,28.994478,29.303997,32.099487,54.970318,77.53957,30.834835,84.04633,58.801697,57.808678,79.97949,69.86096,37.43545,41.6251,68.06962,18.159489,76.514565,66.4275,Normal
34.256134,37.11433,41.2655,46.83996,53.287075,48.255714,77.15013,31.240326,33.870995,13.482502,55.021675,34.291664,31.89649,27.071873,66.297874,43.97087,13.774488,58.209583,67.84632,24.432777,46.999626,23.873377,74.20921,53.88083,25.536911,50.586033,59.12051,59.350605,24.428417,28.305578,31.254213,66.3597,28.225777,74.69266,33.03185,27.765087,48.803913,47.52037,70.91272,34.80746,72.23097,65.57794,59.965298,75.852684,72.74657,25.349611,40.53321,62.814804,19.868092,68.45791,55.52738,Normal
37.959484,34.2677,34.245876,53.944237,54.832905,50.97802,69.01675,33.00369,34.03487,24.270206,58.425117,24.066904,37.462852,24.253534,45.820686,53.415195,22.463753,60.810135,50.69054,29.347212,52.339657,21.059502,80.47641,59.884357,24.565563,46.38145,61.413754,61.831192,21.16792,23.942844,33.27905,56.5464,24.585798,68.60927,34.10593,39.99876,32.48639,61.478046,74.58394,26.687374,82.94045,67.02323,53.292023,83.380424,74.40424,39.590538,38.94122,63.406815,28.872345,64.09202,65.73761,Normal
43.793285,38.421562,39.43649,44.034027,59.216324,49.189404,73.58126,31.662333,35.64423,16.250546,51.03309,39.339333,41.09093,24.436193,53.20918,48.42546,29.463781,57.10791,56.752884,29.919838,42.88841,20.575268,74.73295,64.29339,26.573124,57.059105,61.781265,53.608112,16.879698,25.635416,25.704744,64.63569,25.113731,59.798874,27.66351,31.08031,46.599976,58.53815,81.39952,26.05885,72.45382,63.182228,44.354424,75.95421,71.4356,34.469097,40.78988,73.08495,20.508877,79.73305,59.968124,Normal
49.182575,26.154564,34.00665,54.29497,58.669815,52.481262,81.04685,23.683834,28.316954,17.571054,58.129826,26.174376,41.784195,27.045654,58.429707,46.95292,16.840221,51.087612,60.307247,22.629286,48.01143,26.443056,74.6204,53.057796,16.53435,55.710175,65.57086,56.123898,22.129015,11.129033,33.687656,53.65642,24.121466,73.60607,26.691067,30.196695,29.49028,44.028492,82.734924,34.16326,73.225655,65.005714,54.398483,72.57743,74.24736,32.291126,46.319885,65.516365,16.972713,68.004395,66.41148,Normal
47.814842,36.800205,35.294746,53.501194,54.042862,54.299774,76.00165,23.864136,24.506565,17.716936,53.552296,26.143978,41.551723,19.803806,56.459747,44.371513,13.106775,57.07985,71.19277,30.428856,41.954964,12.898133,80.14821,61.33897,14.881752,39.871532,60.734287,64.416466,7.7349105,18.851423,28.937387,58.76687,22.272913,73.92852,27.649004,29.003643,40.875164,46.854004,81.386055,36.413017,77.61587,68.31326,55.34798,80.80786,76.72758,36.00103,29.314287,72.7831,22.004467,76.1232,68.59453,Normal
38.401657,33.872097,34.568718,51.278973,65.9113,47.48016,71.488075,27.422075,33.577522,23.349092,57.156456,32.638397,43.985657,19.645367,59.91869,41.263397,32.84004,48.352715,62.94329,21.516474,50.750843,18.514414,72.05014,59.742447,20.695654,47.72889,58.412796,59.21849,19.423443,26.84052,31.25887,51.81204,21.498947,67.3062,26.990095,26.902006,46.681118,44.666008,83.52818,20.965847,77.4087,61.05944,55.561928,69.83376,75.52969,31.871227,31.78605,65.65951,35.175694,78.85461,66.886375,Normal
42.137386,34.439095,33.319927,63.285473,56.495228,54.78767,76.484245,23.161945,26.05964,16.656487,55.44055,40.72719,34.585335,26.901167,65.1055,48.11233,25.027775,50.43584,61.866657,29.89621,41.768734,24.736225,72.19513,58.22698,25.6211,50.606377,66.810844,63.230804,14.048467,14.6328,25.295452,59.429783,27.368721,70.95203,27.716265,24.624336,40.70443,55.793316,77.09263,25.503687,71.53157,58.48427,59.156178,71.1988,81.11358,35.71447,38.092094,65.74543,25.038527,66.225555,63.95145,Normal
44.025856,36.266853,36.96879,40.680325,54.134533,48.6361,74.97411,28.918104,33.182243,15.353905,49.899395,29.615288,37.700195,30.748884,55.338215,48.79463,22.149015,48.687595,70.265755,21.277735,44.65204,28.894167,74.70574,61.03246,26.747686,45.049065,59.41159,58.297752,15.143964,25.989494,23.807755,53.321964,27.915577,69.52524,27.961266,36.28974,31.192951,46.610413,73.85382,24.797518,83.1349,55.523163,70.231316,75.59285,84.9251,32.976616,37.821526,66.127785,28.432806,67.50665,62.813023,Normal
49.296196,29.473677,41.71463,43.477795,51.792294,46.518265,71.91512,30.577898,23.351406,20.02279,51.99945,33.92326,37.021854,26.453983,64.70823,43.43433,27.280233,53.12807,62.321957,31.788113,52.109978,18.335297,76.255165,63.131092,16.031225,51.291424,67.61207,53.95171,11.60814,35.210712,28.475782,63.694336,21.991789,66.83411,21.778675,32.734634,34.78447,56.14431,84.55405,22.563272,83.1819,58.235397,56.75948,82.7044,71.09243,33.271366,37.996128,65.41918,22.837732,76.712395,65.76546,Normal
38.465206,30.07741,44.90883,55.669537,59.61162,49.450726,71.82782,30.897709,34.878235,21.259558,56.719784,31.169184,38.746452,20.348509,55.723606,40.419277,24.298922,55.16609,64.74361,23.824993,50.4899,24.47242,73.713905,66.64761,27.138184,49.699276,60.909775,63.879658,25.368698,21.713615,27.940678,66.85714,21.79348,64.663414,27.585737,38.22486,43.644802,44.56872,81.602844,33.273045,75.81508,65.04539,51.547897,80.62239,74.2025,38.67574,41.530968,64.61077,29.618885,70.140366,64.947525,Normal
47.977837,29.037569,37.217045,42.73615,53.000168,40.293156,69.51694,24.190077,33.53078,19.388924,60.496716,28.056978,46.372433,27.700773,55.231422,47.698112,15.837995,50.463123,60.158012,29.813578,50.70516,22.55398,76.152275,64.87459,28.681993,50.06949,66.761345,54.50065,15.202571,17.918627,25.635061,58.68489,18.21847,72.16009,18.165121,30.742594,47.344883,48.962494,80.93491,30.020105,79.37463,58.299103,69.54119,81.82673,87.85388,39.276756,45.192333,67.16063,27.416416,74.17521,63.44086,Normal
40.999073,36.087482,34.066833,39.595615,57.29085,51.061943,64.80759,27.942131,30.514595,22.809639,54.185837,35.276752,40.023018,24.169962,63.694664,49.299362,29.079784,61.831028,61.53351,28.849846,48.225605,27.64542,74.29514,61.08586,19.5803,47.898712,70.6975,57.058674,27.128174,20.770344,27.214151,58.984505,21.647093,63.01855,13.987636,31.848621,39.936806,45.646267,77.01141,26.00874,75.35841,66.409645,57.73676,79.30752,75.19821,33.22043,45.09072,62.193764,7.9019933,67.01377,58.59258,Normal
38.06147,29.096382,35.293934,51.19071,48.712646,52.390583,71.95695,31.309345,25.18369,25.156902,49.85706,27.63895,47.291897,26.866516,61.1739,45.5803,23.58239,59.003788,61.000805,29.028606,50.157394,23.888624,62.518597,68.16549,19.502867,39.59766,68.039154,67.868576,30.232582,29.989765,27.5563,65.37056,20.676922,62.046963,26.938387,35.659428,34.723106,55.2394,75.12195,20.348576,72.75339,58.158108,59.622326,83.56755,63.58792,39.776474,33.198387,69.58716,28.689207,75.10734,63.517216,Normal
37.95617,38.99603,34.565163,45.01661,57.45158,38.711704,78.321014,32.617256,27.455982,21.806438,56.03967,30.216208,45.72855,31.465815,56.512352,44.753143,15.86506,58.656315,59.884933,24.820532,51.248417,31.699242,74.60691,54.22113,14.964593,49.078205,57.10792,54.37242,18.55659,31.452084,34.841278,57.260567,31.876812,62.097797,20.971455,33.525867,43.882446,58.38347,81.58937,27.050142,76.908,58.621017,49.769707,73.34567,76.124176,40.164875,39.790314,70.15729,32.020096,72.66761,64.59447,Normal
49.23567,31.399736,41.807842,50.05798,50.482193,44.64858,81.26083,33.52755,38.383846,19.29095,47.79386,26.942352,38.67999,17.972084,58.74435,54.95972,22.539993,57.558395,67.39697,30.348223,43.711147,18.110704,80.25165,54.297054,19.819439,62.085995,60.965508,62.692493,12.348707,18.999792,34.70065,52.605816,23.756613,64.862915,30.785671,34.02048,39.884617,52.817627,75.20233,32.031223,89.548164,55.67622,55.33293,81.40982,79.700874,34.670673,45.93633,73.98062,27.568224,70.43168,57.01192,Normal
32.811535,30.0828,42.623238,49.789627,54.314083,57.23638,73.09021,29.724323,28.00007,23.8817,53.06421,33.580902,43.433956,21.130386,61.563103,50.145775,22.310522,54.591473,67.3182,29.692045,44.48602,20.73229,76.23742,60.86409,22.717577,38.3785,54.326687,62.71083,15.9734955,21.67593,23.608582,60.22655,22.825954,67.675186,19.17802,26.64005,38.26054,44.79069,81.91077,35.129757,82.07703,58.225777,65.46137,79.83087,79.82785,34.48912,38.494637,69.72358,11.930301,65.94182,70.18939,Normal
48.394615,35.352013,36.326603,54.486782,56.763897,48.558258,75.01298,20.044191,30.996246,13.1217785,52.174892,26.970427,31.967907,34.118862,56.053585,53.0249,27.534176,53.02065,64.35601,23.671442,43.901714,21.11789,72.11298,69.252815,27.971214,41.322075,72.71376,64.641624,31.924889,23.197897,28.576424,59.72268,21.836687,68.50836,23.265026,28.527918,40.188652,50.096695,78.724686,28.903204,79.663666,62.676975,62.273823,73.09837,73.411125,35.577515,38.018684,70.08523,28.195639,67.75553,62.516476,Normal
40.215656,31.78483,40.746952,43.186012,55.66187,54.862633,79.546715,29.224348,25.110468,24.215134,53.73491,36.141373,45.632786,28.25715,49.357124,52.77893,18.324022,53.031986,57.19609,34.507034,50.899673,20.27475,65.879005,64.82511,25.642786,38.71646,61.142063,61.96377,18.466202,22.387718,34.29256,61.138985,28.989317,79.77244,34.867714,25.638287,36.074436,48.007103,77.1599,31.53164,73.73299,57.032425,64.63107,70.40408,72.57041,42.220726,34.356743,67.2872,25.438358,74.511765,60.39948,Normal
38.664463,38.18052,30.621992,49.10245,61.961803,57.58461,74.41935,26.827972,37.15622,18.447615,50.425568,32.247166,34.754364,20.163513,50.398026,49.50495,20.906519,55.71285,67.95485,25.873785,41.910313,19.359764,82.1347,63.44998,28.10104,51.117615,65.184326,62.562355,23.128134,15.061133,30.42852,51.294174,28.92625,60.04346,35.313778,24.319145,28.057636,42.491726,73.30385,33.842583,78.01073,55.906662,53.99479,71.9424,78.29182,36.38372,36.334026,71.735306,22.241362,75.120316,69.5114,Normal
36.676315,41.353897,41.04286,39.25215,53.96178,54.599678,75.00307,28.835218,28.89674,17.599985,52.9147,34.32791,31.519964,28.694017,65.38108,40.97407,27.184097,53.499043,59.844112,29.88637,50.357952,12.717666,82.04258,55.438663,15.37488,51.124695,58.75826,61.170914,15.613165,27.510027,29.696333,70.360725,22.178179,70.44371,26.914034,37.39873,41.926052,58.644493,79.57487,28.809057,78.218704,60.317245,52.102013,74.74889,75.807724,43.569893,38.919704,66.036865,13.616889,77.26562,61.57654,Normal
40.990715,34.151268,29.81396,45.162952,51.568623,52.056553,72.475,30.027765,29.509079,18.440042,52.07906,29.98331,37.849995,22.81876,59.766678,44.870728,24.57671,56.086163,57.728733,30.064528,45.427708,18.483835,62.70311,51.476616,17.742384,49.881092,59.789978,60.892937,18.198505,22.257833,30.48686,74.12224,28.54442,63.808125,30.948282,32.1608,37.55216,55.05182,78.84365,31.194054,86.02989,65.78816,58.584812,71.48266,83.554146,30.881758,38.64738,62.739548,17.242044,77.30118,65.0011,Normal
46.26789,34.587086,33.242958,54.968117,61.798058,49.345104,80.95149,30.341335,34.053593,21.43398,60.550056,26.701315,43.30411,26.55815,64.039474,44.525623,22.35327,59.28658,62.286346,28.838394,52.068317,21.008532,84.735435,59.253292,31.222992,47.70638,63.398045,57.31589,16.572422,18.989904,23.937069,55.644276,29.124489,70.21481,27.83532,28.538145,47.23652,45.193584,73.49084,27.33265,80.66809,56.543446,61.236958,72.1681,74.54719,34.504818,30.659164,68.30141,23.756279,77.44339,65.015495,Normal
35.155304,36.54247,33.797005,54.620453,55.54908,47.197163,73.286865,25.402433,36.344517,23.943336,49.57564,27.762281,36.00911,30.871391,64.53064,46.416073,19.432623,53.388012,65.57612,22.044619,51.516144,18.04619,74.35712,67.35687,16.218544,52.837708,63.325996,65.5204,17.13219,41.623028,26.149334,59.05138,23.542053,60.381973,25.259909,38.333973,31.520203,61.562763,77.71561,34.367435,80.82967,62.254486,54.713802,72.05606,72.259254,35.753574,49.87285,65.74627,31.313366,73.148056,62.08518,Normal
45.633503,30.304678,38.60499,42.229794,50.53081,60.828888,73.97237,24.656723,38.021515,11.900222,53.836563,22.826748,36.941593,23.876102,54.71746,45.369167,16.461521,55.6136,65.06032,32.041306,45.13533,26.721212,78.43439,60.932835,20.994673,44.588737,63.964466,60.280952,14.759722,11.644708,30.21392,65.36989,14.596155,79.94632,25.53747,33.29822,42.032593,45.983547,75.070816,33.706944,76.17148,60.614597,52.834526,67.13338,86.436066,29.078176,29.139532,71.26483,22.945477,70.07538,70.916084,Normal
49.054512,33.669777,43.752083,45.45623,52.295937,45.11162,71.60292,22.254711,35.46065,16.870546,51.310387,36.529274,41.801888,26.799469,53.568512,48.515934,17.659464,59.01895,52.899254,29.560993,49.18333,29.645052,74.49291,66.32461,30.218948,50.594563,66.10454,61.44535,14.256482,27.502,27.664745,74.478775,26.638134,73.808464,29.081472,37.39091,36.292458,59.12476,74.62307,30.122204,73.5011,64.17863,68.41075,75.81923,76.04026,42.190872,32.882935,71.53539,24.695477,77.01205,69.92004,Normal
47.69548,36.03026,31.32248,56.43805,54.15147,51.80567,80.56785,28.191446,28.38136,13.485736,59.27713,36.37631,43.88018,19.470413,69.103745,54.497643,25.321373,60.39232,62.426,25.457508,42.671112,16.333149,73.2437,55.085743,28.064697,55.65376,68.98607,55.126255,28.562124,20.909075,33.891132,66.490715,31.159138,74.449524,21.724575,29.593428,53.976196,39.738255,80.078865,30.839542,75.83276,57.984142,60.40188,69.64157,84.21192,25.161308,40.41591,71.04832,21.666805,69.31119,73.583176,Normal
33.806175,32.60764,38.121872,34.598602,54.830433,46.770973,80.32947,24.136545,25.747473,24.664326,52.070866,30.07451,39.067554,20.906212,52.442295,46.82692,24.667631,61.337284,61.5706,29.135168,43.269066,15.44269,72.19997,60.93665,20.505964,47.72431,61.040287,56.257492,18.297058,19.883423,26.169498,63.92439,27.439375,64.74976,13.300762,26.868454,40.872894,44.576847,82.931,31.641768,84.260956,54.45,47.944077,69.61769,81.31801,32.19473,43.816395,62.065807,28.235676,70.63086,65.88366,Normal
47.7865,35.127815,34.8349,49.6556,46.63314,53.650623,78.19774,33.82264,22.87668,25.507013,51.603924,32.51077,34.17645,28.821276,45.924664,42.28073,27.381983,51.405178,74.68971,29.552217,47.298912,26.759438,64.81259,64.453255,25.487783,55.086617,62.93474,50.258133,20.232414,32.457443,32.927483,60.03954,28.836863,61.38877,22.584423,39.722004,39.870785,43.2388,84.583664,31.284418,80.328156,68.903145,61.92894,74.810005,74.62232,34.109497,46.918205,69.04635,18.486504,71.20393,56.90928,Normal
45.051838,31.30768,40.563244,46.4015,52.763264,39.59277,75.82238,25.254156,33.795063,16.247637,47.86343,33.885044,37.612858,23.17909,46.784206,54.814236,24.08569,58.503468,62.95496,23.61941,51.219032,25.684488,75.67281,66.04813,19.931345,44.99679,63.55034,65.33337,16.48505,29.621758,25.332384,64.77832,25.659838,73.78761,32.96522,30.124979,31.900196,50.12962,77.521835,27.299135,72.60098,63.082817,55.781868,78.32382,69.289986,37.946823,37.05724,72.6395,20.300154,76.14016,69.35278,Normal
44.693512,27.211102,42.969097,41.614395,55.307903,53.604126,80.99173,28.591623,35.212845,19.13094,55.995407,23.062094,42.45918,32.616573,64.877266,49.2118,18.61116,58.426846,57.602116,30.961908,42.04842,18.472265,67.90059,59.442825,27.855684,53.42167,55.64382,62.32846,22.208967,21.489902,25.468884,65.04823,30.701956,72.36436,23.179968,32.019154,44.03842,55.744877,83.91236,25.81306,79.70172,64.8951,60.683598,74.01279,76.5246,30.9328,35.439728,72.241135,19.72861,79.06126,65.35782,Normal
41.839592,33.61678,33.998226,46.599213,59.620457,45.61851,78.22321,22.662764,30.128748,19.379848,51.900017,34.301895,47.9944,27.648796,55.417435,48.401043,35.740532,53.97726,56.96857,24.000961,42.065506,31.023228,80.38963,56.80404,16.578432,39.418373,63.90647,52.380096,14.926157,12.951466,27.042103,61.22636,31.43291,67.42506,18.545181,28.651443,39.284534,49.38834,79.9308,33.34834,75.084724,63.216763,64.75469,76.469025,70.34331,38.869972,40.4789,67.69108,26.589602,76.17645,61.305447,Normal
49.00474,30.064377,36.04057,52.431587,54.57782,47.073326,75.94723,31.199678,26.920088,26.599379,54.663414,26.986803,41.03364,26.89691,49.94241,51.391644,23.832651,48.044086,59.629986,31.55933,49.387775,26.07095,73.525215,57.476025,18.54515,43.815712,65.144646,57.126354,18.232689,21.331501,32.410305,65.83791,27.666805,66.17778,27.02978,33.00755,43.468277,42.233406,79.44666,32.663837,74.069176,64.05433,68.169975,82.95644,75.93973,30.213358,37.266674,66.86791,21.744808,75.99179,64.41539,Normal
51.663513,30.601532,38.902122,45.87361,51.931427,55.466724,66.64503,23.405167,24.931925,26.747766,57.645004,27.733957,45.674572,27.360903,56.594032,51.169994,18.335905,53.92309,65.228485,25.159845,51.035378,23.027672,69.04314,62.50537,22.124073,56.03535,69.39814,52.62857,20.464998,37.065563,25.403713,57.888382,21.27893,54.775265,27.498806,34.80543,46.263412,48.134766,72.86486,28.40756,71.77274,58.395134,52.768326,69.40945,72.9492,35.8688,35.79274,63.99038,20.316856,69.895805,61.237923,Normal
49.587578,35.368706,39.883423,59.114616,66.08656,50.297466,72.47874,22.049547,34.64521,17.039015,49.17674,25.389591,34.764416,20.927418,54.59088,47.595818,19.772207,64.31198,71.64042,28.58586,41.393684,15.633013,69.44345,65.06067,19.279934,43.29729,62.98536,55.40211,15.622742,20.26098,33.999393,63.448967,24.170494,64.92225,31.707926,34.01289,53.550945,57.085285,75.114456,24.792376,76.99409,65.747925,55.481823,74.87515,73.18943,28.358751,38.48282,62.26864,32.952045,75.49941,55.26052,Normal
41.535965,32.571033,38.95519,51.475792,51.095154,49.810406,75.27572,27.90291,35.28206,25.618956,56.001846,35.789825,43.875412,21.522526,51.16172,51.36154,23.911722,55.829006,60.475193,27.958403,46.68937,30.500675,76.55626,63.188564,21.607666,60.485863,69.000916,60.451664,27.424364,15.365902,27.939943,65.611145,24.94977,63.521553,34.47818,26.364927,34.596584,66.20902,76.54797,29.154318,71.3248,62.955666,64.15024,75.46424,85.48516,38.389454,29.295832,63.305527,21.05394,76.45513,66.01997,Normal
42.966103,35.28965,41.52904,58.878845,41.985744,53.805458,74.95494,24.5926,30.380112,14.967501,54.151012,30.98249,38.674942,26.625198,57.95111,43.719536,16.424927,58.99513,58.940083,25.279558,50.797745,31.665335,76.44079,52.647053,31.008379,48.132465,73.010345,51.904446,19.789465,17.54218,33.341347,64.33041,24.103472,69.15298,30.498262,32.080414,30.024189,47.107506,75.52325,22.071623,76.91336,62.360615,49.12003,79.85543,79.64194,30.64254,38.492485,62.658134,28.76147,73.06763,60.237362,Normal
52.966866,35.618633,34.294003,52.38626,55.426205,66.57068,77.04697,22.856514,30.367035,15.31606,51.312614,31.783361,38.582806,27.482626,44.372795,52.160988,32.53225,55.77709,65.45249,36.27283,39.91426,22.028574,70.51861,53.104992,18.834654,47.556557,63.56959,58.9482,28.938406,34.91176,27.42579,54.073864,28.136206,70.33067,22.77164,38.26452,39.653942,50.974518,76.20837,26.268103,65.4744,57.876236,63.583546,72.87954,80.92147,33.107445,40.43284,69.46459,20.328062,72.924995,62.499146,Normal
52.01377,37.40376,40.941105,60.53405,52.47989,64.89485,78.582184,27.309752,34.934956,18.444513,62.97092,27.616089,41.04181,22.623272,56.428772,45.054924,19.563524,59.27985,62.663685,24.169361,47.569542,17.895607,77.410835,56.765175,22.213102,39.436245,70.3533,54.101395,22.03041,19.842037,34.884644,56.26602,26.74256,65.01439,23.23787,26.882479,48.379387,58.448986,73.85962,29.411427,83.23318,58.9494,62.13993,81.91101,79.52844,24.724913,37.91225,62.531956,31.57943,74.5199,63.09544,Normal
34.97274,38.01851,43.925926,45.43504,47.805756,54.11924,72.56292,31.089691,34.361553,15.892415,52.92132,34.319504,33.89425,30.769438,61.10532,44.75524,15.208814,59.419407,64.730934,23.704893,46.011505,19.034367,75.806725,52.450703,27.347885,45.937057,64.42867,59.0666,20.647577,23.311672,29.176023,71.0813,24.393286,68.72257,30.918093,36.44287,51.020527,46.10054,73.17051,34.821198,79.76791,62.6792,55.662872,82.89584,76.45675,36.82605,44.210964,63.50894,20.574183,68.88348,53.813053,Normal
36.990566,38.5861,34.47509,55.512356,55.5013,44.190086,78.05081,32.589016,32.71901,22.357958,61.84638,27.503572,43.539722,24.507908,51.178814,45.246086,21.662344,50.002396,67.18783,28.685057,49.14056,26.490881,74.548195,64.798744,27.29451,45.133522,65.96675,53.927113,24.42003,17.890955,28.456524,56.75297,32.936073,70.3481,19.15123,34.201717,35.77475,54.082127,81.68656,24.105562,77.81296,63.738094,53.42639,81.09913,64.40783,38.34041,32.111816,67.25609,17.1444,69.65602,66.11303,Normal
34.7041,28.605516,42.813602,51.777966,58.03067,47.573917,79.84139,26.680323,28.065994,18.434282,63.432053,27.577929,33.977875,18.728476,52.465485,43.786297,21.508867,49.64255,51.15794,27.736423,45.085075,21.595234,67.587,59.213108,22.380726,47.650806,69.062836,53.46943,23.149624,26.29964,29.814623,63.43048,28.126303,58.880882,24.322048,35.976093,42.62457,57.467762,70.943855,32.6605,77.58563,65.10964,54.561638,77.38866,79.753044,34.687775,36.696148,64.86835,26.096596,73.77569,64.41578,Normal
34.225613,37.625095,42.431522,53.0826,58.631493,40.218704,71.92343,25.890007,28.134783,23.521477,52.872257,25.98264,49.272606,31.029545,51.517925,44.350254,17.550734,58.930447,71.894264,29.093145,46.563408,22.420807,68.44489,57.230114,24.918129,49.521797,65.04293,58.509823,14.194636,32.997887,31.863031,59.976326,31.669643,62.483437,24.847906,33.746193,28.042847,51.507206,73.67244,27.07444,72.900536,56.87736,67.16496,70.82278,74.70873,34.702423,42.84252,68.64563,18.320267,66.04561,71.91857,Normal
28.827429,39.534996,44.942158,44.021397,56.264877,55.794224,79.54598,24.92847,28.056633,13.065559,58.12775,31.964594,42.87252,27.751348,57.179363,41.405903,13.680541,56.428463,76.719124,25.135296,50.29309,30.197916,71.33986,67.61806,20.183405,54.148663,60.697975,57.43726,16.419926,29.61884,33.601025,59.02204,30.507835,62.93559,27.442705,33.507378,38.54761,46.880356,85.3688,31.109602,84.33399,59.885155,66.33477,73.06966,80.76039,41.447487,47.248257,63.209827,26.185871,71.56661,58.316044,Normal
51.3422,36.9783,36.49544,47.407085,57.55274,53.543724,75.062744,22.641665,28.30905,27.431757,56.05407,29.492619,35.90333,33.57607,53.92594,50.820023,23.840088,55.614685,58.389687,33.91481,50.257694,21.521538,59.58109,61.94381,17.01376,61.201366,65.02985,58.045837,24.542805,28.942661,32.87318,57.15982,28.166088,63.734512,31.302782,31.147358,41.46697,58.87815,81.5837,23.967705,67.784775,65.445854,54.305225,76.71705,85.47424,38.33325,33.05065,66.81717,22.39208,71.603004,66.3847,Normal
49.47179,28.109766,31.820044,46.33884,56.67779,58.577934,81.93309,22.8611,37.36676,25.925598,60.05689,21.316158,42.304966,29.118416,59.81011,50.973427,27.0801,59.965664,61.413883,23.452744,51.239117,24.363148,82.684135,62.681637,31.25624,56.38974,69.24249,57.489326,26.649893,25.515682,26.998354,57.131695,29.254343,71.47398,22.112179,32.67001,37.722763,55.72301,72.44429,33.0742,80.72421,66.06819,50.62913,77.52055,74.88418,36.440746,40.50247,62.088223,25.326664,73.48264,69.63742,Normal
38.561356,38.125668,32.898773,54.386997,50.47911,55.687332,77.56605,25.347729,29.906271,23.083506,61.8673,32.34208,38.382435,29.700644,60.96908,46.178364,20.366552,55.935062,65.630455,26.082407,47.9406,22.650808,73.965416,59.56049,22.82552,53.94121,61.8701,51.319283,22.188839,29.132965,31.296474,62.604862,28.019188,65.90825,34.595898,33.032608,42.11187,42.450737,79.21371,31.802778,73.54349,65.01979,59.333706,83.52392,78.83504,32.84978,40.05783,67.266426,27.480162,69.50443,60.4864,Normal
43.651657,28.310059,38.912395,54.10816,53.541405,55.795902,78.57954,26.62912,34.01165,15.42123,60.168995,28.956055,46.956852,28.351294,55.45256,52.870384,18.493925,56.377525,59.06326,31.272095,46.22131,30.907867,71.607506,59.496624,21.185299,39.549885,58.25457,56.445026,19.58161,18.786861,31.863194,65.5353,26.275179,61.17914,21.944082,24.450212,39.6854,59.65236,73.27378,28.785994,80.23739,65.29713,59.047234,72.59153,72.65177,24.613817,35.559334,71.22282,22.005184,76.20604,55.900177,Normal
48.780613,32.04158,40.14093,51.051952,64.928345,56.18026,82.099014,30.695417,35.92271,19.399134,50.211124,26.061434,43.570663,32.717693,52.574627,50.410053,21.48739,55.075203,56.879738,23.00082,47.174313,26.663391,78.12143,62.679012,20.947098,57.61239,66.20608,59.041542,19.935474,21.204504,24.16297,57.14878,28.388597,59.34408,22.262169,26.877941,53.410942,34.99293,75.69143,31.786219,82.835594,67.274895,54.726143,74.48461,70.68463,29.415634,36.491287,69.04144,23.421707,71.59684,69.09946,Normal
45.95822,35.254734,33.096573,43.90545,54.430565,49.085526,76.6123,23.328224,27.19847,26.578745,51.392212,30.489681,40.209103,16.241304,55.049564,43.899204,20.517313,58.86504,65.923996,26.10982,47.408546,17.488335,74.56276,62.021656,14.416105,50.194702,58.050884,61.015305,24.62397,18.404255,24.280972,54.192314,22.824942,59.40739,27.253565,28.119999,57.3394,57.72208,78.91878,28.342701,77.15939,60.6892,66.27685,72.43428,78.170105,39.544907,33.39912,71.73374,18.28889,72.31667,60.383648,Normal
32.7112,33.23346,41.399742,41.369576,58.31648,52.227688,69.40721,28.881615,31.646471,15.393726,53.545486,31.274136,38.421288,14.653149,56.39009,43.720913,22.30827,55.743057,60.975132,24.34797,49.188225,31.101957,68.88875,68.67416,26.96272,54.69431,62.47843,62.261105,10.6513195,27.157452,28.324368,61.91306,18.289385,71.25512,22.026104,32.29679,52.632446,49.04224,83.31817,30.997974,75.339905,67.25172,49.05519,81.020645,73.817924,40.65278,33.137993,63.35461,35.022686,68.56699,66.58702,Normal
42.421722,27.87401,31.118324,55.362717,61.387665,49.388554,71.39168,33.18427,27.056257,18.97258,52.929295,31.711077,39.542892,30.326889,51.17384,52.06781,28.653164,55.46558,59.64638,23.134756,42.042984,25.917265,69.78424,55.578106,16.95589,44.897842,60.31637,68.98711,13.182877,28.772167,32.95972,56.153103,23.734327,67.77582,29.319023,27.083149,42.601116,42.252388,71.21897,27.370533,74.26853,66.913155,61.896263,72.75171,80.78202,36.072926,42.185852,69.563126,23.196785,78.46601,66.07266,Normal
37.60779,27.577831,44.76035,45.72564,44.394516,52.861286,70.22346,33.000797,28.276222,25.611013,48.683445,22.444778,44.00975,20.019922,56.386395,40.71361,17.859001,51.90955,66.271164,30.189339,45.804073,28.43208,66.76481,65.43073,27.173668,46.296005,68.93371,50.749916,18.474072,28.658802,27.666628,56.523514,22.437464,69.36229,26.255943,27.869917,41.18757,42.493885,72.14959,26.220623,73.30082,60.400814,60.947094,77.42047,77.189804,36.734455,46.701538,64.529686,30.852892,75.6656,73.988174,Normal
40.19266,33.398415,43.000015,50.94267,64.7598,49.152313,73.76482,26.148335,34.585575,12.961725,51.3265,22.470093,41.905,17.986116,53.249912,46.916924,22.664581,55.82231,67.27765,23.4477,48.146873,15.575134,68.52149,62.794823,30.25536,55.545353,59.83703,64.265755,29.700045,29.177845,34.201336,66.35103,22.9378,70.61294,28.647804,35.194153,39.244625,46.284557,82.71494,28.074772,81.66189,63.06617,57.58133,82.740524,76.73345,35.448856,47.044064,69.22618,18.155972,69.3151,66.80509,Normal
38.38833,37.592243,43.101494,48.661404,55.783997,41.695732,77.093544,30.90826,37.08142,26.959024,56.02203,24.57746,32.47435,25.751257,51.835827,50.63045,15.555971,54.762077,65.806114,21.425112,42.749763,29.529093,79.73026,67.60004,24.084698,44.57228,60.286644,51.87457,19.818964,14.746324,27.992174,57.488716,27.37748,62.29353,23.15378,30.905664,49.235855,57.359406,81.7544,33.526817,77.465164,58.933216,60.87721,83.26789,77.93603,37.379566,30.740402,70.33473,26.06664,70.4346,59.738678,Normal
43.27226,34.514473,35.335762,51.09065,53.883133,40.06017,80.80234,32.859325,27.482334,15.693923,50.207645,23.536985,49.70655,22.222137,50.475346,44.98744,26.800741,60.412373,63.594997,32.195908,46.75677,16.492016,70.09968,58.90161,27.390076,50.333668,55.287445,62.367348,14.356085,20.996931,23.952745,60.85045,32.26937,60.44372,16.81964,22.77311,42.328392,53.1517,79.889534,34.744827,77.20303,60.38259,67.07929,82.03321,82.801155,29.16043,38.65007,71.36305,22.948172,74.18909,67.430756,Normal
49.49293,35.143646,33.951187,44.03159,55.48297,50.19499,78.57303,22.631338,31.80453,18.352087,49.346153,27.209192,36.865917,32.794155,65.671936,51.272614,20.17162,55.025894,56.473038,23.908003,43.2271,20.280453,77.70698,62.637592,15.2087755,48.095398,68.52399,63.713936,21.715902,37.587337,33.561672,60.0718,29.391155,69.013855,20.202389,34.19802,34.50844,56.72315,72.58711,33.301064,80.9341,55.84052,62.564007,73.79904,75.55039,40.290604,34.835506,63.779537,18.753557,72.28304,56.19369,Normal
37.245445,31.589018,45.355743,41.69128,49.28597,59.723602,72.02692,26.14901,30.028948,15.523319,54.77292,36.54044,35.491573,29.093716,59.543697,45.65222,12.21767,56.161564,65.25532,25.982006,51.104916,33.519676,75.690315,53.136497,23.316442,50.775116,67.53312,52.30348,24.98241,8.598394,24.445467,64.14596,31.822409,70.82454,16.441763,27.269623,32.207664,43.331673,73.92345,31.12151,78.107956,67.14948,67.65328,73.6597,80.10315,39.66888,39.165676,64.37821,23.802433,69.36263,59.500965,Normal
41.08601,26.862366,33.789124,53.03421,59.31193,54.408905,80.516045,30.599884,24.168268,26.558138,48.250908,35.567806,46.170578,28.283262,50.13525,44.945858,22.981043,51.7258,51.674244,26.111713,40.877872,25.33892,72.77685,56.478985,20.09029,43.601974,65.58849,62.012802,23.377947,17.1455,36.222412,56.63769,26.596733,77.19508,27.188679,26.81878,33.290115,50.00719,79.77019,26.168274,82.70486,64.0098,58.59245,76.84716,75.123634,38.539906,43.678635,67.54021,20.731285,81.10435,55.66716,Normal
36.87432,37.027588,33.983246,47.574394,59.22763,60.02727,79.64691,29.808054,30.185472,14.272279,56.580112,30.669277,40.898243,24.291529,65.92659,55.80572,22.472263,50.97126,62.598686,24.123018,47.59587,21.735922,75.50223,63.4672,23.226608,52.527637,57.977207,51.153793,18.859127,24.758848,26.53087,64.4091,25.981644,59.04,21.560932,37.03322,30.793596,49.82082,79.71032,33.476772,75.51644,64.66136,56.219315,79.349815,74.7335,23.54901,42.62219,68.6154,26.006405,72.73239,63.406845,Normal
47.24849,30.373877,30.674849,39.066036,54.034126,47.768,73.97019,29.99368,27.646692,16.698381,51.97598,34.5202,32.99034,17.60307,57.51776,47.565342,26.85497,52.16597,60.867775,23.721169,48.039547,21.213642,77.941376,57.140434,17.922718,53.500088,62.669147,66.06788,26.564215,31.65845,24.052282,45.274357,27.467564,68.30807,30.689293,36.31702,34.49479,47.02928,83.8191,29.431686,73.199745,56.801746,65.171585,78.16015,81.5233,37.103104,36.415188,66.91638,30.424067,76.35544,60.42724,Normal
44.34089,34.495705,39.084114,63.307377,55.40169,57.714397,76.19457,33.369244,30.606222,19.840954,56.643166,26.80738,40.218655,27.292696,61.387444,46.99008,26.661947,55.253307,66.16859,23.967392,52.80001,32.453094,78.77109,57.74354,16.007402,56.962147,53.87332,54.66673,15.968781,23.102638,34.747574,59.605,23.338661,61.37315,29.91418,27.938307,27.160336,51.48009,83.12781,30.217922,93.765,66.16733,59.811153,80.46027,70.90702,32.8535,31.40799,72.89112,16.977835,67.33279,62.13317,Normal
36.828766,33.176678,40.49678,47.32838,55.55131,47.40961,72.67503,24.39818,37.895973,17.204784,50.30917,28.923878,44.214172,18.653564,49.741898,44.816647,27.139742,52.922318,63.076767,26.511724,42.431774,36.48586,69.075165,60.272152,18.642834,55.518574,63.877815,67.127884,17.430017,22.982372,34.397217,60.27123,22.6589,69.02434,33.025284,31.1366,42.81147,54.853203,77.887856,31.28023,72.31525,63.080654,61.145134,73.91939,78.20533,28.267405,36.521603,64.63927,23.581934,75.6067,63.64368,Normal
36.506756,37.90323,35.782,49.721996,57.627815,55.142258,78.85925,27.026178,25.671532,27.380732,50.88949,27.049868,36.81924,28.159885,53.114227,42.46657,20.11668,54.0192,71.60223,24.825045,49.610657,23.461731,69.10771,63.62721,28.666225,42.523968,58.780605,59.761517,27.850359,33.01474,29.906013,68.35729,30.911663,62.485348,21.037039,29.997326,41.107994,54.139717,80.14725,34.289112,85.91087,69.2994,63.862732,77.250244,80.90892,40.77961,41.13051,66.536476,23.234116,67.022705,61.80359,Normal
49.30501,31.371527,37.81979,47.572453,54.603924,47.850845,79.49454,26.56298,28.826862,21.91649,53.237926,28.684301,37.05751,26.458435,63.851143,53.12783,23.636274,50.65927,64.25997,22.43813,52.19146,15.792007,75.065636,57.72115,20.416977,54.15365,64.63899,44.77129,21.520388,12.530496,34.050613,59.53314,29.457638,72.90975,20.884674,31.910328,43.6926,53.570637,74.65003,25.748499,79.09579,64.95846,55.116512,79.71453,80.24759,29.281464,40.392887,66.78459,29.358208,75.7757,67.2837,Normal
46.43807,34.71267,41.44872,49.1027,43.99231,53.042202,83.49513,31.81897,30.49543,17.997528,58.382668,32.211327,37.16178,26.375744,54.79671,52.74744,21.315989,45.656784,73.349625,21.271711,51.140537,20.027676,78.325066,53.645966,23.87957,46.42549,71.95262,55.73131,21.549452,21.625788,30.111227,65.9298,32.70189,62.647846,17.56701,33.987026,42.258236,55.36389,86.33,27.155024,73.3648,67.7409,66.57198,75.75271,80.84109,36.086758,36.57131,66.58848,26.735662,68.57819,56.892273,Normal
41.024826,31.006374,40.98492,52.39339,50.405334,59.16829,76.50859,24.87765,37.193172,16.822529,55.451736,41.818394,38.819424,21.902655,45.87834,53.228596,14.895956,54.677254,57.67241,25.376509,48.49968,18.303024,72.77545,54.163506,17.928938,46.287266,56.974586,54.070595,17.865349,32.66704,34.075268,62.66214,26.476873,71.97484,27.042976,34.419666,46.335617,46.08056,69.94073,23.079506,85.51088,62.184937,71.94073,70.244675,69.420525,32.547207,50.466152,66.87915,27.275444,74.50176,64.90632,Normal
41.8988,35.67919,44.6971,56.360817,53.213703,45.63962,72.12405,29.931433,24.885971,16.774801,57.89186,32.623512,33.81877,33.574627,48.79932,51.52852,31.606121,54.24561,55.297127,28.228577,52.309933,18.918562,72.02247,55.492348,21.36205,43.191826,69.90609,63.460773,14.251981,24.26257,34.34658,61.73099,24.445158,69.58391,29.1527,35.396526,42.28015,44.97392,78.4368,31.19518,81.55628,56.000267,51.26485,77.197556,72.376015,31.333931,35.00186,65.50038,25.488928,79.66503,59.07563,Normal
41.715153,32.167915,41.57154,43.701653,46.876507,52.761562,77.27784,28.055857,36.697758,17.000166,56.555454,35.196236,36.42939,30.163637,62.785656,42.076576,20.39676,52.136616,61.33726,24.830551,49.820587,29.143002,76.62264,55.726387,22.424875,53.27589,67.61717,52.421978,16.332125,20.813408,26.436855,68.68548,34.11192,66.83573,18.963074,37.80221,40.52959,47.829388,76.6173,31.932404,78.66105,67.4839,66.77891,67.10904,86.08337,42.827858,39.101517,62.63051,27.811289,71.945915,60.93032,Normal
50.744476,33.2654,38.23962,57.246815,50.440872,48.481018,76.14301,29.034685,37.36079,15.992551,45.717834,26.21428,32.687996,23.527332,60.381317,45.86231,19.658451,52.666656,58.99605,25.510809,50.430485,14.698662,70.09497,64.893166,15.453992,46.840446,63.455048,60.01677,23.424929,29.287683,24.247854,67.80955,26.040646,68.08134,31.263079,36.974575,41.046074,56.7813,82.909355,32.53682,79.68034,64.312645,55.109104,80.116455,86.97325,25.969152,46.29367,64.98643,17.13002,75.0936,60.920883,Normal
29.838238,29.475922,43.923523,48.56655,54.21991,49.81267,75.819855,32.50206,35.431698,19.37949,49.553257,21.235434,36.16397,21.640873,48.05936,57.680805,25.441624,60.110462,60.253414,33.501343,42.08035,18.599113,72.84019,54.39791,19.944382,54.364265,60.59334,62.734222,17.698025,38.59041,34.83601,58.91648,26.028172,66.83332,33.08803,34.82103,45.383877,51.599403,78.709915,29.394722,86.252846,58.832504,52.235344,79.1784,65.8007,29.146656,42.452374,71.80925,22.728964,69.72694,65.30815,Normal
30.071928,30.536358,42.80892,55.432785,55.498627,50.31153,79.97874,32.9276,37.770477,12.335969,47.141857,29.630613,34.730576,32.353092,62.80536,51.87799,28.989923,55.901752,49.97995,30.027,49.33523,19.336525,66.12925,61.47527,16.365019,51.493412,57.805622,61.0359,24.17578,21.497766,26.16126,64.59973,31.63783,64.847786,34.46795,26.490368,50.410122,51.595886,80.94951,27.356945,80.83909,64.670425,52.94083,80.30309,82.668076,33.142822,26.99951,62.366734,12.165529,68.99988,65.44656,Normal
40.68906,37.69034,38.757973,61.638947,58.550716,48.607296,70.60982,31.947893,30.23651,16.380943,56.50476,28.384014,39.707893,25.138048,54.458748,47.17088,22.063826,53.16741,61.840973,26.722008,52.34812,29.326477,75.08455,60.69496,20.072521,42.64452,57.40297,57.53373,21.471481,18.951437,31.932917,64.14695,22.858082,58.425816,27.138216,29.139929,37.25844,63.549026,83.214645,30.447819,81.2453,62.783165,65.10247,80.747894,82.11823,39.17515,30.140835,71.07361,24.424011,69.87325,61.231968,Normal
34.02945,30.504236,42.12486,49.88004,54.500538,55.045265,83.79519,30.703243,32.74415,20.167007,50.80577,31.590208,40.500828,24.71824,68.084,51.059387,34.391457,57.64773,52.405247,32.108063,50.429047,32.08204,74.008064,60.414383,22.199154,52.875782,61.13182,72.20477,22.713995,21.045563,33.578304,64.82834,30.305504,66.373245,21.38341,29.646433,46.664955,54.940773,73.3234,23.143364,79.313675,65.93762,46.136986,74.13697,77.995384,41.448875,32.232838,61.336704,21.273216,68.89853,68.80121,Normal
47.518063,35.60815,39.457005,56.17797,64.49086,52.72969,69.19419,20.316334,22.65157,27.039965,52.91626,37.08472,39.788536,24.42164,59.10989,44.680084,19.504135,54.316036,61.42558,28.565372,50.937813,31.99226,70.84432,57.491825,26.077211,52.271538,65.58271,53.670223,25.844736,28.294676,33.52065,72.08723,24.54442,67.89195,31.311922,32.024773,54.142944,56.999813,74.91545,25.956318,78.94522,63.321373,57.76396,80.254,77.09702,31.44231,44.677128,69.13476,12.540825,69.72464,63.92425,Normal
51.71194,30.557234,44.197052,46.654785,60.709408,49.569687,73.085495,32.759212,31.33778,20.159546,50.03715,33.77325,43.138702,23.423498,51.975098,55.10348,18.509514,51.205612,55.924423,23.17468,51.137016,11.518065,66.84043,60.00374,17.887814,44.636463,57.353844,59.618084,26.794807,21.114834,26.449665,69.793076,22.256495,61.703465,31.696043,37.154545,25.34442,48.82184,83.17072,32.49195,85.88574,57.12024,55.41914,77.33778,76.097,36.198696,43.841156,67.05719,26.937838,78.55303,68.45983,Normal
44.13876,31.43383,32.985546,50.495403,55.506676,47.60989,75.678055,33.37374,30.576828,13.713759,56.16337,29.273764,38.370296,21.53933,52.67389,48.81855,35.739002,52.61155,62.199127,31.781576,44.921326,21.025873,71.014145,55.49907,15.17554,49.561527,65.04608,59.726353,19.387096,24.171677,31.136887,70.0076,28.757008,62.559914,31.654232,39.036835,37.853695,60.372566,77.75184,30.316727,77.10284,63.18324,59.935574,68.30902,85.833015,29.832895,36.617424,60.925823,10.400835,77.98747,52.624836,Normal
40.178577,38.700027,38.99906,53.767628,46.639587,55.000175,70.66865,22.633842,28.004242,18.715698,56.23416,25.096567,47.000362,25.502138,62.34871,55.795868,26.057499,51.661713,54.44092,26.807365,43.611942,33.397762,69.40063,62.94464,16.673168,52.029198,71.75018,63.060505,28.450094,17.54677,32.737568,68.2366,22.48547,67.195114,23.43845,28.546646,48.0525,57.69042,73.01382,27.046682,74.32482,63.932884,58.12468,76.37688,74.0203,43.01195,51.918346,66.8569,18.109133,79.31122,57.36331,Normal
38.32121,35.13369,39.027115,52.48331,56.206486,44.155083,67.26136,28.889532,25.902866,29.357412,53.812252,28.624159,45.27324,24.58959,71.963615,53.05931,24.481707,54.741856,64.05795,32.627857,41.537575,24.71842,75.68737,66.21802,17.677021,56.50471,68.19821,62.6438,13.358207,29.107594,28.346857,58.46442,22.88141,63.750416,28.042643,30.00301,42.88278,53.979492,81.81877,27.35072,71.908424,67.30651,58.507442,76.51029,75.70058,27.525188,45.173077,67.88651,18.96531,76.70848,71.1924,Normal
42.653538,34.432323,39.515003,50.97055,47.97619,54.64266,79.95171,30.43694,25.598192,22.42831,53.513283,37.74085,46.71374,24.553001,59.70884,44.70487,32.135834,63.419857,60.050686,31.627707,44.50784,14.713738,71.3325,63.789806,26.701462,52.92774,66.33423,62.836674,21.536192,30.656239,25.228714,53.471825,30.298412,67.22303,13.664221,36.96051,50.344463,57.22452,78.34199,28.824898,73.728485,60.35724,57.571865,85.75185,75.96828,39.665524,28.655949,63.169353,29.018265,78.59041,55.76028,Normal
34.33806,27.072922,42.825123,52.1783,50.676846,49.83069,68.62871,33.417484,36.985077,16.620325,48.979645,35.07742,45.214237,28.795324,55.30754,53.187187,22.22412,50.954716,70.82186,22.852049,50.43216,13.450867,68.07821,63.15767,26.048815,44.620197,61.564144,60.55164,20.521263,26.81141,32.90068,66.89941,17.579315,69.81119,22.579737,33.57261,36.749374,55.496357,83.22237,34.065376,80.41632,61.669617,53.588287,76.31659,69.597626,36.214855,45.002487,61.798977,27.758884,66.02483,62.664646,Normal
31.473616,35.93731,47.836746,50.056244,46.213673,57.808067,73.88291,31.733763,31.599497,20.778685,51.780487,26.909512,35.783516,27.800734,57.394756,47.776604,27.745495,47.65822,57.880875,24.822285,51.138943,22.238441,74.54398,55.799152,18.790731,50.5102,60.98397,57.112442,23.722094,24.489187,32.695595,67.446495,24.967396,71.985825,32.151367,32.62427,49.015617,59.429527,83.67023,29.403019,74.85044,61.591026,56.96992,73.096855,69.256905,48.013306,49.715496,70.49006,26.38888,78.86762,68.57854,Normal
49.27778,35.781982,38.1441,52.236332,55.416336,53.73049,76.445045,30.809347,28.413963,21.577185,53.52002,28.217554,38.568607,17.295858,57.15832,43.13877,20.354673,51.325157,59.176964,29.551323,45.116093,26.349922,65.97707,59.03223,21.1186,46.825104,64.60731,62.7638,32.961483,21.73806,32.694836,56.035774,26.583673,72.12361,27.733063,26.80072,36.266068,53.987186,75.33916,26.287336,72.67568,56.684265,45.15995,73.80386,77.54756,31.370077,42.999462,62.19081,38.110825,77.697105,68.983185,Normal
30.075003,34.819935,40.212414,55.521893,56.61019,53.79059,71.92571,29.009909,26.10493,20.815426,51.349815,39.353626,46.24681,19.422503,57.296745,51.096584,13.810202,59.068634,64.794556,21.202509,50.23115,25.546772,69.79905,57.6485,14.996773,51.010338,65.65416,62.76522,24.330458,38.30069,24.457697,58.40392,21.591928,61.804382,18.557281,36.168777,40.513027,56.87274,76.50426,30.236097,84.02387,59.651108,66.42986,74.38342,76.452225,22.424637,41.241917,71.76554,23.304354,75.73723,52.515995,Normal
46.18957,29.923021,40.43416,39.96778,57.760628,53.341286,73.539116,23.318804,36.239544,13.735728,53.267353,25.892517,33.49121,19.694393,53.207645,47.03346,27.42292,57.90452,67.058685,28.988209,45.23639,19.49059,77.50222,59.295807,19.739052,49.89314,68.99127,55.828205,13.466452,21.418337,29.585154,71.82157,23.55927,80.45438,23.144812,34.40677,40.323093,44.08188,73.68385,31.950098,77.66484,63.405125,54.184616,72.60691,81.412926,34.80682,45.37687,70.422,20.720417,71.17142,57.530552,Normal
53.043568,23.736483,37.431206,50.07833,58.83616,43.621788,70.12319,29.467451,36.65051,23.074184,54.24967,32.757854,40.62148,22.38193,57.80985,51.76381,34.61956,49.254654,62.496605,34.07517,51.630875,14.683112,71.648636,67.35686,13.544678,56.77869,61.451145,66.8843,24.491074,34.62732,35.63767,60.86175,24.37344,77.697105,25.693377,33.326435,27.099169,49.714077,81.31053,31.398445,64.72182,57.535694,51.025677,76.57555,83.345695,39.777252,37.239105,65.97689,17.091768,75.466705,68.699265,Normal
34.11648,34.39376,38.91563,43.382812,64.019684,51.16692,77.212326,32.81616,26.777443,16.855743,60.30126,29.925808,43.92719,17.597715,60.49838,46.45818,16.840364,54.493393,69.12203,25.380499,45.968994,23.565037,73.63983,66.85897,19.172705,44.65775,60.32512,56.327667,13.38401,16.628023,25.247293,67.514595,28.094538,63.498287,27.0787,26.822296,40.317425,57.13221,76.56814,35.367928,74.23243,60.612137,56.006424,81.00456,83.30423,36.763412,43.139908,71.205246,9.010571,78.17123,66.49672,Normal
52.235443,35.102974,34.74882,63.53023,59.181805,49.90001,79.530174,33.248943,26.391876,28.94737,59.5125,26.902191,44.223953,32.607056,55.451187,45.69924,20.051958,54.144913,57.45047,26.169744,50.931232,18.529854,79.96355,57.10809,24.267227,48.64999,56.487743,49.964386,17.76338,22.720957,25.146624,64.58388,29.791391,65.862206,31.57219,25.329134,37.60487,43.00484,73.13338,23.45288,81.730995,56.865112,65.385,68.34338,73.73873,30.86359,30.454466,69.476105,21.744652,76.02688,47.423447,Normal
39.829243,28.883911,35.186047,53.0564,55.319397,54.40057,75.68898,23.166119,37.118042,13.489918,57.222916,29.424889,43.057766,31.616621,69.178955,50.269043,26.251127,48.59701,53.90164,30.833466,44.579063,24.29676,71.50642,66.83237,21.471178,57.922043,63.08087,49.78107,24.380726,18.939987,27.831701,73.35508,32.965355,66.92744,24.95313,22.109827,41.079933,59.266365,83.16157,24.04901,85.66127,67.2591,61.60825,68.82259,86.18258,30.920666,37.797073,69.07793,25.861353,77.01393,64.93658,Normal
46.28986,28.097755,33.138893,44.939346,48.729973,45.67589,68.07442,29.726702,34.944416,20.139763,52.650314,26.827793,37.781445,24.912151,52.951355,46.327736,7.686317,51.93053,68.45877,30.103014,43.959595,31.076456,80.42828,60.460407,21.165699,36.94808,68.402534,56.748287,9.442273,31.712866,35.296204,71.84712,19.81316,70.34647,27.207012,32.76766,51.67874,46.113434,80.13795,27.765728,70.33769,58.181145,56.837246,75.386696,73.80605,25.578987,33.340847,68.61856,26.987907,69.335,67.53812,Normal
49.81569,30.13491,30.922546,49.607502,56.401905,47.30657,75.23002,30.921202,29.816025,21.570229,51.889145,27.3394,35.815437,26.817858,44.668106,48.36521,16.306585,50.4203,48.669636,22.821724,49.433647,25.436787,70.47201,59.671974,17.867481,45.492126,64.217545,63.410915,20.869308,26.662848,24.075214,70.43617,29.163797,71.31668,25.378702,24.194555,41.562443,42.62378,82.46761,22.071465,74.15163,65.09492,60.23091,74.37338,81.11133,35.039906,36.404507,65.18794,20.729954,68.832275,62.374393,Normal
42.336254,31.592655,31.977991,43.861,53.44834,52.53287,75.88,26.314299,22.399395,22.36538,49.495296,41.27706,34.75283,24.655243,61.333305,41.91507,26.193604,56.303818,62.801003,21.254131,46.84949,23.83509,79.25658,62.298088,18.37549,50.40914,59.7444,58.773235,28.80745,21.498407,25.288006,55.466614,25.93604,68.53362,29.082952,34.4619,43.14743,51.416313,82.133705,29.265324,72.39408,57.920406,69.343216,71.390915,78.60297,37.135647,30.4444,69.361046,28.432005,77.587975,55.595215,Normal
35.11166,35.251972,43.432903,50.219574,58.23661,54.4499,66.55553,24.269575,31.257362,18.428537,51.146378,44.25171,46.2451,19.937931,55.054176,48.914494,19.57879,57.445484,58.90671,26.634348,51.17492,19.137604,67.59265,64.54184,14.384799,51.085426,61.32017,59.17743,27.946249,13.396714,28.86765,58.497692,22.420443,62.94986,30.469872,29.866201,35.779224,54.51872,82.12848,31.293457,79.893394,59.585144,57.000805,68.09896,77.92568,29.425058,37.357338,71.45063,22.564394,75.40316,59.677624,Normal
50.784817,24.730892,38.35788,43.776894,49.65741,51.468258,69.72946,32.52043,31.97695,17.95045,52.07651,32.805794,38.946213,21.631945,64.36154,44.03119,14.199894,61.14064,64.45898,26.58692,42.344727,19.46518,62.173046,64.954605,22.578531,55.9531,66.63604,61.2221,27.149744,23.144478,28.392233,56.563923,21.122942,68.8382,33.367107,30.530504,43.219154,52.601185,76.66755,27.194454,67.00922,60.624687,59.325844,80.2101,75.01786,28.005896,38.21602,62.05141,21.584322,69.39237,64.43989,Normal
41.289665,29.833916,42.49486,44.130722,52.46716,47.22274,83.48174,25.074833,28.350658,13.550351,47.26722,30.30134,46.36411,21.05545,58.274704,51.72752,17.265993,52.29724,62.2343,26.544363,48.609394,17.207329,75.89046,56.40974,27.77418,43.2928,68.16277,62.32267,16.370884,18.746618,33.661503,67.10298,31.80225,71.78888,23.361021,29.113623,25.543749,53.03726,79.88787,27.364021,78.02831,61.56086,57.66907,78.33093,79.87333,37.159203,31.869854,64.4966,22.825989,76.30924,68.155754,Normal
36.86169,28.581564,41.955162,47.03195,57.402935,46.92838,74.87837,28.126299,25.726385,23.391449,58.96251,33.709152,39.578327,19.702545,53.888477,48.317856,20.722366,58.20797,64.833565,22.957258,43.06942,28.124401,65.52665,59.05829,28.81711,42.07029,65.905205,58.693424,25.448957,29.428331,30.471785,59.072186,21.359808,60.41504,23.757408,29.397635,40.38579,60.61145,83.53884,24.691988,79.03033,60.26347,70.760635,72.38026,76.54701,39.141685,46.62,64.57751,26.65676,68.60358,65.51128,Normal
44.00969,37.32865,37.425564,60.026817,52.32078,47.182808,80.47788,23.573963,34.64995,23.403503,54.695766,38.594654,45.145664,31.631567,64.9153,45.34917,22.538809,59.238983,68.36448,24.212156,49.450367,22.238596,71.68585,68.00947,19.80391,44.14236,63.20678,56.593952,7.495491,27.872578,20.88709,61.128395,31.674519,66.20716,19.266567,36.586,35.66713,55.530567,73.95153,24.104961,82.65155,55.78775,52.6101,74.423584,77.46049,37.459503,40.04088,66.22952,22.021029,75.819786,66.893585,Normal
37.356846,35.17518,41.172306,56.38682,55.92645,50.296535,76.68197,27.112715,28.854445,18.253424,55.701748,35.769268,36.580887,25.203655,61.57474,44.162395,24.519669,60.847546,52.786358,24.039175,50.290306,25.181467,73.745804,58.3485,25.939064,57.675556,69.20754,56.554203,21.738731,23.57035,32.515312,71.92741,24.609217,59.885555,31.78918,35.430996,35.071056,44.764732,75.42123,26.424295,79.468124,65.195496,48.529793,82.865845,76.575615,38.294464,37.27058,59.70259,24.5765,72.396164,66.0316,Normal
46.933815,40.217236,40.28511,54.201653,55.225483,44.091927,71.887024,30.036526,38.3296,18.158888,57.860954,30.295763,36.7712,31.904194,59.34285,51.527817,18.636133,63.12601,64.33303,29.447811,51.016865,24.366451,74.18046,61.36983,23.9064,50.970627,61.832016,59.16196,26.469276,32.46097,24.251858,63.05371,23.442589,65.68816,26.276752,24.154955,45.9639,55.720455,75.66692,24.94515,84.08012,60.41673,61.868202,75.661285,80.83302,36.81999,26.945517,75.65769,22.117449,74.213066,61.479404,Normal
41.90769,39.569977,33.31715,46.7567,58.367012,55.568005,77.41064,23.035772,28.789286,16.829338,48.067005,32.959026,30.762318,33.743835,60.567543,48.527378,27.074066,57.973366,69.516365,24.18696,41.022575,14.891979,68.72355,49.72813,19.199734,50.65154,69.30967,60.35395,19.493422,30.327457,31.309792,56.64951,26.54037,62.723618,37.12325,36.908417,32.33243,62.043995,79.186485,33.095913,79.76224,57.811707,68.62713,72.78966,79.4309,33.997475,42.289158,63.201366,27.068335,69.16717,66.026634,Normal
51.629185,25.998966,36.791245,53.609848,55.314228,48.155117,77.5912,25.490974,29.149523,19.194687,57.31684,21.611284,48.008892,33.029575,50.43456,42.315304,18.033253,53.996613,56.50618,26.425798,45.71145,26.571491,65.80728,60.973385,18.0497,48.701897,65.80862,60.126694,18.144314,20.468771,33.30933,57.529198,29.4623,73.917595,29.45514,30.596687,28.34922,52.51457,80.060234,31.526766,80.954506,66.007614,61.86214,72.8336,72.766136,35.154953,46.23946,64.18263,22.619371,71.73808,67.96535,Normal
37.985836,29.742964,36.050156,51.844296,54.661926,47.178413,79.64943,23.673822,26.92583,25.176836,60.858734,43.15838,46.87206,21.218193,52.102413,43.126484,15.537152,62.59952,58.35059,34.302086,46.489902,23.703403,64.54104,59.625336,24.334349,52.0169,66.03775,54.01133,12.553699,27.428297,35.36959,59.89865,28.78653,64.662605,20.995659,25.040787,44.91436,57.723072,80.48775,29.337662,83.629456,58.9542,65.996994,87.01721,73.59506,29.605955,42.971924,62.990036,15.801146,71.87862,67.87154,Normal
43.519115,36.542503,35.98719,47.212406,63.004475,46.417557,74.616615,25.174683,25.351622,15.295103,49.517044,37.93385,32.764526,28.55679,57.581505,52.74428,29.27378,57.953888,63.822926,25.86586,43.26756,22.383678,78.019775,61.781815,23.731403,47.623875,66.80689,64.209045,21.740927,15.970779,31.731194,61.045166,28.419756,57.840275,20.19373,34.122272,36.041256,46.958878,82.19253,29.703045,79.87745,57.00867,63.304714,74.34839,79.38123,36.053238,42.763012,60.93123,22.895254,63.9027,60.74048,Normal
40.919197,34.51597,41.593906,52.423462,55.171013,56.647278,80.64351,31.66309,30.241665,16.49013,56.03281,22.943216,32.90538,23.46774,55.502426,37.602394,15.530633,55.731266,64.595955,28.560856,44.755993,25.20771,74.130775,66.133575,20.875952,44.426453,60.536488,56.60858,22.956785,20.391582,31.160421,59.237682,28.064014,63.388504,25.892254,24.64302,35.655857,53.335594,70.69438,23.505947,70.43079,57.427433,51.94273,74.52056,75.814735,27.186737,36.55278,60.759228,27.472506,76.93938,61.48223,Normal
50.074703,39.33581,41.173996,51.031467,57.771736,58.458076,69.0573,33.633606,29.972633,28.27169,54.07094,35.758816,34.452187,20.895657,70.349174,50.940113,23.48091,54.8918,51.539265,24.919144,48.23299,27.949999,69.08808,65.07301,18.531502,50.22996,67.118866,61.694042,26.394585,12.748968,31.235867,57.568707,21.118954,63.363388,20.680979,28.071272,34.819843,44.48102,74.80533,27.089674,71.84826,64.50041,58.539597,68.70535,71.33493,23.0126,38.70169,65.20176,19.794016,67.07878,65.58236,Normal
42.47754,37.545845,35.849194,50.486053,56.373043,60.89559,71.90691,28.547434,24.379728,24.07349,51.8884,34.822372,46.580822,28.86036,61.306477,44.14219,25.924643,56.420902,58.189365,31.825853,42.49597,28.222124,76.01539,60.63533,20.445223,55.693928,60.944828,60.759804,25.805689,18.273346,32.562267,57.089264,21.482176,68.22445,20.205421,34.297405,46.295105,55.678062,82.706764,32.39102,72.32644,65.53369,64.082,77.03127,72.437874,35.494022,35.758236,68.136475,33.34384,72.57965,61.332565,Normal
46.710655,32.73683,43.383106,48.942265,61.447968,49.608543,74.98613,21.742134,36.297436,15.718207,50.150024,35.99472,36.14887,21.292204,51.021507,50.131775,28.23729,53.189842,60.7299,24.672754,50.034393,30.448717,79.72691,64.934166,23.247465,46.608734,63.775364,68.00023,13.381559,27.43209,24.882458,62.85781,26.17972,68.56651,32.026386,31.84607,43.016716,44.377678,79.768776,25.715128,70.17118,65.350784,63.258717,80.63876,71.1633,46.485497,36.67388,69.613014,21.913889,75.85249,68.16777,Normal
43.645855,40.42056,45.64591,51.315025,51.511345,57.55491,73.10213,28.365887,35.934105,20.368073,57.26368,28.16554,47.153824,23.654184,59.6913,46.2063,21.338184,58.42735,56.04836,32.67644,43.391327,24.47948,81.3491,67.831825,29.07815,38.27241,62.379093,61.742836,20.639439,18.276972,25.361807,57.125626,24.44335,56.824387,24.150787,22.420998,33.481644,54.708057,79.507164,31.401241,80.06512,66.15253,51.932796,68.93911,68.1922,38.13892,39.695133,63.742046,9.947053,67.47634,60.6532,Normal
37.9432,34.701183,39.38052,48.17566,54.904575,59.560104,72.76903,23.86428,30.12955,23.716366,47.472965,29.262981,41.28556,23.847546,61.971363,48.70098,19.174751,68.8195,56.604893,31.040863,45.199883,18.352205,71.9767,59.826504,25.645664,52.069206,58.074898,62.83549,5.860046,22.385399,34.99249,62.40242,19.107285,67.211494,29.891167,30.914707,37.054825,55.350136,72.389595,31.318846,86.9188,61.369766,63.85766,75.0002,72.561424,41.64066,48.763054,61.135887,25.302477,76.21615,52.172264,Normal
55.352142,35.559826,34.39879,51.238556,55.01034,40.257877,77.61498,31.480421,31.569477,22.451511,56.709557,31.66203,43.026688,35.24814,52.500416,44.092636,13.3205385,61.361008,64.21786,27.181643,48.886227,23.61885,69.6958,59.562813,15.286159,52.38065,62.103283,56.44074,20.025381,31.943546,33.76578,56.58026,33.66316,67.74604,30.5713,40.1548,58.009567,53.418297,81.92638,30.225365,84.76317,56.005753,45.12529,75.524315,80.86955,26.511314,51.43742,72.32745,17.836998,77.74719,54.153904,Normal
45.234283,27.905815,34.28038,54.46073,64.42247,52.513477,72.308525,30.82464,37.00326,17.257713,57.38783,31.119545,39.052635,17.65067,55.691143,41.99067,24.544985,51.192833,57.968185,22.93637,43.479538,26.45114,75.91844,59.756893,20.275276,42.041843,69.47963,58.42519,21.204636,21.02545,33.19836,64.83686,21.29707,72.93425,25.351423,36.47909,38.16659,60.370564,78.28074,28.019485,79.18266,58.579628,61.676422,78.92537,77.57509,32.34863,33.440266,63.12946,25.466269,68.14186,61.006626,Normal
33.918316,31.347229,35.205563,55.516724,60.104733,61.00571,74.402435,28.521343,25.702515,22.242516,51.004307,32.644634,37.75982,29.853477,54.708206,46.531796,23.091496,57.050053,60.592022,25.118057,42.54209,25.402437,68.974045,59.505707,21.886662,49.243782,68.31503,63.17843,20.808556,23.269968,34.460632,55.706356,33.94916,68.56617,27.244165,30.774391,41.787697,49.9433,83.491844,26.34125,78.39111,64.14944,64.80054,77.93379,71.92728,36.507935,42.023544,66.10113,15.678768,76.47995,57.994854,Normal
42.916912,31.898481,45.194103,50.087513,53.949406,58.084846,77.39044,27.182182,38.730347,18.112637,60.797012,37.626064,33.665485,36.03936,57.423615,40.93289,14.372338,62.226955,70.23482,24.783543,49.124287,30.915493,73.06086,55.641834,25.464748,53.58117,72.45204,51.308834,25.178267,23.906935,25.813051,57.40692,30.087257,64.593445,18.442352,30.42121,40.584656,54.147224,71.8785,33.87724,70.660866,66.29379,68.76676,70.42653,73.70885,28.672491,49.996475,61.74461,30.337421,71.31377,63.31506,Normal
39.904335,34.86125,39.293926,55.124744,64.5741,43.41038,76.77859,22.829199,37.139954,25.455667,53.073143,25.493898,40.34971,31.41577,61.666615,53.622776,24.678274,53.362053,63.243286,26.833439,43.785442,23.929518,71.762505,61.12403,25.429127,42.15137,66.45511,55.48117,24.997305,31.776306,26.39099,62.791435,22.81704,75.158615,25.983307,33.97252,42.8575,57.602295,81.0735,28.065075,84.72513,65.94879,62.280895,78.03368,82.529396,41.668156,33.42716,69.24123,17.9307,81.06755,58.825474,Normal
47.944237,36.086433,43.529865,48.19145,55.287655,59.89547,74.02348,27.035425,32.14286,22.035315,53.797802,24.836119,46.289253,23.52565,61.262432,46.195343,33.686623,51.958817,63.010612,24.129957,43.552856,33.230854,74.10178,62.489513,16.359337,38.83985,60.289185,69.4494,26.653234,22.001606,35.179573,57.823082,25.255545,68.73107,26.111181,29.555817,42.102383,40.62849,81.70604,26.601395,74.916145,63.16547,59.646053,70.27523,84.94428,31.517977,39.346817,70.20912,31.169392,71.103584,63.577145,Normal
45.123234,29.709282,32.87481,58.488426,58.5677,53.92751,67.31525,27.974625,38.85548,26.41855,59.551907,30.395304,43.389263,27.172796,60.67805,45.629272,27.059269,61.377434,61.540276,30.78927,53.021946,15.973524,71.26369,52.325638,21.860754,51.27246,59.741158,53.738472,28.28842,26.524977,31.040476,63.122707,25.45959,74.599304,26.218107,33.333736,36.26439,45.269558,72.38623,24.215284,79.23391,61.721874,63.728165,73.31723,80.130714,27.096737,38.627518,70.09927,24.09912,70.87594,60.312874,Normal
37.089966,28.663029,40.670578,44.909393,52.910873,51.373188,71.82577,26.74168,34.543953,16.983154,57.244236,31.956028,40.926064,31.19092,49.448658,43.080708,28.004541,59.281303,63.337574,26.164608,42.30727,15.330877,71.29667,67.32497,17.197245,54.02497,57.669,55.0696,8.111083,24.169754,25.444044,61.349743,25.501572,62.86471,25.440678,31.128603,34.51641,51.139633,77.015884,24.499842,87.02277,68.2102,58.628002,75.50385,75.365814,30.623283,42.911743,62.476326,16.265612,78.03895,62.335262,Normal
49.17687,28.2528,35.567368,49.6324,52.341072,47.40457,67.284164,21.453033,36.068897,19.012472,60.04342,25.390549,45.256405,28.559128,58.218697,40.99437,16.687616,56.05044,63.71426,31.548735,54.583717,13.981574,75.97314,62.765347,18.29661,49.794796,57.644905,51.18606,22.454145,23.192,25.425686,59.453293,23.667053,79.87601,24.806692,30.024637,43.116467,50.739826,78.332344,25.899029,85.80335,56.710636,65.77974,78.58461,82.67439,35.045258,36.59023,67.75404,29.35211,76.10284,59.5721,Normal
37.993565,27.739487,39.000427,50.381054,48.31696,44.2722,67.544525,31.592834,35.369255,20.994354,53.362953,32.725662,41.39792,19.021002,47.524197,44.4081,13.131718,57.795155,69.50024,30.861238,49.878845,24.073444,75.77922,55.67278,15.983822,47.58203,64.23222,57.182995,24.018896,27.713535,29.040585,53.04657,23.533333,76.46025,23.96896,36.527435,32.645187,62.713314,71.932724,29.22411,78.983315,58.210808,64.314224,82.670296,77.86066,32.289665,35.94137,59.263187,17.819805,77.16602,62.387638,Normal
41.504093,30.422352,36.398735,52.998203,57.737976,48.251747,78.447945,33.06759,26.66642,15.944443,53.81531,23.354813,35.645485,30.981077,51.18105,47.47055,23.713549,53.279846,60.17035,34.458405,49.990192,28.24538,64.4599,67.33798,24.639126,58.87666,64.97787,55.327187,18.41874,17.767435,34.71651,71.86811,30.007862,64.16783,19.465824,37.16009,42.895313,43.017185,77.386986,32.006794,82.80961,66.95768,59.44675,73.16582,66.973175,35.328613,45.150036,70.79104,18.726213,71.86121,59.635487,Normal
46.05296,28.399025,44.177998,51.168137,61.686005,61.135284,71.534256,24.693264,29.790125,17.6164,56.938103,31.984247,37.28647,25.843042,48.987675,46.19033,20.983757,52.872032,62.183067,28.601646,51.500725,23.4892,64.31067,62.229156,26.855682,52.308517,59.339127,57.87585,24.447683,28.965246,27.328655,53.35428,27.688911,73.41568,23.198532,26.19508,38.863827,55.43071,83.87987,30.34832,70.10847,64.186874,52.368954,75.50673,82.484665,35.581936,41.590595,62.47003,16.911253,75.9077,67.43887,Normal
41.874287,32.01885,33.23524,54.72335,60.832844,58.178516,79.53883,29.765627,32.286423,21.41288,55.84431,29.728323,38.18182,22.15147,62.567112,44.056435,21.49984,61.27206,53.740883,29.630995,51.97766,28.143553,65.08242,51.97929,27.294142,43.380566,74.548134,61.539604,20.56334,22.382519,33.95213,60.930202,24.030855,62.070255,35.391567,36.308617,42.04756,43.351196,77.403786,33.9748,82.82866,63.808285,60.50569,75.51293,82.95628,37.12882,47.672646,73.12804,19.878614,73.20544,60.49809,Normal
46.534313,29.738033,36.001083,52.434994,57.103477,43.525917,65.58714,22.554258,26.55448,24.351639,58.916973,27.340387,36.250534,21.132402,59.62077,49.03473,17.276754,58.94772,64.34625,22.520782,51.435738,19.315931,69.545906,62.045193,22.255583,54.77536,74.042175,49.393715,29.083086,30.56727,24.746717,55.08527,21.709448,56.032276,21.90754,33.43403,34.89131,60.54846,71.88019,34.328922,70.43182,62.687687,67.05504,76.5114,74.0242,37.74066,33.74422,62.978268,27.00568,65.93181,59.017857,Normal
48.214176,36.14871,30.947598,54.14424,48.113094,55.51785,73.39786,24.780544,22.930418,27.573717,55.54068,26.647762,35.577694,28.961115,45.422638,48.745354,27.67274,55.773438,67.60827,32.270336,51.37838,18.8254,66.42495,52.269314,22.309721,52.92306,65.33234,55.207268,25.900002,30.183065,34.719254,56.547527,25.67547,62.982826,26.90135,34.05648,30.60119,55.981937,79.6097,25.160696,73.702156,63.305832,59.067963,72.80272,77.29112,33.68493,27.374134,65.051506,20.374323,74.36439,64.252655,Normal
55.51871,33.72739,32.551285,49.427795,59.77634,47.343052,76.08783,23.860092,30.119413,18.547846,58.838238,35.6178,34.740135,28.239647,51.93139,48.679592,13.885411,54.2379,65.70881,26.481089,44.480892,14.438748,82.060524,58.36234,17.396025,39.84012,55.795193,57.26544,20.890371,24.16016,26.223965,68.67416,30.34576,63.81828,28.488037,39.562378,34.183357,45.746593,82.10549,31.297039,69.959595,57.465267,55.636333,82.688255,69.25827,30.874714,24.556623,60.866096,23.624125,78.3201,69.6696,Normal
44.26992,33.60506,32.05098,52.18609,51.98096,43.0315,78.798874,23.54305,32.073673,21.864971,51.666695,24.810823,37.708694,27.438017,67.99577,41.56247,13.950854,51.041306,53.698116,24.487171,52.000835,16.745638,69.7022,68.18605,19.13714,45.684895,62.152843,66.56714,4.472297,36.880413,23.541197,62.94784,22.222347,79.846855,35.005253,35.63936,30.916613,51.36471,79.68253,37.941677,80.828224,60.213932,48.480072,73.59573,73.567696,34.550346,42.017582,66.786316,20.63751,75.017944,62.173836,Normal
43.27315,27.715117,37.74083,51.950195,65.276184,57.460403,77.183334,30.909885,28.083887,28.024925,48.52433,32.87465,36.282665,20.100975,44.19722,49.493763,27.553213,53.115757,57.59867,23.570717,51.18091,20.804932,65.13674,52.250782,16.514757,62.214725,60.016766,62.219364,18.3913,31.389158,28.080795,62.422543,21.643251,64.555916,25.78664,33.189644,34.702644,51.743023,79.85222,29.283785,76.01236,56.392254,64.79368,82.85612,74.05238,32.26736,47.188614,65.6222,21.033262,79.00676,58.353184,Normal
50.345585,36.44152,33.907932,51.149498,63.973938,49.79978,70.08233,30.491503,33.85027,27.200987,53.315414,31.2955,44.99269,23.01046,64.34698,51.418102,24.073587,52.79902,53.002785,30.384365,47.18806,28.448345,66.603645,53.907444,24.826809,43.757923,68.84177,58.060753,30.56144,21.480211,33.673313,67.80393,24.313046,76.56951,23.483364,31.796015,33.65665,47.732563,77.51188,35.819706,74.919464,58.503105,60.720352,69.96061,76.99886,26.493528,41.024124,70.65673,34.725815,78.63025,63.458138,Normal
36.311714,28.123629,38.988556,53.981533,61.640587,51.710365,71.96058,27.339184,33.96573,18.270025,55.013474,28.518993,35.570538,28.809605,59.11806,48.41299,14.536901,46.394028,55.73145,32.69924,41.010006,32.42631,70.2658,61.198063,24.051588,45.513138,69.16856,59.56494,24.345058,25.561657,25.676468,67.38815,25.48269,72.77994,19.957169,30.556057,49.560562,54.214996,76.3688,32.26692,72.02489,66.658325,59.82857,73.72842,72.32306,36.573956,30.870325,64.862564,15.555994,79.75453,57.95877,Normal
49.466103,28.955513,34.471706,52.46064,47.543114,38.96731,80.71061,22.759172,26.740183,25.861511,58.293373,27.047998,45.1528,25.97524,58.55655,42.062756,17.517813,58.018543,61.46065,34.435493,50.605286,21.251179,69.377945,61.789284,28.607523,41.991047,68.40347,50.36376,19.723375,23.358212,27.062714,67.58896,30.793772,69.483635,24.640356,30.900583,39.578133,46.281574,74.42457,28.790274,75.5623,65.91991,57.302917,75.37934,75.81888,34.17245,33.4932,72.07876,20.326166,64.39843,66.52071,Normal
48.34855,26.788836,40.028244,53.768494,54.787273,51.7186,78.900635,24.101156,36.32083,20.781017,59.408707,36.242702,43.54415,26.587063,53.536312,47.78918,16.762403,46.99107,65.34774,30.844994,50.573296,13.881684,71.75608,56.986523,24.903673,48.551575,60.570988,53.604702,30.197258,19.405724,26.41907,53.883244,32.565323,67.91493,27.02122,29.636436,37.315624,44.740757,79.95097,32.41606,69.596504,66.12311,56.889748,77.49577,83.43297,43.615013,27.7329,67.94715,15.982093,78.98623,58.05453,Normal
42.90473,33.52269,40.420773,40.82734,49.410526,56.564133,79.20817,24.653166,27.635174,27.460526,51.603703,29.241302,38.03738,20.807222,52.683533,42.94918,20.514277,52.307194,57.15355,21.17789,50.93523,17.203484,81.73089,61.52515,22.74391,48.957634,65.162285,58.335873,17.292116,23.792969,25.915018,64.93881,23.3574,74.82353,27.734062,30.915115,44.84138,51.872364,76.78202,26.47776,75.95119,65.55693,69.068214,84.72038,73.309975,31.899878,29.374912,67.76458,25.071272,72.25458,66.83117,Normal
53.749172,32.7713,31.253864,35.7811,56.143974,67.12283,76.52675,29.040207,37.75138,22.622528,57.249195,31.598213,40.402184,33.29558,62.734756,46.647324,35.383686,53.289463,67.40437,26.980963,50.421963,22.936852,70.798836,57.80948,27.551094,44.19671,68.254524,51.316998,26.016056,25.009796,29.734783,53.27416,28.947796,61.166004,32.97633,27.200607,42.349308,46.845905,75.12538,34.328472,79.65335,59.074768,61.55411,73.62183,78.85429,43.11061,49.024467,63.376896,26.719156,74.36456,54.603683,Normal
46.17935,31.586794,31.64218,56.23482,57.414066,54.45977,80.96955,29.610703,27.928764,18.118357,49.339912,33.20909,44.06842,23.565424,54.281837,44.96325,25.971972,59.40095,63.43714,26.624542,48.11308,16.408056,71.52806,70.369675,23.3674,52.53175,60.175026,60.11224,28.665623,22.839235,23.949495,54.994915,26.38995,80.55818,25.56411,27.429003,41.782036,51.705696,82.24972,34.925076,88.00171,62.21512,62.117115,83.80746,85.00936,35.530563,31.97774,72.09945,28.327667,73.019295,73.97334,Normal
46.148098,39.00838,32.411003,48.53267,56.38333,55.85599,74.4914,23.213186,32.078335,19.196428,51.46078,33.934772,39.366623,23.703815,51.851772,50.27894,22.469595,47.6364,64.148254,22.839666,43.11582,31.500763,75.61455,67.32477,22.693178,53.570763,71.54192,69.34868,20.626875,19.885315,28.75413,59.537895,30.272087,60.564766,26.894825,29.936068,43.99388,54.06525,82.07966,29.257954,73.98368,57.771626,60.68713,71.00271,73.684,29.930208,42.419285,67.99895,18.777992,75.38004,62.377205,Normal
58.546276,30.357447,34.540665,50.788258,50.494663,53.477257,68.286156,32.59218,36.476833,22.39253,55.534885,25.743431,42.312916,20.792452,57.355602,41.45331,31.205051,58.82044,64.26654,26.752512,51.281048,32.618896,76.06406,58.96469,20.526068,40.643898,54.63517,51.93413,18.193703,37.6227,30.596535,60.23697,25.264927,73.05126,28.171919,26.683819,27.156124,54.861786,77.5367,23.882542,82.61791,61.98301,60.37931,75.21313,72.012794,29.087942,34.7121,72.322914,18.464321,70.51295,59.233498,Normal
39.561085,27.206242,44.62393,44.920647,56.99911,45.167538,72.64286,30.135958,25.86005,17.549818,52.02737,32.8142,39.805485,19.671768,59.966022,44.014683,22.659037,50.741234,61.93344,33.84951,53.495045,13.178884,76.68655,58.307186,17.609451,47.917023,63.176357,53.49153,16.245085,26.13225,28.72947,62.250473,25.937958,72.660774,25.906223,27.376163,38.568623,63.471855,80.85633,23.776478,81.180176,57.53659,69.08054,75.43576,72.66515,35.92004,32.50033,66.53731,24.194344,74.9082,60.90286,Normal
44.942333,37.147003,39.05754,56.484028,43.5481,42.96404,74.85035,32.382736,34.4242,21.621769,61.03072,39.370487,40.601437,22.084024,55.69011,40.32394,17.752811,58.148647,57.523643,29.756498,46.346188,34.129723,75.72406,61.631645,17.121717,47.420593,66.9959,52.35225,10.430612,18.546894,34.103645,55.842182,20.188416,68.274734,18.058311,30.149784,32.12307,56.710182,77.28625,31.680672,73.296524,65.50913,62.9134,86.094505,80.11712,36.852776,28.726774,71.37191,20.262274,73.24281,67.6557,Normal
43.222027,25.996735,37.27953,53.19133,62.752766,47.25458,79.98632,29.913763,30.259491,22.359602,51.13545,32.56615,45.74848,32.409187,56.39933,52.076843,15.141058,56.257782,62.646698,31.40769,43.57918,24.88676,82.2193,57.666615,21.736835,47.003166,66.72587,58.85195,17.360868,24.90814,30.343174,51.379898,29.020683,61.894547,29.86773,29.828337,34.783504,57.522537,84.802605,33.231197,83.916275,64.7838,64.33463,69.39375,78.600235,22.108515,39.917778,68.102,27.270031,76.15469,59.981735,Normal
29.570547,27.998735,39.824123,40.561726,63.497734,54.46541,78.44664,21.868488,34.54938,16.714338,57.559174,35.32041,35.786205,26.002922,63.35249,43.131638,30.645416,58.902927,67.10565,33.181957,48.402424,11.559336,71.15845,58.78301,19.822046,41.77658,67.9249,53.5547,27.60383,16.457321,27.16376,62.330376,28.667137,64.93615,26.808811,23.655201,42.54451,48.84794,76.80905,30.089691,78.30153,66.6787,61.743454,80.71642,72.769394,32.38345,49.771595,63.133,20.790302,74.55913,57.023827,Normal
51.885807,34.981743,36.731094,47.583603,62.277264,56.095547,79.81245,31.400066,32.53934,25.485775,56.24271,33.764942,42.753296,35.79074,68.80481,49.491764,30.519691,60.157913,61.755486,31.447214,45.8409,19.942509,69.62907,59.467,19.382544,38.957317,64.77488,65.54071,18.548014,24.049507,26.235344,73.28732,27.908844,71.955215,32.696087,32.552513,37.830143,49.0276,81.594826,30.448177,82.993385,56.53651,52.822388,74.9844,78.6269,31.984465,32.380768,72.40551,22.37568,66.72497,60.569225,Normal
35.519146,29.83227,37.14058,42.069283,55.942665,65.7859,75.88314,28.08131,29.992437,27.130013,61.44888,23.55777,35.207817,31.62572,59.52256,45.783573,26.868196,53.77952,56.46764,20.676407,40.871895,27.038057,74.949425,53.510895,22.377823,52.656208,70.21124,49.318584,34.367317,22.963911,34.371128,71.53252,26.848146,65.85943,34.965626,38.461628,39.576508,52.905834,82.79698,25.603443,77.9179,63.374454,62.17403,74.51411,79.55241,22.061556,43.47927,68.74048,8.202448,80.27354,60.838276,Normal
42.90568,25.575768,40.938652,51.525146,49.61099,61.164818,73.87973,33.58285,28.062872,24.952604,53.148846,28.160435,36.345695,26.622038,51.83757,43.332203,12.1436405,49.919884,69.870636,31.895737,42.931988,25.493362,73.011856,56.809795,27.51938,45.26099,63.8138,62.260128,23.365633,27.528818,24.67638,59.952183,23.240047,75.77918,31.693853,23.383293,38.241493,44.046032,72.72787,26.994219,68.990204,59.196262,58.744194,76.97739,63.908646,32.850998,49.25916,67.23451,31.386137,76.50982,66.66864,Normal
29.95405,34.389145,44.58239,53.583904,58.949398,47.15172,83.209885,23.274185,38.44044,22.192738,58.62411,32.324646,42.649845,26.062614,50.355793,44.589916,12.6514015,49.248577,63.614746,24.836323,50.36908,17.730625,72.41981,61.733246,24.406723,45.312637,61.24098,53.395546,14.606432,16.50657,25.139788,67.33807,32.37459,71.66772,22.328165,25.422396,35.94102,59.645504,74.40859,26.795862,83.755516,63.289387,52.905468,82.95132,75.21367,27.446346,40.517467,68.09073,26.404556,77.38721,64.646866,Normal
44.259647,35.004826,33.8819,54.42791,47.657497,41.952423,68.4126,27.47973,32.585274,24.59216,52.635616,36.47045,41.48919,22.533428,64.9943,52.22683,27.599201,56.378437,51.005333,25.982647,44.41274,20.331984,72.37076,58.3211,24.930641,49.28705,60.093807,56.871723,9.334435,20.241749,32.087406,60.30143,19.378443,65.08781,21.822998,31.83741,45.074974,54.969727,82.437706,26.698442,78.91721,59.71559,60.1712,67.32541,78.955475,39.890446,40.117615,61.560745,18.887724,68.68507,51.53097,Normal
48.95215,28.862524,34.059998,45.811718,59.301865,49.400555,77.222694,32.620663,29.80334,27.47828,51.827194,28.99691,38.13726,28.910517,54.558792,45.786674,10.151934,56.414066,57.59266,25.492449,51.191143,24.440239,73.90185,57.067192,18.663174,46.940308,61.826687,63.650963,28.973715,20.738565,26.363434,64.134514,31.477385,74.68396,23.79053,23.246376,45.096375,54.730915,80.74346,24.980907,81.3789,69.261566,60.10261,73.755684,77.59454,28.834267,37.83533,67.87711,20.491589,70.87078,64.725266,Normal
42.076286,28.68572,33.997845,53.454063,58.100864,50.06597,72.1417,26.151276,26.04873,19.013166,55.008614,22.632492,40.72502,23.798681,57.42918,48.64941,23.820524,50.478516,67.69461,33.901955,49.254658,29.806211,76.70145,67.104515,19.68961,53.72002,58.01866,55.1876,18.245615,29.35109,24.454597,61.59634,21.597038,76.65437,20.740807,25.981127,57.313217,49.308395,83.49344,30.164865,81.07597,57.386787,54.75237,83.34868,82.01123,34.72843,37.44235,68.153984,25.517445,73.8647,70.77527,Normal
49.47179,28.109766,31.820044,46.33884,56.67779,58.577934,81.93309,22.8611,37.36676,25.925598,60.05689,21.316158,42.304966,29.118416,59.81011,50.973427,27.0801,59.965664,61.413883,23.452744,51.239117,24.363148,82.684135,62.681637,31.25624,56.38974,69.24249,57.489326,26.649893,25.515682,26.998354,57.131695,29.254343,71.47398,22.112179,32.67001,37.722763,55.72301,72.44429,33.0742,80.72421,66.06819,50.62913,77.52055,74.88418,36.440746,40.50247,62.088223,25.326664,73.48264,69.63742,Normal
41.660923,30.722708,32.977745,50.223595,72.99166,57.65366,83.82682,23.06072,34.667538,24.024246,59.85922,36.05369,46.73439,31.69844,62.472115,49.784023,32.247192,52.766224,61.616688,30.841812,44.248768,24.04254,66.29827,62.68341,13.414565,48.84897,63.933155,54.065964,27.560461,13.0328455,24.15855,61.281235,30.788685,76.22686,26.740826,28.663887,34.532295,51.99401,82.00356,20.56413,81.791855,66.937,66.81947,74.74679,83.97046,34.20292,35.26517,66.460526,19.77579,67.6776,62.82127,Normal
46.95521,31.297945,42.98597,57.62247,61.395695,48.091583,77.37007,35.31101,24.631573,27.736223,49.67298,30.069582,32.053825,21.091673,62.324295,42.64627,26.98662,49.906536,63.894028,31.234879,50.989285,19.370285,77.2996,60.390438,17.382978,49.22711,67.66122,59.06332,9.730267,28.039026,23.452736,63.523468,19.363556,72.74035,24.245298,24.534554,37.150223,56.682728,76.002594,26.869366,82.82158,59.873936,56.47396,78.493355,77.36003,43.154724,37.33386,66.67747,29.46763,67.88734,64.14453,Normal
41.787285,23.692244,37.853508,50.468582,61.42893,61.156506,72.11786,30.848867,26.40262,15.515546,48.084206,24.595625,34.65188,18.835377,53.11109,47.16215,26.856499,50.408432,67.31849,29.833252,48.085938,28.26498,80.0743,59.84792,24.87338,54.375286,61.90157,64.066986,25.30875,27.352781,29.541206,61.601593,24.279959,58.265083,29.103157,32.82267,32.375008,52.065666,79.52182,34.01915,85.994705,56.58028,64.67815,74.70485,78.65663,33.60459,46.547886,63.64136,26.460234,78.33245,60.994747,Normal
48.13542,33.471653,30.761663,53.309807,51.119354,53.477287,75.17387,25.72612,27.28068,19.170109,55.09422,37.23431,39.557575,23.813675,60.506393,45.948647,15.97352,51.712288,65.85145,33.009716,43.9008,25.262411,64.82989,64.11169,29.512247,50.071907,67.300415,60.612373,19.105751,18.29767,24.480389,56.325443,30.85723,70.68211,32.26377,26.453358,36.960648,48.922657,69.26299,24.768059,78.51133,57.159504,64.08191,77.63919,80.342606,38.543663,45.495155,63.665833,17.712772,70.137314,63.11129,Normal
39.316402,33.48919,39.110588,43.135983,57.50422,50.739033,70.12078,24.509098,41.77722,20.332228,58.75968,29.186935,38.742004,28.03638,51.687393,53.0143,9.814708,51.09965,66.79452,28.353024,41.47514,19.175154,68.08764,63.592735,26.631687,41.116886,71.33013,57.889904,23.916216,32.76248,23.021008,67.38812,17.630913,78.63818,27.04003,38.695072,30.994198,45.471146,78.86843,30.92901,79.21325,66.77992,62.098606,71.476746,75.18181,37.811554,43.999744,70.2056,17.76714,76.74954,58.588448,Normal
29.281578,34.04075,42.944042,53.70734,44.32413,41.903954,76.09072,28.904469,36.624523,26.721302,51.75472,32.830936,47.341625,23.400814,64.24984,47.726902,28.804842,51.714745,58.364666,31.491861,42.53685,30.509708,74.2164,57.18309,20.088417,44.637264,60.95819,59.448196,24.133818,31.578077,31.151669,58.634804,23.398397,57.226963,29.717167,26.447645,48.274708,46.497402,81.43739,29.779428,72.32992,67.66831,49.092274,75.20504,79.85889,41.962917,36.170776,61.89741,19.240294,77.79966,59.056057,Normal
52.51206,30.226868,32.64859,50.948696,62.198196,50.95952,78.399994,31.131296,28.63877,23.014395,48.237366,26.391802,40.127617,23.940676,64.33351,49.626186,30.46198,58.83517,57.099686,23.872084,50.93316,26.359972,71.4998,57.93725,27.425718,41.40002,66.42465,63.17416,21.318064,26.981632,27.11145,66.57485,31.200361,78.76949,25.927229,30.06809,39.697983,48.839844,81.547585,25.539072,66.86109,65.29614,63.970936,74.6687,68.99077,33.7742,36.609196,61.48128,18.187723,80.87406,64.31069,Normal
47.99959,38.790695,36.219704,56.675396,60.274326,56.662308,81.54504,31.972153,29.662178,21.126308,60.587315,37.972313,44.019894,29.34258,54.98612,51.161835,23.121778,61.95983,66.4512,28.089382,49.47688,27.331024,73.0113,55.582417,20.307302,51.89473,59.882896,55.822483,18.688189,30.167826,28.677258,58.896755,30.74144,71.19187,25.254723,37.214874,48.596813,60.37995,81.49981,30.791468,74.02237,56.834976,53.51567,70.144966,81.17151,33.02251,31.502102,62.488934,12.409206,69.659,58.665245,Normal
42.989857,35.961742,44.976097,53.47525,52.223866,46.52151,73.74042,32.869686,26.943806,15.651889,55.99819,34.982994,39.321033,28.019289,57.06263,54.805523,28.271412,48.776463,62.31073,30.556664,52.05682,14.021374,57.775402,62.595695,19.304615,35.8591,63.707443,58.68975,27.961716,27.276022,33.582207,59.141987,23.04621,66.16824,27.28137,37.20832,37.242718,46.921738,81.35391,29.711006,76.46828,58.840046,54.015625,72.651665,76.61924,34.48085,32.94066,63.721325,24.44698,76.81938,69.91038,Normal
32.819298,36.770542,39.899113,59.517426,52.33008,55.217773,83.451195,29.499657,29.227222,20.944588,49.61981,24.228971,44.141834,26.253408,60.39201,43.40437,18.585793,51.37297,62.63678,31.532309,47.15325,18.293518,68.35698,60.67837,26.49492,40.536148,57.97035,57.850136,11.990566,24.186409,30.093388,60.90248,29.028364,68.05781,16.079271,32.973454,39.575626,51.97253,73.02632,27.592337,63.28217,59.411575,65.110306,72.507416,77.36183,37.30537,40.26708,67.24283,20.629465,65.27238,70.277,Normal
46.581776,25.737871,35.590183,54.915173,60.917618,49.453728,75.15206,31.696003,34.226093,16.257385,53.034233,31.5106,35.558224,17.727411,56.21547,51.189423,24.722385,49.605755,64.29709,29.02984,44.99634,22.438013,67.54658,67.27565,16.384922,47.150593,63.019592,61.39457,19.354448,28.243765,25.724512,59.174305,26.79788,71.69851,28.788383,37.165848,39.3092,46.74331,83.080345,27.851109,79.4029,55.904613,60.732834,75.765656,75.3087,33.972668,51.148407,68.645325,15.904775,76.43303,51.737034,Normal
46.51776,33.842133,37.741856,56.594418,55.63646,53.160763,77.36374,24.990313,28.43028,18.829609,55.71356,39.21668,39.885468,21.347181,62.56626,47.73278,24.258041,51.930763,61.137268,33.567303,41.85687,27.438442,74.9975,62.369793,30.130863,51.01946,68.53912,57.743595,15.425685,24.115236,24.750929,61.34687,29.081043,78.16363,25.639635,33.63714,41.719303,58.835613,78.22268,27.931139,72.23581,56.212322,59.240864,69.98549,80.24439,34.77826,45.722046,67.05549,20.0804,74.61269,61.629917,Normal
28.76273,36.067024,40.63298,48.855576,56.854378,40.76609,74.69297,31.554062,27.394207,26.380192,61.141285,27.515217,39.597023,23.3456,66.38449,53.18615,30.238663,58.84204,64.77734,22.044374,43.36738,17.210838,76.24852,56.93094,25.867357,45.94497,61.633255,57.358948,16.852005,26.152674,34.493004,59.9925,28.62979,56.657654,21.290174,39.438072,43.554398,45.328884,80.58598,32.34995,75.43935,58.27705,60.625084,75.17651,73.28875,37.759926,30.445698,68.33054,29.579342,78.50919,61.480957,Normal
46.711323,39.591263,36.01675,44.47318,59.269756,50.524685,73.77075,27.098394,30.424297,24.556852,60.602806,29.131527,39.406586,18.61931,57.00979,39.348835,25.3186,49.401184,49.672672,24.399162,49.85073,15.732759,62.5585,62.287807,21.458786,49.429497,52.66943,55.717724,38.156933,19.590946,28.291512,54.608543,21.951645,67.759186,28.632893,25.404774,44.388824,49.27981,78.904305,31.968266,75.22924,59.709053,57.007698,70.73036,79.20952,27.686123,36.840847,66.88377,32.44671,74.12491,60.752888,Normal
44.682785,35.979946,31.183792,40.41284,48.50408,51.22954,77.91963,26.925135,33.05269,18.850882,52.16233,24.242441,35.780903,23.93971,55.112675,44.214,17.632086,52.833645,52.54388,34.594532,45.351604,35.846233,65.20373,61.081745,28.047096,42.77876,56.729637,62.324127,25.22457,24.897755,25.57611,48.118675,24.999212,62.803085,28.880194,27.6867,40.18619,55.514145,77.737465,27.53902,80.1562,66.01018,59.321697,81.52746,80.02463,34.09659,32.5338,65.461075,19.883085,68.70205,65.03675,Normal
30.127821,38.031586,38.21511,47.51886,56.09956,56.95935,75.21768,29.627714,25.472359,12.046349,60.179596,31.079296,35.711952,28.84563,55.13721,50.435764,22.200064,53.31913,64.87113,27.647213,47.385494,20.274496,73.75421,59.917118,15.732855,44.115597,65.20869,51.063953,17.47513,19.523367,33.47702,58.244156,26.797134,62.857574,29.251762,38.32978,46.11713,46.541523,81.135086,25.145445,83.03475,58.492516,56.221287,74.297585,77.18418,38.934338,38.385136,68.92867,24.29605,78.79053,64.666374,Normal
47.660805,31.113964,33.907166,55.172905,58.13533,41.16261,74.99296,29.654568,38.312775,21.507385,52.404884,32.26812,42.56109,18.189068,60.44615,42.411987,22.42922,53.79718,61.22944,23.321695,46.18853,18.830196,78.33314,60.368195,31.20232,42.381794,65.46557,56.92627,15.768383,22.33145,30.145878,63.61814,19.215374,69.18556,28.863579,27.97556,38.23952,52.58306,81.844505,22.938524,74.92932,58.813694,60.975525,81.190346,70.678276,41.912315,28.528168,66.866974,29.359426,68.92066,71.12907,Normal
46.390068,37.46003,39.436237,46.073,60.21491,52.09322,83.41985,30.290401,26.651896,16.24741,56.584396,30.238256,40.524624,23.063932,62.58437,50.455727,19.051449,50.917843,61.944374,26.80733,46.9871,29.448322,77.417755,62.96624,21.05219,39.8892,60.71449,60.12724,20.276924,14.521624,24.6759,69.054306,29.195822,71.06598,22.965033,26.141956,37.89703,53.720413,77.612404,32.815784,74.26723,59.073906,49.615643,81.61278,79.48736,32.146023,42.552895,69.53713,22.632381,74.761024,64.27119,Normal
46.078262,36.998825,36.54383,51.001907,58.52897,52.550648,74.26967,23.058868,37.490345,15.693064,57.85931,31.01075,40.763588,31.937122,48.102295,51.239967,24.493294,58.04922,58.79727,21.974922,44.406677,23.30618,76.25968,56.133163,21.629301,50.968815,65.28049,60.88814,22.042864,11.908033,25.368845,68.91383,28.68436,64.44523,31.70125,33.207523,29.800014,52.34085,81.753716,33.813473,76.531204,61.022743,52.646713,81.93797,70.17908,26.435495,36.0334,64.16914,23.913391,75.456924,63.585175,Normal
37.220688,31.914106,39.12752,49.46499,60.223362,67.04312,72.00545,21.011547,29.383297,17.69022,58.917583,24.03408,36.695934,21.456446,43.96423,48.126175,27.07291,56.020695,59.509785,27.872992,48.97865,21.142603,68.077835,65.174934,17.976904,42.472343,64.196945,52.179363,25.046606,30.011738,26.53766,59.60119,20.343199,62.506386,23.807112,32.323017,45.01365,51.339752,81.03909,24.977816,81.9708,64.200905,65.57242,71.90007,76.7549,30.632702,45.97919,62.854595,14.983301,67.486496,51.64182,Normal
53.63789,36.156303,35.452587,49.850613,54.593853,53.115326,80.31557,23.429295,32.91638,14.284977,51.51854,22.876717,43.66986,29.806906,51.961933,48.753258,20.80085,57.013866,64.28352,31.399187,43.215736,30.710495,71.34492,54.99934,27.600935,50.365925,60.742428,65.77036,13.366818,29.992828,23.968887,52.873013,25.96291,63.723877,30.663956,30.895943,41.297485,50.38901,75.44075,27.976961,85.51464,66.71199,52.333862,83.21242,86.188446,31.217157,28.613722,62.43694,30.080755,69.867615,52.845104,Normal
49.923023,37.735573,39.11044,51.512894,51.490913,46.17158,70.88411,21.504902,35.82321,20.997105,51.04751,29.916174,40.63388,25.151625,57.20708,53.604378,17.39188,51.174446,68.27165,28.671253,52.15848,12.942338,73.3853,61.426796,18.530611,48.634834,65.55781,64.61343,15.065125,25.310682,32.671124,61.92276,23.7322,63.496452,28.498112,22.993868,39.610374,48.358337,85.43914,31.038445,74.7954,59.180584,60.884663,75.66987,74.30551,49.240356,50.027924,68.221054,23.774416,72.59071,61.268833,Normal
40.408867,30.217268,37.732162,54.70637,51.280396,52.063046,78.07024,24.383919,31.95619,22.719198,56.988235,30.888056,37.423615,34.918175,56.8604,54.0746,18.815065,59.67757,61.101425,24.515133,51.717167,27.430458,81.01217,62.549618,13.757667,39.26082,58.122925,57.698597,10.296332,21.804121,33.18579,57.93239,30.62171,69.91679,16.57329,32.398407,43.670765,48.13868,71.45874,22.082743,80.489075,69.80681,61.946423,71.84423,81.27016,40.072315,35.24192,72.007904,21.740595,71.627716,51.72128,Normal
34.29791,33.368366,42.172733,52.595486,60.781147,52.73971,75.17533,23.496714,27.739477,27.68964,61.979538,27.073986,38.519054,25.453035,59.898952,41.45797,30.838547,54.667923,62.194633,32.111217,42.44961,29.818518,81.89773,56.853146,25.193264,54.597103,58.655525,52.536407,4.1980042,34.20153,34.99325,59.808037,23.751162,68.30457,25.054106,32.694378,35.669178,61.6363,79.71961,28.985931,65.39061,65.42108,47.53389,71.109604,74.406265,30.734776,29.37994,65.79406,28.572723,72.37477,60.29947,Normal
43.023613,35.114754,43.876305,47.59105,55.147606,41.376457,77.68988,27.6352,35.32938,21.115953,51.25137,29.100069,41.257412,24.133059,65.19114,52.23555,22.15494,59.900303,69.49689,30.051046,42.805546,22.9191,64.287636,59.805378,15.525568,38.776913,64.206665,56.033726,13.763945,24.593658,31.518818,58.090664,26.343,62.051685,26.27684,27.164661,44.364117,36.557007,83.69712,29.377934,66.230896,66.49519,55.29923,80.78573,72.05646,34.285122,44.519085,62.62701,30.648369,78.033714,59.474285,Normal
44.15412,37.179554,38.252575,60.397312,53.370308,38.793106,69.38952,30.686258,26.220705,21.444468,56.352604,35.132473,43.53421,23.886488,61.205242,47.648483,31.694252,58.811333,53.97785,25.604044,50.499023,29.952223,71.46203,49.97587,24.254309,57.160557,65.39446,56.432213,23.975292,28.540207,28.24662,62.54669,25.094175,71.26483,32.149105,36.385956,40.394386,41.341053,76.5534,24.850994,84.12615,60.08999,45.325592,76.01467,71.53079,38.16065,40.667576,61.555725,26.185873,76.03872,66.47447,Normal
34.29215,33.850407,34.28077,55.683735,53.686188,43.428154,81.95573,31.549395,29.215029,15.041826,51.838104,24.191603,42.510025,30.49335,50.318863,45.242527,28.964987,54.23944,64.80613,34.150616,46.586662,21.31422,73.746704,59.901794,30.115278,49.88979,56.79532,57.54627,26.60193,18.423702,25.38914,69.16795,27.806557,67.60584,19.177309,19.539297,38.16775,55.21462,81.19841,32.563942,80.04671,59.70836,60.84621,77.54237,78.62454,36.263863,27.99018,73.72648,26.32376,71.20279,69.97189,Normal
49.961708,28.181458,38.097168,49.22166,56.441124,51.39811,72.411415,25.094975,29.97367,17.162157,59.22483,30.275915,37.561253,19.929178,51.68699,45.637978,18.380587,56.89586,54.713657,28.814697,42.491917,30.207108,71.57335,65.66222,15.935388,51.995625,61.34218,50.433846,18.876682,28.634811,26.532959,66.08567,19.839643,63.507153,31.960077,41.17286,42.054737,46.875698,84.713066,33.80384,70.57963,61.10326,64.174416,79.99433,77.38977,38.802395,48.02471,65.67807,17.471277,66.2988,58.753872,Normal
44.16646,39.771294,31.896637,53.414093,53.133663,44.74861,72.04324,26.47489,29.57956,22.789135,49.07961,33.248806,35.579514,25.830788,61.43149,42.196938,27.68973,61.48358,56.975964,24.277296,51.446133,21.200178,70.00638,56.161533,19.50447,50.60194,64.8992,58.44858,24.17317,12.99363,24.454607,66.52772,19.595543,73.99518,21.152533,25.097044,39.84517,55.951653,73.07466,32.6687,85.81796,64.63278,56.73078,72.72668,78.88942,37.498425,32.650978,69.7672,23.037102,67.947685,69.41894,Normal
43.390125,32.074272,40.47306,40.331867,58.646442,52.90201,67.78173,30.405632,34.768173,23.03996,59.889023,38.3656,33.417213,23.828312,55.834965,53.32545,26.271944,61.19368,70.349724,23.733238,46.74147,23.17037,66.18933,55.035294,18.027514,57.260967,58.36501,54.732014,23.565147,20.3239,36.63156,51.169502,22.745224,71.11343,30.924713,34.252148,35.65203,55.00064,77.26066,27.572943,76.42325,59.406013,58.779617,75.95233,77.958145,50.864616,39.33672,71.65713,22.752472,69.50588,64.12859,Normal
41.8903,31.795141,34.75862,45.971508,57.235046,48.351345,74.55612,23.452026,26.061707,14.086006,59.88306,31.034172,46.70635,31.561092,58.217564,42.852997,18.021719,57.61007,68.11204,32.234867,47.960117,22.396385,71.93858,57.992664,18.708725,51.521694,66.99873,55.71075,23.405165,31.739555,29.725794,60.020744,22.943455,69.81768,30.952665,34.756493,38.937767,55.098717,82.51382,26.481274,81.16178,61.50261,46.472424,77.23873,83.6535,33.042404,45.528572,72.695885,21.266855,76.3805,61.10632,Normal
39.869606,38.644627,43.197853,42.38,62.880527,48.813736,83.60311,34.243282,34.086597,27.117422,59.84612,26.487078,40.47061,23.743938,62.172825,38.739544,22.024912,61.173244,68.10616,31.828299,42.07151,19.53954,68.8221,55.800755,26.303139,48.64748,56.268818,54.76798,31.167383,24.76418,36.04112,71.59639,29.539343,74.703415,26.28624,31.432108,51.544613,50.924114,84.56138,26.393196,80.09995,54.91156,61.77481,66.20519,81.9428,29.431444,40.494125,65.37817,12.426435,71.048584,65.88804,Normal
52.86775,32.37263,37.000435,49.645237,61.98887,54.982723,70.04786,30.788763,30.110903,28.516342,48.98455,35.38401,35.14016,22.395098,46.267437,49.830746,24.155489,56.299404,55.15116,26.060158,51.93391,20.959948,74.870735,57.713013,18.778997,50.898487,61.536125,61.852898,24.178179,25.445469,29.710115,60.929375,22.097872,60.778305,26.520418,28.848959,34.33897,56.71686,74.91026,23.259436,81.139015,57.928806,57.402428,83.42982,79.22235,28.105433,40.822712,64.85323,20.183636,75.66534,62.424473,Normal
37.496956,38.13484,42.089855,53.35662,56.486866,56.034748,71.73053,25.743784,31.452345,26.128502,53.89264,23.259325,49.646618,23.1464,55.552467,43.40295,11.537736,59.19344,58.93228,31.531408,42.458164,25.626991,85.48831,68.14157,30.891579,37.509632,65.79909,62.490604,25.855742,22.941084,23.47387,54.8957,21.31239,69.92542,18.250216,34.382286,34.968918,46.67196,79.44686,31.046827,82.6404,63.26094,60.670197,72.614174,76.85925,35.96836,42.934505,62.812847,21.50858,68.720985,54.48918,Normal
53.861244,33.667988,34.010067,64.09132,57.884094,54.664936,81.16628,33.624382,26.732689,18.854885,59.003307,30.70714,41.88689,35.375504,51.776375,53.71584,21.247593,62.44484,68.935074,27.509874,46.170273,24.186382,76.914536,61.423866,16.469707,50.529457,63.17201,53.017536,22.988544,37.664944,29.233234,59.47091,31.344702,73.32545,26.156422,32.63815,46.47943,63.481037,83.70642,30.804842,71.74279,57.63479,53.45596,76.461464,76.516685,33.72636,36.31731,60.25881,20.430494,69.908005,58.92769,Normal
39.316402,33.48919,39.110588,43.135983,57.50422,50.739033,70.12078,24.509098,41.77722,20.332228,58.75968,29.186935,38.742004,28.03638,51.687393,53.0143,9.814708,51.09965,66.79452,28.353024,41.47514,19.175154,68.08764,63.592735,26.631687,41.116886,71.33013,57.889904,23.916216,32.76248,23.021008,67.38812,17.630913,78.63818,27.04003,38.695072,30.994198,45.471146,78.86843,30.92901,79.21325,66.77992,62.098606,71.476746,75.18181,37.811554,43.999744,70.2056,17.76714,76.74954,58.588448,Normal
42.437954,37.77945,35.331955,60.393055,50.842648,48.48884,75.8658,31.877691,26.467398,13.1417265,55.5562,30.294983,46.36053,24.83034,47.15447,46.15314,23.50718,58.380985,53.571186,25.061491,42.58011,24.008137,69.70229,63.72175,23.071491,48.656254,59.14396,53.25454,22.060722,22.896769,25.727968,59.98224,21.114405,69.14032,17.515635,26.249044,39.88383,48.102943,75.2461,29.634169,75.82602,66.220505,47.771038,80.787865,79.78648,31.77918,31.260387,61.370472,20.411274,76.97469,60.77519,Normal
49.837746,34.244938,42.764576,50.579895,63.09537,50.198387,74.14242,23.568102,32.894566,12.075192,50.065197,29.093407,42.563126,22.911636,60.397133,49.84397,19.035635,55.31201,65.54104,24.817331,51.665573,26.185059,75.26532,56.98062,19.138159,40.869385,69.44105,60.739143,22.707067,18.769094,30.164858,63.71536,24.470327,64.977974,29.28343,27.578625,45.38808,50.98377,84.69217,33.260532,81.80905,60.561275,62.989937,69.26159,77.89733,30.790913,42.947613,69.69796,23.716774,77.49821,71.67237,Normal
40.51849,28.407589,39.677124,52.284603,54.021378,53.769413,76.3914,33.33157,34.705948,21.243517,58.631863,27.051628,37.373886,20.414152,58.82963,52.597202,18.960714,60.76159,53.42221,23.345146,52.864994,30.781858,76.683075,65.66588,28.089468,39.977474,54.771854,53.090343,19.685684,25.010504,29.653421,57.868027,20.429115,72.15575,29.108248,36.96903,27.600323,55.49775,75.30681,23.877773,89.38638,67.90089,65.17402,80.76591,73.14092,31.720877,34.918438,62.421646,32.746025,72.15978,71.65963,Normal
38.73981,27.563421,40.621307,44.804512,57.572205,44.828518,78.221275,25.044716,26.813923,19.029375,54.07262,31.996456,40.915947,28.640818,55.114655,42.17119,16.71735,60.267815,63.924664,27.989477,50.528866,16.996159,79.40261,66.69823,19.889347,49.792267,70.74841,51.64744,35.31993,17.851183,35.23945,52.31624,28.49201,63.75151,35.0089,41.856594,48.445934,47.273216,82.24461,28.456247,78.59934,56.76916,63.295666,81.49225,72.34487,34.554375,31.975414,62.894066,20.30949,77.26054,62.092678,Normal
40.65632,23.74527,42.039433,54.404655,49.164787,52.76457,70.68904,23.590498,24.825274,22.207418,58.49567,31.04844,32.408287,29.508873,42.759144,50.29689,30.941677,55.68582,66.778496,23.20273,43.827892,25.445763,63.816765,64.74801,24.317648,49.395184,63.83012,53.411785,30.115433,16.659067,31.61937,56.24389,23.03823,73.65208,33.27034,36.189816,37.8917,43.916367,73.618546,26.876364,78.18156,60.402363,54.813843,74.28875,80.734314,32.68448,41.661285,68.88153,26.660353,72.504265,57.362034,Normal
48.938553,34.239265,38.32186,51.630833,58.05578,60.079914,81.2491,30.257092,25.097109,17.11329,60.349842,30.756237,34.528854,30.90018,53.75406,42.95367,30.987068,55.176872,65.09689,22.582561,41.408344,32.595306,73.161064,59.130714,26.579044,51.234074,61.343838,56.188953,27.71508,35.482418,35.09185,66.870224,26.084833,61.660942,29.607208,34.180096,43.82497,52.628807,79.795135,23.61865,72.33271,59.917816,52.51934,77.451164,77.986244,36.423477,47.170143,66.00778,20.473848,79.87836,72.282585,Normal
41.35959,38.650806,41.43724,57.48634,59.220264,46.783,78.67081,31.735508,25.58041,20.388329,57.932804,30.07276,36.38835,24.33602,58.307087,43.7423,30.508192,59.457012,60.043896,19.983448,41.967518,14.226532,74.08702,52.110268,25.10801,46.558846,60.26145,58.5179,15.236838,33.454613,32.110523,57.45128,33.645412,67.25617,13.156086,34.663635,48.002274,51.849297,81.103226,34.752625,70.96384,58.38669,56.584526,74.28814,77.05632,36.272694,42.14298,69.25009,31.45371,76.425705,67.152466,Normal
46.4618,34.42345,34.031082,57.282806,59.508114,56.694633,68.901665,28.311964,30.003138,14.557476,49.77648,28.156158,36.9853,28.90334,60.495052,52.09328,20.7202,63.118263,54.916264,23.394625,46.280487,19.997253,70.19502,53.11952,26.803185,51.649227,65.418045,65.706276,27.139517,27.191391,31.545164,66.112366,24.6665,77.20135,25.764551,30.74313,42.9017,49.404877,81.72882,31.896957,81.86174,64.81354,55.41362,73.38915,76.51642,33.47305,40.56741,61.89283,32.181236,72.31896,58.687893,Normal
48.8957,25.819284,41.442566,57.813564,60.34866,57.552647,78.8758,24.537584,32.558914,19.458357,54.734386,30.217506,37.63811,27.916426,60.74567,39.367096,13.978221,47.566803,62.437084,35.029663,52.066547,19.802526,70.39098,58.80912,22.36913,45.39296,73.31035,53.803547,28.154058,23.007856,31.869686,66.265236,26.576431,60.808933,23.599415,27.268772,37.258217,52.755997,81.22541,33.942184,80.01647,65.566795,56.98793,70.96315,71.81465,36.402557,46.050674,64.40569,31.782349,70.15909,64.003426,Normal
44.129143,30.31418,35.384743,46.060173,52.606987,38.71385,81.22335,30.455784,29.42057,16.37552,50.847847,30.389257,38.121635,28.645216,56.378014,39.151623,18.047132,53.548565,61.20238,30.7181,49.31113,26.055029,70.081024,62.204033,26.276953,60.62918,64.447495,55.198013,29.869337,22.196041,35.550842,66.78455,29.247274,71.68164,25.089579,36.18815,38.447163,49.082577,78.63399,27.808529,83.49542,66.08403,59.36376,69.10605,70.25192,35.191605,39.85372,70.528854,16.970465,75.63274,52.056156,Normal
43.24699,41.1196,37.81379,51.39471,58.694668,60.337513,81.08827,23.097122,32.70703,14.879486,49.994514,31.24484,45.909904,26.364939,72.36377,48.8907,32.403416,49.54143,62.544605,27.688524,50.326595,27.573517,68.30003,57.041718,21.04393,42.16615,66.28767,57.464252,32.07274,25.473413,25.39247,66.472115,26.63685,66.184425,29.197699,31.881525,43.049458,57.592525,82.96391,35.60143,75.65338,57.21411,59.24643,72.51323,77.13475,38.345734,36.550896,62.89637,16.773733,77.920876,59.67258,Normal
40.534874,38.5309,43.573532,44.79998,52.801643,50.405785,69.66443,25.316671,23.63835,22.14514,50.559334,29.421373,45.74441,23.85188,46.72036,46.410786,15.3016405,57.33571,56.731388,23.246979,42.687096,14.3493805,60.634926,64.046234,27.056206,47.173878,60.24552,59.70074,23.890244,21.840166,26.691801,54.83696,20.966234,75.33438,21.61323,28.054327,33.215202,55.962997,78.24483,28.964731,72.96937,61.0896,65.82222,70.35487,80.83755,30.883495,41.19686,73.33983,30.708103,66.559105,59.863792,Normal
37.49512,37.746964,32.922604,46.409103,45.668495,50.684746,73.82248,31.670082,29.304022,27.581556,59.890785,25.654049,40.49879,29.05411,59.412388,45.424732,17.843962,58.977848,50.272045,28.162907,52.804718,21.91932,65.78341,62.578968,23.9529,56.73938,54.74983,51.9831,21.644419,25.248716,26.186636,51.17544,24.040545,58.836872,25.724447,35.29343,36.606487,42.375668,73.42662,30.501734,74.61827,64.56692,55.13935,80.56266,80.009735,36.15183,46.11445,72.028564,12.969245,71.03629,72.48275,Normal
46.898663,32.328106,37.618454,47.767384,52.8596,48.34279,71.03303,29.82146,28.870008,29.527695,52.843372,35.615036,32.387024,27.058302,59.682186,41.012962,25.493317,56.104572,69.63727,26.76719,46.62114,30.752396,71.00037,52.66426,22.316063,51.86507,55.423862,62.167305,17.38152,4.3769755,34.776814,60.143814,22.122715,72.94327,27.847742,31.831936,39.880737,43.791992,78.44921,32.824986,74.703804,59.40562,57.517506,77.91658,70.14796,39.627632,32.074673,70.72934,22.214436,75.284164,67.749374,Normal
35.248196,37.56139,35.51846,49.4042,62.93396,57.220108,78.49065,34.034454,27.755548,15.8552,56.21096,25.362532,38.306915,18.982222,59.712605,49.953373,21.070257,56.118927,67.06095,27.809471,46.209858,32.660374,79.1165,68.98219,18.865545,42.099598,63.920113,49.784184,14.432334,21.09138,26.760527,67.70677,29.656458,59.00018,27.181026,28.249527,37.733917,57.627384,77.096275,35.171806,76.69954,60.00608,53.654305,79.49308,82.66404,35.071766,49.325474,67.33531,23.115765,77.78765,61.17914,Normal
39.023,36.40229,32.86255,55.70262,44.918774,47.07043,81.08733,30.36486,32.102608,22.442575,58.310482,31.189478,41.755512,23.219557,59.796814,43.249935,21.19494,50.58606,62.349186,24.858845,44.120808,31.637644,69.601234,58.34622,23.234709,50.940292,64.07609,58.195652,21.5646,21.262772,33.343376,60.376144,26.194975,70.12477,26.727093,27.612923,43.212975,54.002827,78.39645,31.029,79.775246,66.734985,49.08453,75.166016,79.160934,41.97377,40.35659,65.66919,26.89914,74.215965,66.09498,Normal
35.983017,31.967133,46.572514,50.425972,50.123028,58.850086,69.020515,32.736454,25.648235,10.225561,55.706013,41.470154,43.85161,26.182777,54.463642,41.872128,25.977177,51.300568,63.678932,32.71127,51.13526,28.78311,74.22549,62.089245,23.464308,58.864685,67.411674,57.936954,33.26133,19.307625,34.63878,61.83578,24.48641,73.26579,19.653006,25.288095,35.688206,44.682243,86.15195,22.119421,69.21416,58.514523,56.716145,82.832214,78.85257,29.04463,41.276676,73.09116,16.733368,78.96848,60.534378,Normal
45.12851,29.904547,34.07795,56.082123,58.609737,50.859295,75.33135,30.878788,23.592394,19.646162,51.65512,30.561005,35.2006,30.710047,46.14261,46.518143,22.74049,53.966515,69.547844,30.144505,48.97157,27.868868,64.56883,60.2473,23.498302,55.223145,66.045494,61.656277,22.21389,21.72947,34.263187,71.87976,32.21633,64.45188,18.5565,34.266953,41.772385,50.207207,79.09631,31.819641,87.50753,65.90316,54.742947,72.17945,72.6041,26.205997,51.192734,69.027565,20.97952,74.27707,56.164074,Normal
41.221134,31.245646,40.722668,56.56852,53.72364,50.532063,79.01647,28.577988,39.07904,25.760717,52.22744,34.261585,43.14821,32.750114,59.43966,43.454163,24.067955,57.828644,62.72386,22.137482,48.454227,26.015894,75.64088,62.69443,25.686115,51.793736,66.62559,66.37034,18.53753,36.18194,25.701237,55.989227,33.63054,67.35891,19.682894,30.403849,44.64181,57.104572,74.87206,35.16468,82.202896,65.489044,55.07335,71.39497,77.83305,32.9685,46.579086,71.44324,18.422255,71.306076,65.28458,Normal
48.579166,35.143265,41.127834,47.600887,54.52806,51.737392,71.2782,23.879221,27.708685,17.884237,53.703888,28.895136,45.633865,21.165466,47.169346,46.298836,17.756594,58.900177,56.137856,31.218494,48.994514,34.98405,69.63635,57.336437,22.453503,46.130745,56.619972,67.1145,24.5877,21.509813,26.135843,61.206043,24.011087,61.084698,32.21492,34.475452,34.81519,55.6571,74.17153,32.643112,78.12592,61.89181,61.89967,71.19832,75.53658,30.609646,37.49384,61.71809,23.796085,75.6299,64.32935,Normal
46.25263,26.217072,37.481033,49.62998,53.40226,43.627632,76.721794,30.32985,27.220366,10.902154,58.510754,21.069626,41.878807,29.867788,53.234272,44.39737,16.605997,53.640747,55.475292,24.508354,44.742867,26.266058,72.98118,61.267017,20.264566,52.248547,66.00135,58.373684,12.037364,24.459156,35.05338,55.14592,30.579136,73.22577,27.58405,26.856724,40.30706,51.014446,76.4412,30.714329,82.62355,65.31726,59.18432,70.7297,74.522446,35.19504,45.475132,61.863785,17.033464,73.598335,71.91562,Normal
42.756985,36.583595,40.816982,56.36062,63.23553,49.638596,74.15116,33.343277,32.062637,16.961153,60.30618,23.702152,42.609283,20.990818,60.03204,44.4804,27.763802,47.377853,64.780556,28.624166,48.402225,26.860563,72.62233,61.592117,21.648909,47.38913,70.173096,46.16884,20.795448,22.992794,25.908674,63.80025,29.164906,63.27955,18.292246,29.598131,32.015373,47.99817,80.39037,25.227379,80.31209,63.10583,54.032745,78.082634,73.02818,33.68133,26.304737,64.93918,20.371176,73.45123,66.20235,Normal
35.51989,37.00355,41.82358,46.515656,58.17965,39.944603,73.201614,27.909794,35.584995,25.459116,49.767277,34.925472,41.31725,31.002407,54.398907,42.7131,30.144691,57.382656,68.90028,26.047846,49.732883,18.667734,75.50891,57.821945,25.658434,42.15924,59.288982,60.665997,19.497097,35.409294,28.911116,63.817364,24.61094,73.66513,22.339863,40.181458,34.24481,45.307003,70.596924,28.354141,79.16766,65.25869,52.151634,80.215004,81.19382,35.972847,30.887611,62.62552,29.564672,70.96269,49.9632,Normal
48.843403,34.92508,32.786823,57.901096,48.188015,46.109337,74.41132,32.072433,30.821688,21.431227,51.038853,27.065413,41.172592,29.849838,57.97151,54.5761,26.451614,58.935013,58.267445,25.330969,50.34741,17.403364,75.37236,60.999336,17.4236,50.616108,65.765945,52.591743,22.188192,22.616724,32.313667,61.866734,28.01085,73.20093,19.020313,36.00032,58.90979,51.43458,74.023384,25.832106,87.77649,65.12849,47.218975,82.05805,80.68602,34.73601,39.11882,63.91948,29.855051,70.59844,60.56747,Normal
38.12616,32.77017,38.425385,49.956993,56.993004,55.90007,72.717445,23.42935,34.69189,15.973564,61.0213,27.119478,34.07548,27.40013,58.78205,48.586193,31.774002,56.386295,59.185505,29.44667,51.28206,16.487068,70.791954,56.703716,20.151144,48.773052,66.4661,54.260265,22.01166,28.391413,32.12945,60.425655,26.961676,75.97203,30.730007,33.873707,41.590935,54.731194,81.14805,28.243393,79.07198,59.107384,63.882946,77.59942,80.04949,37.987392,35.94288,72.69052,22.342516,72.646935,60.624752,Normal
33.43509,38.84594,37.083626,42.054405,44.733936,45.941856,80.79392,22.452581,27.09532,22.819263,55.796833,34.65669,38.56143,21.847311,55.63796,44.834126,20.925018,60.62003,63.489506,32.794044,43.51082,20.099737,68.79525,61.69639,22.75238,50.80002,62.867065,52.936924,15.261179,19.67653,24.372587,67.0048,34.84543,70.155426,20.329485,25.763252,46.806335,51.12565,82.41376,27.966219,86.872665,54.749386,52.555546,71.34171,75.57856,41.258602,36.29494,62.372242,30.66435,67.86138,73.96278,Normal
33.219284,38.44109,37.981182,51.075798,60.10667,56.527138,68.81057,32.699223,24.244295,15.469622,59.79886,26.50539,36.26171,29.695452,55.528248,50.998653,17.465824,56.87872,68.49797,25.633724,46.85949,21.190784,76.491585,64.09262,19.979311,47.270287,67.97762,52.85537,12.072527,23.1978,35.31197,60.69118,25.359335,66.48875,22.530804,37.05462,37.28134,51.29299,79.6848,21.496567,82.72168,59.63424,55.13245,79.31857,79.45291,38.92049,32.942528,68.118706,19.846172,84.384605,58.28572,Normal
55.084656,33.34973,31.0981,50.252254,54.66824,49.349754,69.05084,30.840755,33.96092,21.257936,56.752254,29.099136,44.504536,25.394476,51.09696,50.45161,15.975824,55.68455,58.45341,28.943525,48.575623,27.326513,72.519,62.077175,20.499502,51.12562,68.60133,53.964085,29.349207,27.899239,32.812035,71.76459,24.209036,60.6793,25.502645,27.123297,38.664867,60.379826,82.82493,30.903612,84.51721,56.51223,59.941036,82.099495,82.98455,31.530848,50.941566,68.15843,24.58806,72.16847,69.81151,Normal
39.03119,27.763506,43.245815,51.38399,61.157326,53.96563,79.07893,31.692978,32.63537,10.585898,54.286816,28.612698,40.62255,29.002754,53.035465,50.72271,26.419928,57.371613,53.607994,26.745281,48.293896,19.414862,76.76274,64.89123,20.604874,52.28571,66.99469,57.709698,22.045218,21.525486,26.604048,62.7837,30.052982,62.97856,23.494846,24.997147,44.98934,55.0134,75.68519,32.336933,82.56546,65.695816,56.207615,74.74717,73.19175,28.519531,36.65734,71.496765,22.716665,71.194855,60.662823,Normal
53.272263,38.140488,38.282024,51.18616,54.715214,56.868626,73.30688,32.71081,28.715363,20.305595,60.983902,34.502872,46.044567,28.920116,64.2935,46.007698,20.84725,57.224503,55.30359,30.556992,44.113205,24.670555,71.20307,59.477882,26.778366,58.432793,58.013885,49.563896,15.853323,24.563099,30.457506,57.922752,21.128029,71.931816,15.4625025,33.327175,40.584885,52.30301,80.92213,35.181858,71.36208,68.377975,59.05084,80.965294,82.4367,37.002274,34.358524,62.29173,30.355833,75.7343,50.491875,Normal
50.969788,28.82955,32.071632,48.483635,54.657803,54.037346,80.578926,25.341084,27.024067,27.96862,63.192688,23.382143,43.419884,23.995224,50.47805,49.523186,19.010138,58.77746,53.629803,23.194973,49.90036,25.075731,72.466644,53.529182,25.63536,48.03841,66.22406,53.25821,23.468054,29.52031,26.43358,55.545,27.936329,67.69804,21.909163,34.248096,25.371775,54.873123,76.716415,30.402502,80.46376,66.9349,57.534668,76.11768,75.04083,31.418179,45.528194,65.10459,18.232418,75.0553,68.22188,Normal
34.86561,34.505825,36.673325,44.913647,66.00343,43.333977,73.79373,31.405441,32.587296,22.028006,48.30588,31.716677,45.030254,22.615698,52.534283,41.685757,20.934488,54.80535,58.613068,22.361742,46.694653,14.325423,75.46372,65.39281,28.874569,43.882286,61.597088,63.680466,17.15078,22.676489,28.626236,61.29264,21.015633,64.93469,27.288221,25.738964,37.685383,49.520428,79.09866,21.772305,72.35353,58.46624,54.60599,76.827354,78.48889,37.65396,26.995062,65.25242,20.120848,71.48275,66.8602,Normal
37.67733,37.339703,38.497738,45.134655,54.799873,51.767212,76.54375,33.14714,37.416897,13.961786,55.453564,19.558441,45.387455,22.825296,46.752136,45.953014,20.065306,52.08129,67.00994,24.280731,43.36063,25.807943,79.9429,65.99504,25.996326,49.372005,62.58527,61.84855,18.154493,27.81067,26.36715,60.256435,33.353104,69.17053,13.43431,37.135513,37.63025,47.028526,74.2874,23.643053,83.52304,56.096195,65.54382,70.68052,79.71163,37.62199,46.63821,62.8195,24.866936,68.02713,67.95206,Normal
38.237022,35.947124,37.561348,51.811993,64.49903,42.79613,70.59936,33.41842,28.893482,25.679539,60.727352,33.48711,37.14424,23.069477,62.231926,45.49592,18.021019,58.940582,64.032166,28.96573,44.57988,29.2569,71.790405,64.680214,20.564985,50.09173,62.437225,53.968395,14.384876,14.944805,32.845886,63.881577,21.712585,74.37154,29.296974,24.17,32.700035,57.64634,82.19713,31.68334,77.22427,61.94464,53.064342,73.9751,83.66172,25.070333,29.862574,63.775326,28.52236,68.67826,57.448074,Normal
40.32947,30.345383,36.927296,49.069138,49.23602,58.206745,71.89022,24.422867,34.50006,16.748035,53.654976,25.687037,48.57345,34.603413,61.722393,48.104317,20.29613,56.599487,69.06579,23.935833,53.141247,27.84488,79.60835,57.99094,23.16657,49.433758,69.42527,58.049458,23.565609,20.482027,35.238823,63.254623,28.93616,68.39241,31.747925,32.8292,52.02689,45.662766,74.60988,29.185493,69.32302,55.851135,63.744648,72.437744,83.79171,33.48053,43.293888,59.278805,22.655657,76.89551,62.63755,Normal
33.751514,29.531298,39.022476,52.530357,54.796795,50.172394,80.091354,24.48907,30.252123,20.290915,58.1046,33.00161,33.812756,29.324223,60.69421,53.15488,27.180891,59.692596,68.855,24.516907,49.469444,27.577503,79.70797,71.08617,21.88226,44.23807,60.176163,58.37497,15.3560705,28.667591,31.496353,54.00957,28.598448,67.764046,25.136637,34.390617,39.271595,46.636204,75.560646,20.635284,80.84233,68.15073,69.01904,73.67928,87.02597,44.257526,34.24582,72.59256,22.822847,66.46845,57.46302,Normal
49.567036,36.70216,42.846813,43.632004,52.537357,51.560776,72.98061,32.53898,26.96922,11.818748,49.99807,31.741102,39.329792,28.568222,60.1283,43.91211,24.803812,51.03371,55.949688,25.27562,50.926243,24.284235,71.88476,59.72262,19.29407,48.50012,55.12736,60.987057,19.185343,33.20381,33.171425,59.78996,25.657152,69.4396,34.111637,35.74943,46.453396,57.658012,81.346375,30.287306,75.58301,59.9359,53.011074,76.86278,70.86493,32.35278,48.245056,69.48884,30.834455,78.73228,70.42541,Normal
44.36031,28.814516,37.802002,48.473835,50.460663,56.986485,77.60498,23.669733,33.81818,14.272669,55.382484,26.105772,41.593555,27.609766,54.74023,48.68007,32.065605,58.80377,55.7544,24.2328,41.331367,24.068193,70.53776,48.93418,26.158304,45.768917,58.3135,60.4381,23.058117,30.131277,28.858526,59.06022,29.30538,66.12809,26.45001,38.640762,45.656384,52.90779,77.26548,26.274046,72.93264,65.00769,54.1774,70.04036,70.4357,38.00372,39.32888,72.48079,12.590958,73.80522,55.298656,Normal
45.136715,37.58351,40.44807,50.748745,63.193485,58.804497,67.35866,22.991402,33.545322,16.989874,51.814304,30.576157,43.82114,23.549747,57.670925,40.500515,24.342657,60.36651,64.59784,26.562218,46.877216,15.824945,67.282394,61.43828,26.2745,42.531124,61.66268,62.319904,18.589495,24.903261,26.534744,63.895554,20.059612,58.36348,26.438345,28.555243,39.273598,56.530575,71.965614,29.240005,78.49981,60.01201,63.0889,69.6293,80.839645,33.316456,50.34952,62.831944,20.506659,79.37116,61.42392,Normal
42.280365,33.22059,40.48836,54.043488,59.629158,40.061565,74.60126,30.164417,30.48478,27.55155,53.98425,31.187721,36.386524,23.126842,48.052425,49.92658,19.261028,59.53392,66.87309,24.88281,44.465504,30.344412,62.303482,69.885155,26.37595,47.347446,55.965332,55.367226,28.700796,30.142942,24.961594,58.725636,24.114653,67.243324,23.979944,27.601171,28.460754,58.82972,83.27123,24.684462,83.27664,65.17743,49.548714,71.731125,82.85386,39.877617,42.396744,69.15203,20.454449,79.35117,56.66978,Normal
47.90641,37.86358,43.36484,41.760784,59.71108,51.923603,82.0925,23.117208,30.31082,22.417809,54.10067,35.712906,45.786682,31.82485,57.33779,52.0332,24.807404,55.27337,72.50985,33.73671,46.78077,29.356728,75.86453,63.88519,20.86703,34.773476,68.699234,61.083748,26.860073,28.94144,29.720564,66.96862,30.442722,70.49246,23.75556,34.42259,37.43565,54.049473,77.33647,34.742477,82.11457,57.69914,56.608097,69.90096,80.513794,32.1301,33.98912,68.31769,27.829952,69.744225,68.838646,Normal
45.456345,30.65022,40.489025,36.235092,62.500904,49.923477,70.17905,27.716568,21.175146,18.737597,53.2089,24.810934,43.23553,19.342558,55.167023,45.885548,21.64479,53.39318,62.342903,29.637114,45.72991,18.99475,82.89648,56.80345,25.421047,50.492798,63.91457,57.04935,17.2986,28.88226,26.042274,60.172657,22.585386,62.80333,23.933292,34.231052,45.451027,56.41527,82.58931,27.427513,86.21425,66.87852,54.191525,76.5994,80.47,34.638145,32.716938,62.89875,25.296436,77.59813,66.6149,Normal
35.620705,35.61178,42.726864,47.92121,56.03454,49.823685,78.90927,31.309303,34.985992,26.843246,55.89301,20.190596,31.595345,26.177193,55.307217,44.450783,24.575514,53.80889,62.736168,30.330595,41.250397,25.062948,65.22703,65.583694,23.53933,42.039494,57.210407,52.139915,21.094364,24.311424,33.307755,67.3324,28.145956,71.663506,27.168467,30.380087,46.362915,52.015533,83.634796,20.472666,79.325096,57.66147,56.22952,72.2802,78.05452,29.504679,45.5838,62.912437,22.744608,70.59376,60.37731,Normal
42.000954,34.31375,41.06021,42.998,56.10046,51.11766,78.202095,27.44357,34.6509,18.486792,59.321693,36.65403,40.955727,27.609638,61.243526,50.54462,24.173944,52.119057,68.14983,32.626957,52.064335,24.771801,74.4957,60.377647,26.502443,45.799522,63.663715,58.25455,13.803006,30.594294,25.13634,56.208866,28.51021,68.88088,23.0987,35.164024,31.228786,54.292656,83.89606,30.392664,80.9011,62.898724,68.96715,81.41315,69.41772,26.904594,38.339333,70.039055,22.493124,67.965256,51.401154,Normal
43.011852,36.810455,44.946987,54.735096,54.13795,54.45098,66.49606,29.21026,31.726496,19.358595,55.956482,27.953268,48.468723,30.428764,61.589382,46.966232,25.638033,60.91038,52.631107,32.995216,41.693123,10.4332695,79.041,59.141712,29.051342,45.20461,62.825886,62.78042,17.85381,18.552118,24.669037,63.901325,20.089354,68.26447,32.610424,27.222357,31.867025,49.822155,77.58559,29.95819,82.97509,64.44667,60.59142,73.068344,71.224174,42.21565,39.881855,61.180546,20.721958,68.401405,57.8411,Normal
48.371532,32.24247,33.786575,56.742718,55.3962,58.48052,70.38268,35.019566,35.030437,18.322384,61.481888,28.918846,41.819866,27.26443,57.823467,41.029213,27.088331,57.680103,61.954994,26.167864,41.56929,27.328812,78.05162,52.68225,27.048306,37.95417,66.274666,55.940594,20.953798,25.327253,31.957073,62.74065,24.786703,64.56236,24.03943,32.42719,45.344986,53.33383,74.82111,31.976196,83.40324,61.447205,64.3481,73.77947,83.36211,34.448845,32.25016,63.231457,23.590982,68.85675,57.11891,Normal
38.926216,25.926664,37.664978,55.188065,57.30564,44.07246,76.788826,26.221945,32.871117,18.147457,64.74513,31.214195,35.160793,27.61025,60.591846,39.75737,21.74556,51.183475,62.69336,22.179443,44.13811,25.033699,76.18053,62.123535,17.033482,50.799187,59.096107,52.553284,15.92078,14.201495,28.32574,70.73277,24.605278,65.2472,28.278534,30.549944,46.520245,56.695744,74.404335,21.17357,74.71344,61.968468,54.432327,67.796524,74.49553,42.823204,40.207844,70.27563,17.733675,74.08496,60.61792,Normal
33.701958,37.83095,41.83281,58.81157,63.203392,52.68168,79.08412,30.714167,25.02431,24.326124,60.665745,32.84592,38.67298,23.134089,53.375546,50.12102,20.138996,58.82971,57.882717,24.571697,43.464874,21.819921,76.650055,49.847733,23.188902,45.745705,57.86623,59.077255,14.98583,30.33617,32.955566,62.677353,28.815456,69.39626,17.699076,42.742554,44.42101,45.697178,83.59874,32.943127,84.302124,61.41028,65.92034,78.43953,71.600784,38.827755,37.187317,69.57175,26.846434,75.050026,65.24236,Normal
39.666294,35.001076,43.34036,48.325024,51.58052,48.519905,66.71746,30.723837,25.89385,22.580599,57.634796,32.631237,46.58952,22.049948,55.303883,45.66263,18.829565,50.108845,66.265656,22.468613,44.592846,31.293215,65.8692,63.675056,21.082245,49.203262,62.55674,59.577057,19.39895,15.890453,24.407883,75.10935,21.029179,76.6732,23.262892,27.083519,28.925323,60.581715,77.475525,31.980387,81.98333,66.289024,62.213158,82.81315,77.348885,27.936893,40.44423,64.64994,23.338213,76.09279,61.40939,Normal
46.066296,26.17768,37.671555,56.30683,61.70242,50.06663,76.72307,23.65414,35.56973,20.5751,57.195217,33.309307,39.243416,30.550587,52.269073,51.58524,16.915571,59.799576,57.00059,24.557442,46.20449,15.948052,71.1207,57.081036,17.918829,46.49146,64.59485,49.532127,22.250984,26.731205,26.121365,69.47146,30.300068,70.03037,32.118668,32.204605,37.48745,68.49312,81.73501,24.992489,76.97917,60.601425,58.963135,76.209984,80.73129,35.758595,36.73575,69.77023,27.875235,78.92863,62.90542,Normal
46.25263,26.217072,37.481033,49.62998,53.40226,43.627632,76.721794,30.32985,27.220366,10.902154,58.510754,21.069626,41.878807,29.867788,53.234272,44.39737,16.605997,53.640747,55.475292,24.508354,44.742867,26.266058,72.98118,61.267017,20.264566,52.248547,66.00135,58.373684,12.037364,24.459156,35.05338,55.14592,30.579136,73.22577,27.58405,26.856724,40.30706,51.014446,76.4412,30.714329,82.62355,65.31726,59.18432,70.7297,74.522446,35.19504,45.475132,61.863785,17.033464,73.598335,71.91562,Normal
35.072422,39.19059,43.757195,57.474827,67.04386,51.966057,73.75355,31.841637,30.33576,14.926622,58.31813,21.434258,44.99853,20.00031,58.118244,51.75145,23.818014,56.35777,68.86175,21.49204,50.299633,31.687874,73.21721,51.31726,19.513056,46.024582,68.07505,57.744816,23.234213,29.175108,30.2455,57.33007,27.936562,59.43482,16.880629,28.714888,42.846725,50.39796,80.11825,23.191723,83.70748,62.797707,55.595955,80.17915,77.646255,36.073532,39.43483,64.17538,22.510101,76.03658,65.57794,Normal
46.57691,30.128788,41.742027,52.846558,58.407894,54.464737,81.789825,22.235592,28.1138,20.666021,54.53928,36.88292,45.44757,24.236895,61.327606,51.535683,16.416212,59.67009,60.872993,20.93102,44.401,29.42807,81.30338,64.51171,18.77616,51.83878,69.00247,53.52664,23.35024,20.561089,25.681368,66.402054,29.268152,67.419754,24.332573,31.23328,44.19279,47.302418,82.1531,25.864115,72.29067,59.72265,54.294064,77.24446,78.90937,31.202787,39.33659,69.08472,34.048607,66.386086,67.150345,Normal
50.55941,27.633442,38.113796,44.469704,52.56129,48.50421,75.263756,24.666712,34.73338,17.669725,54.11003,25.675713,37.557247,24.6645,54.21077,48.648052,23.153051,54.3475,69.08825,30.72622,42.92162,19.826422,82.879265,59.075935,16.553291,42.39648,69.91739,57.272415,20.57701,25.735722,33.03584,59.217884,23.50385,76.351944,24.272682,37.697525,44.724224,51.1356,71.88516,32.63067,75.283394,56.83534,63.40128,78.13258,73.621704,27.975536,40.64452,70.25883,25.364466,69.867325,68.34212,Normal
37.682972,34.092163,37.803097,47.431774,59.79174,51.240402,75.50214,28.394161,34.934227,22.214949,59.239346,39.76666,42.87901,30.27984,62.634243,49.47163,25.68362,56.795322,54.656685,23.231066,45.620922,15.588676,61.981895,54.20507,21.302427,34.126972,60.80669,55.91418,25.737381,23.76711,27.312698,62.120422,25.59382,68.10167,36.192905,34.795914,45.051544,47.195,78.24287,24.389296,77.30504,66.669495,60.96324,82.66291,72.80421,30.609928,33.45264,62.752403,21.823853,69.885124,59.201847,Normal
45.59993,39.251705,34.46585,51.714443,61.881184,44.748436,74.57885,24.631536,26.031284,21.44945,48.525032,27.13236,33.970978,23.395472,50.012695,52.32934,28.441277,49.88305,65.349846,19.684315,46.854134,34.96014,65.583244,63.315807,31.75165,47.332615,69.572655,60.16341,18.629023,17.567055,26.404871,62.467213,22.37081,66.43042,26.44717,26.980076,31.698164,48.286243,82.95099,30.855377,73.60307,60.983,56.076195,76.30637,73.90131,28.145582,33.446075,66.96458,32.1862,68.39069,58.537086,Normal
46.78408,38.866974,40.324276,47.208725,59.117943,44.231915,75.740654,26.445803,24.647123,24.2078,49.736435,29.039974,32.255684,25.372688,65.90027,48.77342,31.776592,59.466106,56.942066,25.252111,43.10258,21.25269,77.25248,55.958736,19.365122,48.848335,66.54136,66.644066,18.88437,17.531498,32.917233,59.508366,28.25434,70.31876,23.798027,38.731808,41.006485,47.853577,85.02349,25.879074,83.91806,59.315716,63.35136,73.672035,80.650276,32.10916,41.002983,64.58789,26.185806,66.795746,62.211582,Normal
51.175816,36.22023,36.891457,53.078068,53.95814,47.232536,76.202644,21.680561,35.49637,23.211359,52.53095,36.51397,41.100235,24.862894,55.002316,45.401295,15.025091,55.43223,55.983543,33.510242,46.398182,13.899584,74.056526,52.543667,28.742826,56.90135,58.845547,60.14114,21.82702,23.813847,30.353523,62.43201,30.72236,73.49401,18.396559,34.168453,36.13137,53.45589,84.92729,27.332508,84.32018,62.080616,57.37856,80.92275,77.90762,38.138412,48.686996,69.21801,15.407368,77.55748,70.232025,Normal
41.943607,33.754204,39.404068,48.2203,54.78628,56.345867,74.3711,25.671814,37.14421,18.80318,57.621517,27.187294,41.367657,34.387554,56.938637,50.157852,21.025145,50.755432,59.82521,28.193727,40.560566,23.785866,77.8367,66.7749,25.892645,41.63747,69.16709,52.90172,29.143072,24.997002,23.812496,61.23534,20.880377,67.04063,24.745575,36.84397,37.431637,58.413273,76.215004,36.822144,83.7435,65.582,54.068813,73.62061,76.397835,38.918873,39.228443,66.32892,21.27624,78.552376,69.703514,Normal
39.296993,30.258602,42.29345,54.722527,61.035633,50.42576,76.89426,25.967472,36.795918,20.020172,54.02868,23.832775,39.06429,21.178722,61.17734,44.204144,21.257912,50.115143,72.617004,29.975319,42.045334,26.974758,71.97669,59.051167,24.268564,44.20735,69.64556,57.842438,27.44576,28.68324,24.03378,54.86057,23.35284,73.09015,29.906328,24.784111,44.096424,43.231255,72.37281,25.644709,72.89928,63.915966,63.54155,70.46195,71.260735,40.233387,41.77252,67.11848,17.878815,77.24362,72.70895,Normal
43.524403,30.867899,43.37349,52.23039,52.457687,57.024082,73.37348,22.887056,33.680626,20.602041,61.586525,29.375965,39.05838,25.968971,62.063515,49.09129,17.209002,63.472794,67.565025,33.187485,41.20883,28.053938,74.9135,58.166325,16.698557,57.384354,65.039604,58.68992,22.245779,28.21901,28.5792,69.430824,28.898731,73.449646,26.80368,26.237158,41.44809,47.471992,80.24259,34.71945,65.83666,66.52357,60.994495,75.35956,74.292625,40.156395,38.775314,71.80462,31.846527,70.47979,70.84077,Normal
48.92138,35.62756,34.188255,53.52689,53.82932,52.3236,82.21549,29.036673,37.585197,21.479553,55.0644,27.981077,34.574642,33.62325,62.085335,44.85989,24.3018,47.082264,55.181587,27.404663,41.790134,20.144958,74.726654,59.584927,19.68055,58.378212,51.644188,56.86953,17.850021,26.522604,23.869022,66.239876,30.10338,65.20265,22.590248,27.594917,38.06833,53.80101,73.27363,27.020477,73.72288,57.812477,61.289165,73.76863,74.11538,31.191788,43.006584,70.45808,24.572357,66.57296,58.79334,Normal
40.964466,36.59265,43.04749,54.398033,60.881516,47.105946,71.800644,21.094748,25.366833,12.322375,58.310246,35.36004,43.941986,20.310614,57.37023,49.371246,18.76944,59.921963,51.389458,27.984333,44.567806,19.776865,80.41602,54.134727,25.107271,38.888874,63.727722,61.462395,22.989235,22.045546,31.17423,55.524506,21.50189,69.4797,22.780697,33.06257,39.853294,47.943466,78.26565,31.701859,79.591965,56.86668,61.308002,74.676956,76.55896,28.691074,34.265827,71.01514,25.539858,70.51535,70.56274,Normal
28.174532,27.126678,35.4336,53.439472,51.184742,49.178448,67.76972,34.043953,36.155636,25.279089,51.942356,33.816883,38.869907,22.284924,51.115574,43.441696,13.960286,60.32251,73.58129,33.88048,48.086754,14.927707,79.08381,54.29751,17.954475,43.559803,65.72675,61.80816,21.007284,23.312925,27.646742,58.44383,23.047937,72.96713,20.806847,33.500202,36.841076,64.26477,75.57019,31.899395,88.32322,60.015915,63.536102,76.111046,73.96983,33.234364,47.402428,60.185562,15.491073,71.270615,67.16754,Normal
41.41456,27.870506,39.303047,52.319084,53.127853,46.91303,79.709854,30.440783,23.176025,9.973705,57.01836,32.03177,40.225513,23.344677,55.547157,43.056305,24.064957,57.8567,54.288036,25.883667,46.163994,21.912266,63.44699,49.944374,20.528103,46.052116,63.69581,57.719975,23.326323,24.44364,32.602657,50.441067,32.281815,70.19946,27.786373,26.61588,41.121,62.330093,73.53317,29.87068,64.43174,65.788315,56.866844,74.611244,85.83714,37.89182,44.50693,58.978527,22.596867,71.31436,59.463745,Normal
45.63993,36.481388,41.712044,54.760464,55.879745,61.81784,77.92975,33.755383,35.090168,17.055214,59.66257,33.08306,32.662228,26.025911,60.910217,44.227676,26.455091,57.67886,65.60094,34.04636,50.118256,30.576302,83.914116,67.586845,25.660206,47.47961,53.970158,52.438354,18.233387,21.219528,24.549011,64.22924,25.98103,64.9697,32.594955,32.17859,45.834866,55.966248,72.6906,25.597767,80.17191,62.36039,62.258488,73.485146,82.522125,36.86278,30.98837,70.94334,34.003117,71.25878,57.476063,Normal
34.709515,25.742182,43.730633,51.738533,45.184242,50.466488,73.565895,21.963156,31.371675,26.578388,55.963417,25.220833,37.39787,33.163235,57.877995,47.535664,19.920982,58.863335,61.065617,30.80316,44.528294,13.743713,77.563675,60.26342,17.94208,54.5014,70.62642,52.266335,31.470814,22.611458,31.885641,64.82929,23.783688,67.79177,32.263493,26.888287,33.835102,50.080784,82.30222,33.162594,68.818924,65.128494,60.26025,73.24576,77.81504,35.37115,37.688328,72.351555,28.965595,76.531525,65.901375,Normal
42.23544,40.782,35.38606,50.4629,61.787727,34.87823,71.277794,28.141045,25.02594,24.230757,49.992878,38.4649,34.72077,19.74883,67.47131,42.640583,24.018879,56.914127,55.845005,27.691597,49.268597,16.23357,75.90236,52.01201,18.343184,47.916595,61.579548,61.286705,11.631693,15.725574,23.756332,57.34629,21.406355,78.58536,24.979715,27.345526,33.75617,58.210052,72.858635,28.806116,83.35679,63.893013,54.960506,76.20161,78.91142,42.68843,34.48085,70.01692,27.896898,70.815544,75.807335,Normal
37.539387,39.20178,43.49565,46.395706,61.782784,47.166656,79.69378,28.531363,26.390741,26.82541,55.064087,31.435427,35.807026,22.23519,52.5551,50.925392,23.46653,60.001366,65.38483,22.921843,43.26827,21.326998,87.66957,56.23194,20.89048,50.47931,62.604317,55.8821,22.46709,29.205212,31.982164,62.420383,29.607626,66.400055,20.973726,37.08807,43.539833,51.04124,86.36071,32.59623,77.449005,58.999428,65.27129,76.18238,75.82493,42.45738,45.106834,69.20511,19.848522,76.39715,73.44236,Normal
35.371162,35.429363,39.204754,46.992214,59.785927,52.15677,74.80776,25.255165,31.609158,28.11616,51.958435,38.565586,44.92081,21.817377,54.840336,45.365665,19.261616,59.268402,65.381454,32.437862,51.426697,27.526518,71.42741,62.543755,18.879715,50.883778,61.704548,62.00218,15.260977,22.245504,32.6477,61.23269,29.555008,70.2697,25.016773,30.27816,45.288258,46.68426,73.80288,25.851122,70.46471,61.699215,66.775665,78.029945,81.42617,35.766125,39.426792,71.29802,7.796934,67.87512,65.27313,Normal
40.733707,34.51767,45.418354,51.75221,60.959656,49.24357,73.49166,25.452837,35.92382,15.706437,53.620876,27.146894,41.39535,29.75189,57.335438,45.511368,22.569458,55.427303,67.15724,24.921167,50.59221,17.161055,69.58003,58.94379,24.026804,49.30804,71.644264,64.61126,18.83732,16.845955,24.251923,61.82089,27.170677,62.64808,31.050192,23.36707,33.62773,46.063393,77.6834,29.98962,75.23749,56.94523,60.711273,73.3483,76.66604,29.433357,48.70317,65.92181,32.48935,75.05641,56.4069,Normal
19.179485,32.840782,42.041286,50.92159,58.191334,51.832954,78.05934,30.606749,28.663097,20.459677,61.1712,27.010729,36.548073,18.946453,54.031765,44.328026,24.410069,47.746704,61.396355,22.632925,48.355446,25.48786,71.85803,65.5081,18.765352,55.114456,73.56583,49.385864,21.234592,20.900656,28.19666,58.40961,29.416344,57.210102,30.585932,36.035507,42.839005,54.675137,73.15158,31.942986,70.60262,64.28407,57.04459,74.22074,80.78826,33.798107,32.11755,69.73742,29.911963,80.1681,65.58817,Normal
43.9774,29.872765,35.333378,56.89019,53.616646,40.96749,72.2614,28.857502,30.50028,19.34892,58.445206,29.85253,41.591618,30.471905,52.16867,40.158077,24.072096,58.432137,66.67122,29.757223,51.00228,19.16385,73.479355,52.876534,26.435186,46.186672,63.461723,56.282833,15.908365,24.261208,23.452305,58.60028,26.64794,59.667076,41.334854,26.837288,49.52694,50.89948,73.73453,22.72647,76.15609,54.950455,65.63583,71.32108,77.282135,29.536669,39.84441,70.23415,19.696808,77.516335,60.184597,Normal
48.13542,33.471653,30.761663,53.309807,51.119354,53.477287,75.17387,25.72612,27.28068,19.170109,55.09422,37.23431,39.557575,23.813675,60.506393,45.948647,15.97352,51.712288,65.85145,33.009716,43.9008,25.262411,64.82989,64.11169,29.512247,50.071907,67.300415,60.612373,19.105751,18.29767,24.480389,56.325443,30.85723,70.68211,32.26377,26.453358,36.960648,48.922657,69.26299,24.768059,78.51133,57.159504,64.08191,77.63919,80.342606,38.543663,45.495155,63.665833,17.712772,70.137314,63.11129,Normal
44.196,29.350925,44.366833,43.748016,45.83812,59.65346,74.67599,31.611862,33.451828,17.490402,51.785778,35.347404,43.22998,24.119946,51.374626,46.849506,14.066598,58.52959,64.040306,30.94818,52.291317,29.280964,71.296455,61.905506,15.44513,46.894375,58.74323,63.404583,14.10787,18.60797,27.568792,60.68757,25.956915,67.4388,31.528692,35.511368,32.916405,56.00824,78.86136,22.53957,73.32174,59.039963,46.936985,70.22016,68.23791,38.14519,29.262127,61.072582,13.851033,71.153534,59.52688,Normal
48.323772,26.516214,40.63869,47.62478,51.820812,40.48171,81.475044,26.771067,29.912807,23.408249,58.883083,31.935678,40.47237,27.123535,52.241913,50.30299,22.558416,57.46666,55.571182,24.462801,41.130913,25.409313,82.31517,57.66691,24.997728,53.283257,67.62781,62.013474,21.754526,21.011873,31.923395,60.83438,32.165287,63.61293,21.510002,29.074512,54.38381,55.60944,80.98628,34.683422,71.13515,61.986633,55.174995,80.88357,78.60058,34.955982,36.218067,62.969536,21.452496,70.30411,62.869728,Normal
46.774525,35.50859,36.626617,55.78144,53.227608,51.27237,78.21769,25.200872,30.5262,16.514317,56.96261,29.493025,45.805534,28.392933,50.339954,43.13561,21.110086,58.474197,60.38287,21.492422,42.59542,29.80896,70.01883,53.805912,25.889965,48.83771,56.75171,55.08263,25.502707,23.434961,34.703926,55.15949,27.602074,73.62876,29.970615,36.101414,42.872696,59.085632,75.804054,27.93244,74.12306,71.33533,51.545055,77.94441,76.01099,45.07587,48.903233,69.06622,22.009357,78.487595,55.232227,Normal
47.591328,28.155167,40.794537,44.36947,57.678738,53.65964,72.137535,28.39906,33.866776,24.108631,54.49868,41.07901,34.232132,28.923592,61.023388,48.588375,26.859262,54.2602,59.51101,32.846783,47.513058,27.365881,71.177246,60.746872,24.26716,59.70805,71.701546,60.6007,21.376448,23.756493,24.159689,57.222347,25.132914,74.33905,29.93469,29.576345,40.5221,47.830544,77.47572,28.473497,80.895775,58.232002,59.13679,78.4543,66.806854,36.942165,30.90912,66.41976,14.167991,70.03224,58.941998,Normal
38.9993,34.897057,38.677265,47.38502,68.38125,51.311134,71.0825,23.880299,31.440086,12.91141,58.03458,26.004189,42.688965,19.68733,56.91698,42.304165,28.185625,51.39289,62.021233,22.2912,51.38208,22.76541,71.510124,66.36482,19.405863,54.8177,59.001602,59.03298,30.225687,20.478525,33.6299,51.0083,20.410288,66.49241,24.381523,29.57424,49.050976,47.44942,85.70008,22.188702,73.67823,60.128914,58.66983,74.14982,69.431816,32.58936,44.559216,62.722816,29.729382,78.17359,67.64777,Normal
42.54133,26.768312,44.690937,53.96063,58.161625,45.809856,72.31357,23.524532,22.823767,19.203163,61.874172,25.810867,37.89946,25.51924,58.071087,42.703297,25.677504,61.848988,70.478226,28.332111,45.69039,26.344774,65.94375,59.845345,13.204855,56.503204,60.531086,55.464653,17.378473,21.491442,26.086302,70.2019,26.419838,63.931007,31.176916,37.902836,40.694424,45.25065,74.8319,26.769827,79.10403,57.457275,55.717167,72.833145,69.321495,36.891953,28.93012,60.018467,26.706732,69.20428,61.70663,Normal
45.89802,34.80616,35.699753,55.724087,60.4952,54.63987,81.13047,30.349512,30.351028,25.22348,51.938625,27.327547,42.82812,28.725975,52.864628,50.682266,36.61948,58.01639,63.75035,28.82729,51.841656,24.930738,75.665276,64.07159,25.944593,51.920055,63.3394,52.532154,14.7282095,27.810827,35.814686,64.291756,30.914461,69.12393,30.375738,28.14414,49.35934,48.584705,75.621376,25.738245,81.66394,60.664383,57.613537,78.8668,70.40263,31.272238,32.97527,70.07109,21.058397,71.43807,62.647903,Normal
38.016273,35.230427,32.777153,46.78281,54.0041,50.478325,81.573296,33.896084,38.868362,15.6129675,55.39711,28.114958,46.16231,28.66358,57.18835,49.390133,32.442703,52.575497,61.183952,24.328579,44.405296,13.966924,78.38965,63.39608,24.545092,57.4747,61.147186,53.214066,28.545021,29.552944,31.043365,58.64639,28.460724,62.901226,15.947432,27.931494,42.809788,51.787193,76.00497,22.724934,77.20299,56.146152,62.982822,69.50401,80.41792,41.784206,41.65966,62.702415,26.109869,68.05887,61.074688,Normal
35.02393,38.424644,35.0984,44.500816,51.282272,51.62251,68.62065,24.887547,35.972107,15.365721,48.920364,28.461014,44.853096,19.37739,54.819492,46.385284,13.705482,53.256786,61.97221,29.031025,41.554253,20.319143,74.556274,55.460484,15.310087,56.087914,63.18785,59.41698,16.372087,17.4117,31.23687,54.791344,22.315367,68.06905,27.208992,27.418627,47.672344,47.45259,73.90098,27.699924,83.744576,66.47997,56.226936,78.73798,73.82807,31.719307,38.6114,68.234276,24.900873,78.45232,55.761856,Normal
48.981846,29.058432,39.669502,48.089073,54.65753,50.554516,70.99459,23.985416,33.584316,22.696178,57.09583,30.124235,42.182823,24.287613,53.947227,45.499115,16.470097,51.098885,76.94261,31.285725,51.15604,25.245188,79.8849,62.588455,28.677248,52.437283,64.60075,51.7258,14.782955,27.100784,26.472506,56.92986,18.42267,69.05799,20.638882,28.369442,43.35792,52.228607,79.96712,27.02234,73.56374,57.095047,58.705578,83.03415,82.95837,38.573578,35.696976,66.1632,32.161934,77.56321,59.936317,Normal
39.970325,28.42466,38.79752,48.437508,55.804424,47.411873,72.07885,33.920765,33.943745,23.095322,55.256046,34.79492,38.902443,24.834858,52.542328,45.31494,14.016246,62.220486,66.94311,33.137825,48.90034,22.221489,71.04002,59.070038,18.900818,49.64774,65.91539,63.269062,17.380589,26.657507,28.98299,61.265213,20.151873,72.50584,21.33157,43.775475,36.44276,69.73716,75.0646,29.537493,76.899536,55.072807,57.678432,74.71376,82.30823,42.132957,37.72424,61.33584,18.887367,71.90813,65.077,Normal
41.381275,36.177105,42.746178,55.30757,46.687035,42.525932,79.00088,32.662247,27.840435,19.240566,59.274452,33.467007,34.952625,26.62815,58.48575,49.79134,31.35352,54.45165,58.115757,32.166126,52.08142,15.610922,74.95369,62.669483,22.347431,39.359978,70.57319,49.65246,16.209185,26.302174,28.304974,55.714375,26.31764,67.66962,30.639164,33.673183,46.97003,47.897194,83.93354,27.836355,83.48026,62.087128,67.19989,69.21677,81.93506,35.027576,30.204351,62.575516,28.042562,81.61616,67.06531,Normal
37.39807,36.57799,32.58046,49.132126,53.045624,58.60797,69.933334,25.390944,33.384132,14.854258,48.25752,30.311123,38.29131,25.232178,59.35204,52.784885,22.615927,55.152946,57.66565,23.507467,42.842697,20.706388,63.14179,62.422775,18.512426,47.0709,67.18666,61.140823,25.883457,24.118042,35.4582,62.771748,22.10949,64.4991,26.00788,26.203772,42.52932,56.8216,76.956116,26.359377,67.21231,66.62224,58.088764,78.17503,80.015,33.322506,38.585407,62.982418,20.483448,75.93123,60.530685,Normal
49.01056,25.426788,35.707035,44.15226,53.24312,54.324383,70.46265,22.38094,35.305397,16.37701,59.68901,31.79004,40.416782,20.104046,59.01723,55.12879,26.691425,57.0659,68.63385,31.6462,44.237865,21.797836,76.69815,58.233715,28.855947,55.208694,55.79565,55.322933,20.75347,34.48286,32.319923,59.811382,21.63216,62.68712,26.736107,31.838758,41.920788,47.25774,72.44046,27.272186,83.35146,62.06517,61.283703,80.0994,76.130974,34.18711,43.542156,61.309296,17.892065,77.11941,68.9573,Normal
41.90835,32.942703,40.39782,47.610527,67.683586,55.87862,68.21776,31.491459,28.21435,16.77576,50.16851,20.295498,32.882996,25.230524,57.019276,47.63229,21.748743,51.99507,66.67556,29.702972,43.21452,26.265284,73.62493,52.61791,26.378487,51.229347,58.48635,68.39442,31.459759,23.689709,27.961323,55.76322,23.606352,62.840958,28.47054,38.85771,38.90519,48.30445,79.770035,32.622257,77.2624,57.529243,65.64801,80.64962,77.52503,29.499071,31.830845,62.34041,32.82649,79.81401,61.501793,Normal
49.711372,36.02652,39.377136,42.757427,49.007572,51.26443,71.00273,23.988739,26.693947,27.657122,48.656685,34.729958,36.581127,24.680649,68.57555,43.50099,27.82459,55.72345,58.790226,22.491453,51.568527,17.024178,68.88834,58.488453,22.291262,44.25181,71.32834,61.838226,27.215895,20.994314,27.447859,65.97731,25.923344,72.47794,29.503857,30.914879,41.13172,54.682796,75.58311,24.162178,73.757866,66.29907,68.13236,82.46784,75.138725,32.734604,27.9756,69.71294,23.99992,70.28751,71.02092,Normal
37.362343,31.199453,32.334126,59.601974,44.402058,55.580215,66.56727,30.843563,28.956457,22.947298,49.781025,33.133854,37.590897,21.064571,63.574787,54.187588,25.123901,49.501858,63.98556,27.681976,43.720345,25.19588,66.97647,61.248634,21.861347,47.373142,59.325497,62.245773,24.88771,28.79762,26.881678,63.614975,21.995283,66.32301,18.859097,34.337658,30.624287,49.515106,77.90497,30.970152,71.594475,60.777515,55.042755,68.67067,83.700264,42.17856,33.16142,67.64692,22.11482,67.072235,62.72472,Normal
37.899666,28.00515,40.455406,52.802967,57.40564,47.640274,70.94684,31.446796,36.711624,21.128824,54.116886,31.268034,42.08535,28.351671,53.59936,45.7659,17.873865,62.170288,71.211205,32.405678,48.63006,23.04311,76.95246,53.52889,19.90372,41.977062,67.08023,64.966286,12.051433,30.904867,28.402802,57.81972,16.682571,69.13301,17.604118,34.670845,32.562347,58.051407,74.761,32.00022,83.656006,56.22621,59.529823,77.32808,82.95925,36.60733,48.107548,62.383366,12.821485,71.284775,68.300095,Normal
47.693497,35.963917,42.16977,48.17785,62.38723,54.484543,78.38112,32.622005,36.260994,24.438625,63.127426,24.929607,34.897163,26.673903,61.376385,43.22575,15.161754,56.302933,63.98,30.380953,42.51351,20.363468,68.58739,59.48566,27.041092,42.815567,59.11166,51.428185,16.628988,22.890224,30.805359,64.302505,31.347656,78.631195,24.317226,29.878874,48.59286,59.253117,85.27356,24.639732,78.47787,58.233097,60.730278,64.830025,79.38555,28.42777,39.327507,64.27427,22.72786,69.65026,70.26743,Normal
48.394615,35.352013,36.326603,54.486782,56.763897,48.558258,75.01298,20.044191,30.996246,13.1217785,52.174892,26.970427,31.967907,34.118862,56.053585,53.0249,27.534176,53.02065,64.35601,23.671442,43.901714,21.11789,72.11298,69.252815,27.971214,41.322075,72.71376,64.641624,31.924889,23.197897,28.576424,59.72268,21.836687,68.50836,23.265026,28.527918,40.188652,50.096695,78.724686,28.903204,79.663666,62.676975,62.273823,73.09837,73.411125,35.577515,38.018684,70.08523,28.195639,67.75553,62.516476,Normal
47.82057,38.779186,35.745316,56.6779,56.6487,52.08407,80.52769,32.607002,34.244076,18.179407,58.866055,29.318054,39.955227,25.676067,62.873608,48.111805,32.41385,50.921967,66.08503,32.235386,43.394398,28.350182,78.30193,58.461353,26.334455,55.62921,67.49192,55.138897,27.812662,27.055763,35.668472,63.950623,28.233418,71.48879,29.33899,29.425299,37.983257,49.79695,72.60176,34.95673,73.44714,57.17631,65.00697,77.17083,79.23931,29.922142,29.525702,69.08176,22.227076,69.45463,72.35036,Normal
32.445324,32.018845,42.235275,46.643368,52.088757,50.273743,76.55278,26.194187,27.982496,19.5332,59.551678,30.690485,35.87094,19.03593,48.79165,47.153015,19.829586,60.329247,62.035942,30.513903,45.06958,20.920553,69.858055,60.755928,14.832848,48.381584,68.106186,50.84294,18.12207,26.183512,28.946213,72.3449,29.010754,69.028305,25.431795,29.410862,40.574867,46.787895,77.93182,23.323471,75.921036,54.001728,55.45908,71.13855,69.94115,31.484547,32.00623,73.04803,23.103168,76.81339,55.39909,Normal
38.094517,35.247772,35.30263,45.05599,55.508873,52.06794,79.26315,25.531391,33.792557,19.356424,48.678352,29.64844,43.935184,27.065706,51.320843,49.264217,23.691854,61.19422,67.1795,23.053928,52.865124,24.020704,74.38699,60.658302,19.434057,55.60278,63.962215,59.048386,7.327097,28.140278,26.066393,66.405815,33.027195,69.22366,22.267687,31.990858,40.110336,51.68557,77.8672,23.783464,74.51417,63.33428,63.26629,88.59963,84.135605,36.092278,37.750862,72.41586,23.403748,74.766,66.60972,Normal
37.954548,29.258274,41.95849,49.160694,62.36324,53.99195,77.94186,22.462053,39.188423,14.133908,58.67478,36.645714,34.921265,30.971638,57.603897,41.669956,21.713774,60.445705,58.47785,33.085068,48.36151,20.9388,66.932144,57.016354,15.557478,49.693375,70.70506,55.264736,28.483307,12.506082,23.963581,63.004017,28.115631,64.77498,24.36271,29.762993,31.184082,40.756866,74.56539,28.249374,76.63024,65.70822,61.198914,72.92977,70.4297,37.099766,47.421093,60.92819,22.5292,75.679886,55.723534,Normal
42.105625,34.23378,35.815826,50.421436,59.12949,56.253548,67.01635,32.938377,35.668232,21.474182,56.512302,32.412315,40.341072,19.277174,54.07863,43.59686,28.531244,61.089237,59.643795,23.819258,50.23526,26.260406,76.773674,53.800083,19.10444,43.87965,58.247883,53.985497,24.275175,29.51931,33.95592,62.338814,24.555143,68.29051,29.862307,35.4368,37.05059,58.880695,75.51258,26.207638,87.79576,61.31418,62.929382,72.90149,75.73003,34.66135,35.346603,71.147896,23.034826,71.774055,58.931824,Normal
42.443817,26.03747,39.469715,44.05867,66.13181,49.55726,73.83356,28.340038,25.31623,21.23662,51.908833,34.20449,37.675705,23.694454,59.9504,43.04439,21.817055,56.454464,56.08757,29.986734,51.701485,25.345892,73.28668,69.743935,18.852228,54.19807,69.83726,56.141605,13.631849,23.274849,29.683704,67.73318,25.577988,64.85725,30.44898,34.813564,44.89942,60.8247,84.12423,21.770342,81.31165,55.691902,61.608727,79.35316,72.05318,30.167135,40.245804,63.462215,19.845865,74.10818,69.677574,Normal
41.229916,36.240067,42.67595,44.4891,49.20834,43.55604,83.38209,24.738222,33.71045,13.477357,48.8216,29.300915,42.354263,30.18432,55.47459,50.43839,23.419777,56.562298,70.42552,22.336618,50.577663,18.48653,84.15896,52.279076,20.846348,48.39488,63.821857,61.414238,13.520586,28.48224,28.55174,70.31063,30.065598,71.33032,24.716034,36.241146,40.235836,47.306732,81.601944,24.419682,73.47709,60.86215,53.083637,78.21707,82.46474,32.145092,43.51482,70.921486,27.423012,75.99702,63.87287,Normal
54.201782,30.071693,30.911957,55.79242,51.443134,44.552715,79.31882,25.577038,23.58336,24.966417,56.819725,33.06526,45.47094,26.29112,57.769615,43.090813,13.686859,55.496468,54.93225,30.49883,49.24918,18.126375,65.971375,64.321396,30.282845,50.69153,59.847916,51.658024,11.563923,28.023598,23.616297,64.64915,31.39804,76.36416,21.596554,32.694187,42.65081,48.503685,76.06261,32.31799,78.56425,69.196686,58.357677,74.34112,80.96589,35.65298,38.26822,67.007164,19.32186,65.64142,62.54683,Normal
49.77204,37.843426,44.415337,50.439407,47.737804,53.025898,78.13263,24.050825,38.13033,23.812584,61.85035,42.65403,43.269104,24.777803,61.518448,47.813206,31.954985,57.671894,63.612503,19.303417,49.66915,23.375185,77.43435,62.11544,19.062534,51.966988,66.54918,60.691036,16.76481,28.629879,25.076265,57.433674,29.64783,70.2405,20.826164,34.735203,33.318893,61.02994,73.08303,21.40718,82.22473,58.470654,64.046104,76.71239,82.44235,36.23499,42.510006,64.41178,18.573734,76.12032,62.53573,Normal
52.837513,28.249077,35.681522,46.087555,44.514503,52.34715,75.17984,32.067642,25.514713,26.137138,57.76916,28.74263,38.14838,23.079597,54.50699,49.581207,20.673372,59.762226,59.78487,26.01493,50.273846,20.918365,70.32397,61.134148,26.906197,45.877216,62.032696,63.551464,21.472523,25.64676,29.764603,68.291725,26.65697,69.147385,25.365736,40.513515,42.571537,54.1017,73.47686,32.3308,76.97502,57.897488,69.26856,81.58499,83.601944,33.97985,43.188805,62.044456,16.101013,72.29425,68.42008,Normal
49.633167,23.541677,41.268734,51.381447,52.64753,45.4817,77.30483,24.280941,27.933916,10.749953,53.603683,30.3715,34.79437,33.87763,46.56721,43.723156,10.444816,55.800682,61.121212,31.158253,47.035885,20.335732,74.95641,62.336628,19.59205,55.248795,68.60093,53.228626,19.398808,13.951506,31.598753,63.866505,28.196196,65.39732,25.972036,28.621267,38.95525,50.14087,73.102066,22.834063,76.92928,64.83517,59.333973,78.812035,78.273544,34.872093,40.1926,73.43495,20.224953,78.16349,55.83893,Normal
37.041492,42.55065,38.735325,47.645103,50.91058,56.11644,69.96697,21.183508,31.971897,17.237547,50.42617,26.209524,43.30446,23.403687,63.2058,53.150738,19.916756,46.519276,54.845467,24.885391,45.6438,22.239359,76.41827,57.08731,18.75627,52.495266,73.71487,64.06836,39.085976,20.119774,33.366947,64.66951,20.714588,58.506626,23.876598,26.33122,49.53708,64.843994,75.09662,26.237013,77.40155,66.80656,54.77614,80.39851,79.529816,34.16901,45.318596,65.84623,19.742357,77.100365,66.08521,Normal
40.362125,37.835663,36.674114,44.528584,59.445766,46.03292,74.27498,26.157845,24.910778,21.273432,58.06644,33.857563,36.523453,33.43592,49.640907,53.997894,21.86583,56.016804,62.469284,27.772501,49.787888,23.77098,65.979454,57.807583,19.671339,54.132713,60.139336,56.33137,11.849675,35.708145,35.06072,58.86495,26.251083,67.064285,26.55922,40.270996,38.893456,52.05659,75.422,27.490255,76.74824,62.020103,60.857464,74.464355,78.03923,36.266876,35.924572,62.312683,17.879593,72.649956,60.716038,Normal
48.27976,36.95716,31.653238,47.56772,59.052685,49.982624,80.18119,30.021002,34.034164,20.736818,56.620148,34.600937,38.717274,23.456692,62.130238,51.94349,26.027737,54.395893,62.606968,30.220364,42.374264,23.311504,74.07901,54.87911,26.166489,56.15286,70.89727,56.267197,20.146296,20.358168,33.999424,69.52766,28.002283,74.775314,25.256483,34.404015,42.502117,46.5044,73.80778,33.384373,75.27486,57.17621,52.055073,73.13609,81.964264,30.973328,30.242493,69.72638,14.314619,71.48203,72.72082,Normal
48.83534,27.628925,33.14427,53.65134,52.460327,47.911354,73.879814,27.646564,29.924416,13.457119,51.16389,27.97659,35.7127,21.280977,66.910545,44.956753,16.654219,58.752956,70.711464,29.696312,42.4139,19.603111,72.73584,70.41854,26.343958,55.822514,69.65664,60.3448,11.874375,27.373976,26.739,62.762207,27.73846,70.511826,30.741106,27.093307,43.223186,54.00823,75.78082,23.418135,72.79819,59.28255,59.82002,74.15237,71.47526,28.94876,42.452248,61.14716,12.339335,65.66801,67.15979,Normal
47.70753,35.593094,37.363224,49.400944,59.90524,48.5033,78.3936,30.869991,24.86867,14.022948,54.77175,29.619347,47.4317,23.879566,60.759266,54.844997,19.657883,49.78402,63.14494,25.460064,47.439644,24.90206,78.20397,66.23734,30.26353,48.2782,63.088074,59.411953,25.783796,19.11151,26.808006,68.03765,31.068335,62.90526,21.217873,35.411278,40.16956,58.50755,79.49353,32.42304,70.789,62.044773,58.20926,75.92969,76.238174,32.67477,40.795273,70.338356,22.096485,76.425835,65.36687,Normal
40.185764,36.441463,38.04526,40.108307,57.048878,61.178566,72.88247,30.562107,25.340475,23.697308,49.848152,33.241825,44.477413,33.89118,53.356182,45.56722,29.99437,48.965225,58.176273,33.154335,43.854713,20.560173,76.66955,54.5865,21.003767,54.75573,61.66808,67.74874,17.88852,25.272364,33.77885,53.291683,20.791325,69.91091,18.31012,35.088104,46.436386,51.9812,79.476425,34.285606,79.64685,68.33919,63.68163,78.39319,68.73125,38.927692,41.471436,67.58188,26.873932,67.95374,60.40724,Normal
48.798454,37.22143,32.880177,42.561924,62.155384,47.142166,72.72809,31.671005,32.9727,19.111702,54.389076,25.76462,35.677658,20.480467,48.588245,51.87621,26.7199,58.42351,54.83049,30.095633,50.30309,32.46135,75.94696,58.619118,14.367554,61.88459,64.4442,52.772297,14.834146,19.259209,26.89396,50.852127,21.75023,68.66249,33.112267,28.464447,35.346607,60.793797,82.51293,30.998718,73.528755,67.1604,67.98606,77.92114,82.1857,35.692104,40.948204,62.50814,19.918365,68.42105,55.51659,Normal
36.03459,28.058998,38.561882,42.5725,58.60139,47.92404,80.55537,27.701748,31.017122,22.916027,55.99757,36.259186,45.772495,32.5017,42.15059,52.194958,30.06429,49.925934,50.72881,26.018568,41.21039,27.473372,83.97607,55.430305,16.706394,47.657055,66.92801,54.710377,14.144092,12.02651,30.785892,63.13383,34.27589,61.11924,34.877495,29.266104,44.783566,54.48514,85.93462,28.869267,71.11469,66.2795,56.973595,74.54123,76.53083,28.79436,33.765976,67.78939,16.99651,74.23156,59.61519,Normal
44.364338,39.712376,36.405083,37.164017,59.149307,44.493046,71.55431,28.80089,29.873417,17.601374,61.48454,24.272858,37.807693,22.015388,50.87255,53.859497,22.874538,58.87306,59.365005,33.56837,50.88045,25.805902,68.764366,64.82273,21.050198,56.872337,65.877235,54.533123,25.039936,21.822105,29.530167,52.826202,26.8067,65.39198,30.66314,24.764593,32.00767,49.90091,81.44529,32.505825,80.867325,66.33701,59.661083,83.40595,90.43926,36.248222,43.559868,62.3775,21.243979,70.74874,57.802483,Normal
43.745213,37.549416,34.56467,46.17058,63.857048,48.24131,72.791664,27.710012,23.906767,19.976858,48.631668,33.27477,40.91089,23.273586,50.170258,52.857067,14.954867,50.938602,63.19838,26.057758,41.12005,35.176598,64.25515,60.46696,26.37925,37.716053,65.69641,60.775505,21.493593,34.965977,29.745117,57.20888,22.994692,61.258965,26.673708,34.597782,43.046085,53.643272,79.15044,24.651695,70.29847,65.66244,63.48757,78.67137,85.93239,30.295847,41.36513,68.52242,30.065092,76.356186,58.349895,Normal
37.536247,40.1331,41.47283,50.25878,49.88151,45.984295,68.36461,29.796755,27.83897,21.308348,58.451065,29.527359,42.61659,22.96696,52.963417,54.249104,26.379538,60.685196,56.426792,24.576365,41.976086,19.907463,69.2261,48.203213,25.191425,38.175728,64.133545,57.34323,16.71386,25.202097,35.27202,68.53929,17.40567,62.513832,25.994976,25.382439,36.604763,44.23985,76.96407,23.02624,80.6571,66.52667,54.00743,80.509315,78.259834,33.836155,46.301613,71.80428,21.167326,70.469,58.156704,Normal
47.099644,32.25186,34.586674,51.50422,62.027996,42.699986,71.829704,22.09957,28.160692,22.432028,52.983578,29.146053,46.495808,31.25352,44.11738,53.073925,21.097242,58.354652,67.287155,23.702517,50.115273,28.545317,65.71467,55.732758,19.254707,46.750854,67.03119,56.30335,9.605266,18.10296,31.576885,62.88071,25.62118,67.71017,24.059425,25.652685,34.262753,44.48675,74.9389,33.563164,70.13408,58.980095,55.891678,75.17447,81.65829,40.47905,38.78061,68.415955,23.0279,69.641495,63.10309,Normal
51.04225,27.574797,43.049862,54.25437,58.361576,45.623615,80.0066,27.941202,29.105341,17.906734,62.66463,27.086138,41.538456,35.310986,49.81052,52.14094,30.455832,60.445526,53.76229,24.996387,40.432213,24.066715,78.851166,58.824005,26.251896,47.99623,60.19804,60.616314,20.140272,16.988316,31.346771,63.47986,31.570337,68.521385,26.466352,27.958506,47.396164,46.21003,84.464584,33.39055,79.53189,60.585064,52.30765,78.728226,71.58746,39.388298,26.507113,62.193073,15.419828,69.67582,56.587883,Normal
41.310726,28.42642,36.22636,40.75178,58.08043,53.244576,74.2116,26.99689,32.247692,21.177473,58.80201,32.39272,38.50439,29.80638,58.492672,43.916454,20.621101,58.03451,60.278927,33.127728,46.630295,17.341679,69.88693,60.860504,20.121552,43.6304,68.69958,54.260887,26.181156,18.37288,27.267862,63.138027,26.520212,55.434273,28.35139,25.919308,39.536167,51.953983,80.74549,28.34844,72.460045,66.07168,71.82776,83.4644,72.35801,30.951645,46.91034,62.946426,22.0925,78.62336,59.781773,Normal
40.277065,31.989628,40.247852,42.364124,53.156574,39.972683,81.5926,28.319376,38.216633,15.43794,50.90476,28.12469,40.298923,29.621775,59.138603,50.39149,29.040115,57.445797,61.111828,20.342001,50.252396,30.814034,79.516106,58.11839,17.64625,52.787964,66.21479,57.407883,15.2471895,27.944176,27.674667,69.62782,31.486485,70.292435,28.618378,36.84957,53.721443,42.15206,79.20226,23.935444,73.98784,62.563976,55.898315,83.095436,80.09151,29.269117,29.324173,72.29331,19.717308,71.42064,55.438374,Normal
32.43021,28.23154,38.951168,51.413456,65.37869,49.37634,77.55877,25.342287,32.719856,21.094685,59.018562,34.13129,34.53729,28.928934,61.073986,40.748016,32.89095,57.68237,51.736126,31.66059,48.614964,17.422607,63.548344,61.21564,22.176235,44.831375,66.899055,59.3544,25.840645,22.799744,25.443787,53.3255,32.064087,71.3001,30.262648,34.550137,34.491272,45.388477,74.600555,28.118252,79.920685,65.28809,56.465218,78.92427,69.16574,31.696518,44.566032,62.29567,9.689384,76.940674,56.76235,Normal
46.898663,32.328106,37.618454,47.767384,52.8596,48.34279,71.03303,29.82146,28.870008,29.527695,52.843372,35.615036,32.387024,27.058302,59.682186,41.012962,25.493317,56.104572,69.63727,26.76719,46.62114,30.752396,71.00037,52.66426,22.316063,51.86507,55.423862,62.167305,17.38152,4.3769755,34.776814,60.143814,22.122715,72.94327,27.847742,31.831936,39.880737,43.791992,78.44921,32.824986,74.703804,59.40562,57.517506,77.91658,70.14796,39.627632,32.074673,70.72934,22.214436,75.284164,67.749374,Normal
40.223633,35.122696,42.54832,46.54177,63.177326,51.177113,78.67205,24.73172,31.303375,12.734255,51.04796,33.798912,42.22515,34.57127,53.750328,51.093655,27.329077,58.86606,66.01662,25.29531,51.78662,16.510838,76.557465,50.988205,20.809523,50.60773,62.743507,60.95195,12.026575,19.146648,32.8975,70.50253,30.60981,68.74517,29.09919,38.100037,37.464916,49.67472,85.61902,24.27405,73.92343,59.99779,57.554035,73.77689,84.14349,25.902458,32.989647,70.4311,39.442974,76.1533,61.587982,Normal
49.78736,34.303997,32.856785,43.25914,48.828125,54.816044,75.54393,34.452015,35.72773,25.557983,61.734493,28.989769,40.804565,29.03727,51.71916,52.44892,27.413397,49.948414,67.26941,30.202608,44.246174,30.913622,73.27142,62.793793,15.5325165,48.41471,67.25093,55.734684,11.357565,30.099495,24.454945,65.15804,25.638733,72.313866,24.547462,35.602665,48.53197,52.17007,77.38144,36.912113,79.4426,60.22455,59.33168,72.116516,75.09202,31.595123,43.927322,67.863174,21.253338,74.173355,60.541523,Normal
53.10749,38.108166,40.574646,53.473415,54.677567,48.976723,78.04097,23.363712,33.256,22.96506,51.579704,28.701105,32.77662,27.861513,65.204094,52.444736,30.598597,57.347897,59.87002,31.205849,44.673916,29.681562,70.77924,61.37289,31.238298,49.923416,65.945465,52.5587,17.001406,26.747387,27.672113,57.03939,30.162449,59.015984,20.924633,25.928286,36.97173,47.15853,79.35761,31.305971,72.80807,56.54447,52.896366,68.29361,74.88302,32.430763,35.285114,64.59549,21.70725,70.12096,52.254883,Normal
39.296993,30.258602,42.29345,54.722527,61.035633,50.42576,76.89426,25.967472,36.795918,20.020172,54.02868,23.832775,39.06429,21.178722,61.17734,44.204144,21.257912,50.115143,72.617004,29.975319,42.045334,26.974758,71.97669,59.051167,24.268564,44.20735,69.64556,57.842438,27.44576,28.68324,24.03378,54.86057,23.35284,73.09015,29.906328,24.784111,44.096424,43.231255,72.37281,25.644709,72.89928,63.915966,63.54155,70.46195,71.260735,40.233387,41.77252,67.11848,17.878815,77.24362,72.70895,Normal
42.163506,29.881319,31.839046,52.730747,46.425613,47.011063,73.82614,21.39221,27.557009,17.247023,59.43894,30.62857,44.282085,28.273705,61.67032,48.74868,28.641436,59.324097,60.688343,32.794853,48.05015,28.05686,64.844826,58.77979,18.836311,50.78826,68.25396,50.464985,18.609983,22.56396,29.688951,60.146564,22.277111,77.866646,27.329273,24.461926,33.637615,56.51992,79.34972,24.587261,86.71947,65.4354,54.32158,71.87461,83.033875,38.561802,42.578197,72.2486,26.99767,76.87165,61.302395,Normal
48.146122,37.049522,39.424614,54.944607,55.109776,57.32836,79.12518,29.612497,25.39097,25.188404,59.12241,29.839493,42.755783,28.927437,58.971535,47.660046,25.863592,54.28833,68.50711,32.33182,51.057747,25.92481,70.06089,53.323185,18.460478,52.17279,58.55901,51.211243,24.17301,21.69383,32.663692,57.92985,30.96678,68.27399,19.02034,30.781958,50.763134,50.233437,73.390045,33.520107,74.89416,62.45685,49.111168,81.377625,75.187935,36.768944,36.06564,67.9594,20.461433,74.96925,63.52584,Normal
42.56219,32.944637,41.106636,47.71429,59.992977,52.134296,72.70139,23.553648,33.356216,22.980968,46.623444,40.353325,35.860397,23.8004,58.562122,42.370617,23.391256,56.87665,66.37925,24.853191,48.010498,24.54365,76.197685,58.65906,24.08035,45.528637,59.60314,62.15484,21.682684,25.107351,32.61791,67.0744,20.788906,70.63737,28.471811,32.00436,46.700462,45.62774,74.40653,28.215645,79.53542,63.541824,56.225872,80.71306,72.74286,39.611156,33.191666,64.75815,25.839344,72.10584,57.179176,Normal
50.650772,37.86575,37.070766,59.079456,53.734425,50.11831,76.44536,32.516586,26.31803,21.58326,47.47999,27.480907,34.4421,33.51875,49.177406,43.144604,27.074726,51.281063,63.90356,31.546585,48.84369,30.443436,71.838524,68.79061,27.497845,56.13237,57.35274,57.111675,22.806002,26.453203,34.8122,66.39604,30.146051,60.89287,15.035309,36.14621,45.106564,43.63803,80.57635,34.11084,83.01022,68.90106,60.221138,75.53254,78.082275,27.451082,36.36413,68.307594,17.314674,71.27271,50.00261,Normal
45.927612,39.705685,35.845596,51.0131,54.083103,53.55301,80.32468,33.55364,30.882994,24.852139,54.898994,35.04095,39.93846,29.7974,50.766396,46.877712,23.799343,54.011276,66.14663,28.086594,51.332462,24.997334,80.37746,58.89023,25.51362,49.55295,68.14536,54.71967,15.155859,21.357353,34.746178,59.2944,26.878357,68.14149,27.150908,27.058298,43.811268,63.958786,83.6342,24.376863,77.62315,66.04784,60.8694,81.24341,74.465454,37.22317,29.19096,67.61034,20.590172,67.22394,59.426727,Normal
40.88825,31.559193,38.09724,50.56141,56.205227,61.802364,78.46948,21.993793,34.971188,15.435294,56.58917,24.829744,42.16828,26.67351,62.47421,50.00799,28.74824,62.340645,58.381104,25.280647,43.19161,17.53759,72.26481,51.24219,23.670801,52.479282,59.162292,56.646214,16.29366,28.321192,29.745035,63.73542,31.921003,67.906364,28.479708,37.818806,47.840046,48.97617,76.97413,25.482603,83.87687,66.1846,57.674484,67.41965,70.36091,34.290184,49.2933,72.21551,25.947592,77.948265,61.356552,Normal
44.351677,32.78378,32.091175,52.210606,55.14527,52.68575,71.922104,31.141752,31.490795,27.23749,52.14051,32.090965,44.86399,20.482979,57.420708,48.869095,22.493177,58.820114,59.918537,27.551373,50.6851,21.971395,69.55445,52.497177,19.277847,43.67631,65.99452,54.956936,15.668111,29.024792,33.61423,70.41924,21.918165,72.7873,22.72526,38.747383,36.235523,47.864365,73.90317,31.39027,76.479904,57.89819,53.655006,70.89869,82.491066,38.663425,51.31338,61.688015,11.021543,77.9642,59.212105,Normal
32.811535,30.0828,42.623238,49.789627,54.314083,57.23638,73.09021,29.724323,28.00007,23.8817,53.06421,33.580902,43.433956,21.130386,61.563103,50.145775,22.310522,54.591473,67.3182,29.692045,44.48602,20.73229,76.23742,60.86409,22.717577,38.3785,54.326687,62.71083,15.9734955,21.67593,23.608582,60.22655,22.825954,67.675186,19.17802,26.64005,38.26054,44.79069,81.91077,35.129757,82.07703,58.225777,65.46137,79.83087,79.82785,34.48912,38.494637,69.72358,11.930301,65.94182,70.18939,Normal
34.33755,27.744053,29.392338,53.00834,65.9325,54.64339,72.850136,26.70891,29.247175,17.073816,58.18407,30.086061,36.710026,26.425861,46.179073,52.693924,23.059795,58.849224,55.16115,24.53787,49.65196,32.857456,68.685974,61.813152,22.460838,46.35388,60.032124,60.96006,19.999855,26.619602,25.764156,68.119514,22.837086,65.122925,24.887648,28.758806,39.55755,52.182884,81.42965,29.341827,84.85637,58.280186,59.38758,81.284805,80.436195,24.03762,41.392002,60.676086,17.223537,72.36582,65.79387,Normal
47.04239,34.549366,43.045254,44.1795,66.073395,51.863552,78.9902,26.45504,29.448729,19.170551,52.210453,39.08655,43.199703,28.495083,52.692997,52.329372,23.213326,51.934357,59.189983,30.1547,53.7451,19.712044,78.36579,58.65439,24.49823,31.541206,62.459553,65.04492,27.281975,25.25894,34.614185,61.312622,31.338625,62.833023,22.823347,29.805513,43.572166,55.72292,78.12447,27.558876,74.73722,58.04423,55.461937,67.314964,73.55707,43.535908,41.488735,66.467606,26.96376,75.41509,55.562393,Normal
42.83803,37.216507,39.223553,41.931396,60.657806,66.55436,77.43313,22.505548,31.136528,26.01902,48.65877,33.951496,40.625355,29.725206,56.847916,52.29192,19.617605,49.185,71.91867,22.039288,43.591213,30.529034,79.21317,65.76795,24.230007,51.33849,54.068592,58.457203,22.027132,28.346033,24.501757,56.262074,28.505363,73.57571,24.524551,35.67844,39.88681,48.29725,73.780235,30.115309,83.53093,55.66893,67.14419,83.92748,83.18349,31.71433,53.803753,67.32218,31.159338,69.09885,70.357,Normal
39.715405,34.794003,39.887207,46.512295,54.460938,45.041508,84.83752,25.748295,30.992968,19.834496,57.864174,33.01953,36.68497,27.234404,55.249897,52.12462,16.783722,59.280537,65.80795,28.097612,51.047325,25.316069,73.96722,65.494484,25.915253,47.429752,66.219444,53.859013,16.263166,21.113417,26.071482,53.82445,33.564796,71.31941,17.113445,36.63713,30.608313,55.297935,79.59959,25.525814,84.91575,66.470955,68.17836,73.82599,71.19576,27.856985,23.894758,74.54184,17.019115,67.262215,61.020187,Normal
42.723877,38.35475,34.966248,57.14045,57.613342,55.468464,77.04231,31.526236,32.905582,23.176582,59.188053,29.920382,45.86455,28.966103,62.101173,54.802895,20.258432,59.900566,60.773556,29.455538,47.96859,30.17224,76.93916,53.939194,19.737272,52.507126,61.442814,61.81856,19.091541,25.026,29.759312,63.114002,29.255903,74.371635,27.86928,33.829895,46.186428,60.20143,82.92287,27.441267,74.62373,56.600704,45.550495,76.03845,73.42256,33.515625,37.22285,62.188137,21.276957,72.19765,59.821186,Normal
40.617638,38.568386,42.892246,43.92429,53.387516,62.33408,82.700424,19.450583,30.674011,19.203035,52.258694,30.291779,44.928528,31.62922,66.45913,50.84021,21.02312,52.19405,68.981766,31.43655,48.11,20.69636,77.82156,58.626396,20.637754,42.210934,69.32229,62.115475,26.433922,29.668535,34.57408,62.129333,31.752195,73.07256,25.047628,35.9518,38.28935,52.568203,72.483185,30.17498,80.3356,58.844986,67.18605,72.60421,80.00929,34.976494,38.900795,68.80089,14.237012,71.556015,65.08828,Normal
40.25131,28.927212,29.507303,50.96549,49.95986,52.435112,81.12296,25.500044,35.6263,18.062859,51.803448,33.876766,43.50756,31.055338,51.443382,51.64128,19.862745,65.70297,55.892437,33.233807,43.155178,13.339134,71.29192,56.242283,24.946543,43.691906,62.622025,58.24295,17.91811,14.884449,24.130533,53.482525,30.823494,72.57781,30.084673,35.340057,37.22495,54.143803,82.175415,29.514986,73.495,58.04008,60.185574,82.493324,78.927574,39.87452,45.909576,61.433987,14.379703,67.69623,63.34652,Normal
33.127937,29.363216,35.576176,53.351765,58.139942,56.015953,77.7574,25.769157,32.188522,25.614655,55.257366,34.484898,39.85259,34.429817,70.95714,45.616238,24.769318,53.73244,56.85668,29.546164,44.38043,23.7541,67.781395,62.498665,15.862577,45.813313,59.75317,52.135147,12.071947,29.620358,22.610882,70.99877,25.23469,71.91733,27.655787,32.359352,40.73405,48.56388,82.7527,24.837584,83.976654,65.74566,64.08427,71.61455,74.30191,43.81239,37.804897,66.32703,15.827132,73.03918,61.692425,Normal
50.19633,29.58015,36.702076,52.937668,58.496487,51.30821,81.01444,34.172703,29.387417,21.688602,55.223175,30.06253,38.514984,25.499195,54.556973,49.392,16.205603,51.760647,61.11249,28.717243,49.811893,19.963047,76.66547,55.409367,21.073334,40.21959,58.4274,58.690723,21.872427,21.69918,31.757494,59.135075,29.447132,62.154472,24.803839,30.514421,49.92708,49.072968,81.976006,31.48015,84.40943,61.31909,66.58575,80.57751,69.80004,35.351086,33.876255,65.5886,19.862013,75.178856,64.906746,Normal
50.08131,34.194984,44.680817,45.26276,58.1239,44.70841,72.64117,22.148191,36.927574,16.957537,51.574146,30.176477,37.994217,18.65788,45.510784,49.965347,22.940924,55.735023,56.368896,23.670864,49.343773,30.75463,83.34549,63.61769,23.111687,42.83101,66.14987,54.64481,16.726305,28.417906,26.825603,66.05676,22.59165,80.163345,35.162376,35.388546,38.244286,50.37805,78.85772,24.389761,75.401825,64.171684,57.9611,82.083206,79.432556,37.536926,31.111235,72.32863,17.012815,74.60719,70.6802,Normal
46.534714,29.93447,36.798603,56.84681,46.659027,59.450848,81.01526,22.35487,29.103626,17.751463,50.586075,36.19249,41.650585,33.76827,52.764915,42.092434,28.755766,50.225002,57.449104,29.505917,41.87134,21.455658,65.260185,60.673985,15.427256,39.00717,68.08327,60.896267,25.344542,23.228334,33.79481,50.112144,32.880466,73.23291,19.707697,32.117065,34.110523,45.185368,75.79303,24.247639,73.373886,61.324917,67.53011,85.5163,83.250946,27.447268,43.375233,68.94244,13.826625,76.25215,56.01216,Normal
43.024017,22.3281,36.89205,52.844822,54.802284,47.26648,74.08007,33.010296,29.286331,17.609398,51.221333,38.183163,30.408098,27.513395,54.634533,44.338028,29.459114,57.274864,61.80779,24.641674,43.229763,20.946617,80.09522,57.187027,18.16772,47.69105,68.23606,62.54533,17.433456,22.679224,30.748428,56.62753,28.9688,73.5034,27.918543,22.80969,41.2077,47.827084,80.71302,27.167337,81.5393,61.525654,56.943306,77.46937,84.13157,27.901531,37.36403,63.545116,28.495964,71.67926,64.6089,Normal
40.833405,30.969374,31.300592,47.064095,58.611813,52.613827,67.98559,25.665916,31.608833,16.464401,57.218597,37.867023,43.16542,15.001125,46.51348,51.90533,28.610155,60.325283,60.419716,27.289068,42.121105,23.212975,67.200264,59.823475,22.64481,35.03278,56.050835,48.49968,23.37628,26.150507,32.464657,62.273678,22.088554,72.797516,19.326635,40.129128,32.019352,46.630505,82.25781,27.227966,81.86012,61.87945,62.472195,71.92733,74.73611,41.197266,36.275627,60.30339,18.337126,78.610756,65.29477,Normal
40.354748,29.017744,43.278755,42.346977,66.860565,46.388096,73.59877,27.440107,26.585531,19.907444,52.79804,38.991398,35.600803,22.13995,57.759865,41.465294,15.201085,54.77039,59.663223,29.705471,51.31894,22.223583,83.13497,64.65386,22.271704,54.854824,69.61588,61.496975,23.485878,33.022865,28.99939,61.645508,24.426458,58.20487,22.938826,41.03342,35.05697,52.68373,80.83501,26.56131,77.732185,59.59641,65.681656,78.84653,65.91562,31.776415,32.509163,65.93929,25.233822,74.05562,64.96434,Normal
43.236885,27.909508,41.490982,56.03557,62.7023,53.344757,81.224495,30.814785,33.86754,21.966953,56.31038,18.884007,44.973335,20.302578,66.62205,48.89275,19.180346,53.364777,57.799442,32.207405,42.436043,23.01782,67.814606,58.309116,23.747248,40.12224,57.14544,61.65749,15.465046,6.9243007,23.383255,60.42841,29.638048,71.77404,25.634789,27.068514,39.39815,48.577538,82.55857,24.550465,76.0996,63.410408,63.789986,76.35043,87.49976,28.376457,50.991238,72.928665,20.28722,72.580605,62.985966,Normal
39.659206,29.927546,36.995785,62.797688,70.27184,51.353447,74.34487,27.402325,31.421661,20.907454,51.531948,34.402004,37.305084,31.697159,60.68591,40.033947,24.969856,61.277676,72.187675,30.99476,50.576385,34.266647,77.155846,60.70485,22.591272,51.118393,63.744556,57.462517,18.676252,20.870504,33.917233,57.601555,20.028635,68.45255,25.503632,28.61076,41.03036,55.64072,78.72139,27.778635,84.100365,54.996277,49.68169,79.62503,78.07492,35.15262,40.220577,72.07656,23.513714,78.0123,59.173756,Normal
44.21439,36.58811,37.64324,43.478016,59.48004,57.84017,83.081764,21.096853,28.473284,22.640102,48.93599,28.544592,39.488358,30.482927,54.708046,44.835087,28.25677,57.033775,67.5087,22.671518,49.72069,24.371788,71.74268,61.731262,28.126146,58.42433,58.40946,58.65541,26.372602,30.15999,27.577488,65.238846,29.223581,64.71143,28.060497,27.746809,37.754982,49.640156,77.322,31.773085,81.139595,63.638214,60.766663,80.49176,85.566284,38.89296,39.103626,63.826664,23.853882,67.1447,50.31184,Normal
46.152344,31.465204,44.13454,48.460407,49.56902,46.270576,75.2882,24.39875,27.02197,23.019627,58.177128,30.476988,38.146553,31.978632,54.27657,46.44479,31.648388,58.673435,59.597507,30.880857,43.33924,30.712006,66.79977,70.18408,29.550842,46.800934,62.398952,49.276237,26.349632,23.51002,34.241802,63.06275,35.56833,69.630554,25.8167,29.806154,49.20865,59.535774,79.51755,27.048368,81.352646,56.40398,54.613186,74.105515,78.90888,32.091267,37.201565,70.99452,32.794773,66.12412,58.96709,Normal
38.73563,38.42969,39.26322,44.527813,54.55291,48.22293,71.15151,29.37044,36.962643,18.903349,54.092354,34.022007,41.027443,22.252848,47.50409,44.33512,17.959145,57.927578,62.155003,25.994936,51.607788,23.34154,80.53112,61.10784,28.960817,51.699245,59.97511,58.946278,18.254316,16.127165,31.617992,64.151146,19.817827,71.29931,26.08266,35.016937,47.883396,43.79147,84.45093,29.028711,77.48786,63.25971,47.994106,79.552376,80.01724,43.758297,32.55508,63.650467,29.005827,71.94747,66.08706,Normal
48.15591,27.824657,32.5805,55.237377,57.36441,55.266636,67.1615,27.982616,29.354298,21.05646,60.305874,36.644024,37.09687,27.472376,56.95151,42.336784,21.66573,49.780296,59.433712,19.806643,41.943424,26.47296,70.37895,50.614063,18.776371,30.362934,65.394714,57.27798,16.209063,13.364747,32.97506,66.00415,22.55588,69.21395,30.485958,37.506653,42.50064,55.947906,80.741234,25.318295,77.22488,57.182453,52.60436,79.58712,84.4732,24.78642,33.362095,66.94473,27.050562,70.27142,66.90448,Normal
52.03236,30.642168,33.670403,55.44446,58.17221,47.170033,79.87474,33.03346,28.731268,16.983467,52.62213,25.933718,43.796097,26.554417,51.326027,48.575,27.376255,60.30947,62.58066,31.872025,47.254993,20.861837,72.63121,63.73537,28.686207,48.55855,58.07003,60.07104,22.703924,12.019205,23.529743,52.326458,28.955137,67.31881,22.061455,27.266983,41.36492,49.407337,82.75971,33.88847,78.43963,57.970806,64.06201,81.7045,81.085556,32.655724,35.78804,71.44456,20.907045,73.23218,65.21706,Normal
46.645317,39.3316,40.758396,47.72568,47.047085,47.624226,65.8052,31.012362,34.073036,23.010363,60.750767,35.306866,48.11263,24.453516,66.62144,52.8218,29.026264,59.731068,54.64918,24.635586,43.0952,16.455324,65.08844,54.752064,22.58256,42.32242,62.643238,46.876022,13.353486,17.625187,35.75382,72.31675,17.586578,71.11103,21.638954,22.685354,33.568634,44.61271,80.63172,21.10318,82.15078,67.11618,52.368942,75.29047,75.00729,33.56665,35.48602,71.61859,22.29116,74.38538,58.739418,Normal
52.566788,35.157032,39.022694,50.7742,61.49632,50.847385,78.05103,31.218435,33.321106,8.9044485,50.449734,25.52869,39.584496,23.21648,59.96343,47.39457,21.708553,57.901554,61.69482,32.40201,45.86438,27.37088,64.89458,65.16415,22.179298,53.012863,58.05499,47.907166,20.087788,25.022402,32.3119,59.347836,28.268774,71.25721,31.789387,28.258718,34.46258,45.175552,73.41523,25.070162,75.28691,57.210415,48.84674,75.310356,75.95555,28.957117,37.570286,63.342537,17.614565,77.728806,64.44585,Normal
50.145916,29.67857,34.924362,52.36085,47.016483,41.941868,74.28037,27.86923,31.97054,17.116322,50.842655,31.716034,36.52366,20.693335,62.3058,47.544613,17.329592,53.64688,69.301186,34.037643,42.91006,25.439789,66.377174,65.46475,23.188343,47.179737,71.267456,60.979866,22.544504,18.225044,25.495794,58.31276,26.826588,74.83779,32.133934,26.17439,39.720367,52.613503,75.0639,21.190073,68.483955,56.760456,62.826828,79.003914,80.22305,23.180637,36.06516,62.725872,19.274895,69.23301,65.85543,Normal
43.24209,29.56615,43.070164,51.63043,57.171913,45.710842,79.45938,24.622797,27.861212,20.86439,57.82427,24.606138,31.863663,27.919754,52.84413,53.820896,21.043682,51.744453,65.575294,28.737095,46.102013,20.540861,65.04685,55.231236,21.40409,48.137726,58.199932,50.67701,25.364447,22.822683,33.801914,52.147472,26.86863,66.23518,35.50816,29.250786,35.818752,46.52088,74.22486,29.81231,72.36528,59.960968,56.098793,81.07564,76.39713,27.91028,40.185474,65.960625,29.858185,65.86134,61.77417,Normal
51.920227,34.91484,33.73577,53.311512,56.193623,55.217113,67.46913,33.540077,33.513622,25.230045,54.836952,29.041008,45.894073,20.298517,59.251827,47.77772,25.147503,53.169994,60.330364,27.827095,46.728832,25.467337,72.75703,56.022713,24.350084,54.056892,71.62407,54.367313,34.94499,29.590096,33.219894,71.92276,25.748613,55.969223,23.638767,30.452347,33.098648,62.238663,85.793076,29.408123,84.874405,58.245323,52.3588,73.75476,87.33624,31.526722,45.660847,70.44403,23.082397,73.83974,64.99197,Normal
46.095097,28.560865,37.74114,54.943188,56.032158,47.103466,81.30664,32.17932,36.758156,16.71145,47.94559,29.531227,41.766094,31.792124,70.13972,49.644936,31.730783,50.90416,57.446144,26.574785,41.91806,21.341722,63.527477,54.644283,24.495834,41.807343,59.424488,58.210075,18.009756,30.715034,32.709496,56.019787,29.454256,69.31177,28.792969,37.468277,38.797073,49.025745,72.41331,24.688936,66.99175,62.72452,54.525455,79.04221,76.661545,31.025593,43.982056,64.11686,23.646626,69.3032,61.230297,Normal
39.777416,29.6077,30.44905,48.14099,58.467537,55.34441,76.713234,31.263191,28.669718,24.64335,49.386738,30.421604,31.997355,20.963087,51.15084,46.14749,22.627825,61.65382,47.0594,28.70748,51.834904,32.076538,76.37054,60.809517,29.801197,44.783875,61.922684,59.16705,23.713078,27.947874,33.142864,71.231926,27.41914,63.095253,22.529846,39.85775,41.907875,49.980015,76.81005,30.07523,84.691734,67.488716,52.42789,67.27116,83.30073,47.4033,37.672474,70.252106,27.022354,71.44317,63.387344,Normal
39.711624,29.684832,40.43491,53.599888,54.5507,38.579254,83.97568,20.847015,30.000805,15.813136,58.2169,36.994713,38.522106,29.821194,54.433834,55.01558,24.765978,59.167755,64.833664,24.55235,48.770195,25.835415,75.27705,62.34365,18.145021,40.742306,57.748253,55.548252,16.707624,24.909838,30.842712,61.23388,35.448048,72.83237,22.050602,28.93457,40.557213,50.60088,73.06786,23.786018,86.66118,64.65992,59.089134,72.281906,78.67493,41.36893,33.684006,72.26907,13.854517,70.83006,65.156876,Normal
42.70012,33.557175,37.389637,51.839172,66.989586,41.53665,79.06242,29.18934,25.784721,21.521414,55.669327,34.501675,39.06938,23.974163,57.383003,44.155136,30.066216,58.23589,58.25246,22.895004,51.61626,24.763304,77.94713,59.587505,25.238981,48.06025,61.652916,59.312927,17.715775,15.690564,32.119766,58.15497,30.737581,74.40753,35.73063,26.930836,49.66384,53.414085,78.51857,32.72173,68.95667,63.34243,47.17265,81.248665,73.66395,28.44687,43.32988,70.476814,35.448116,70.2733,70.69063,Normal
35.816265,30.76183,41.19309,48.33031,59.1775,45.322735,70.354805,29.116669,28.402325,16.900688,60.21424,33.353687,39.16396,31.92296,53.709946,48.331104,17.703854,54.616936,68.189354,27.047462,51.72744,21.69643,78.10493,66.9378,27.501417,58.153538,63.84178,51.807926,19.127789,25.990105,26.689295,52.6712,19.620447,69.85048,19.943972,28.836508,44.495495,55.01462,83.47723,33.762436,80.18543,57.696392,62.089096,79.112656,74.92007,35.300476,45.987103,62.69323,22.921032,81.06789,60.699615,Normal
49.98409,28.066332,35.422016,51.706024,51.30525,49.16935,73.18368,31.71772,30.696062,18.104738,52.773453,29.971617,38.15296,19.15438,64.14701,45.646004,20.732569,63.332436,67.93778,25.582651,42.314426,14.601574,67.08217,66.925705,20.145287,48.076622,69.47409,61.772095,25.441694,31.895266,31.836504,59.6358,24.15129,71.811844,28.575497,37.2538,38.223217,53.140076,79.28854,22.632196,76.6813,58.52013,55.536026,80.653015,70.346466,37.358578,35.27401,58.5472,11.547222,69.39432,61.382275,Normal
42.223484,32.511894,34.83954,44.340935,51.021698,53.54671,79.73611,24.375267,33.813576,15.678185,63.638027,28.51755,38.33695,24.87958,62.31575,43.495625,19.965412,48.767498,58.122757,21.694012,42.432003,29.132828,76.82604,60.611713,25.625021,50.51354,58.14257,55.98953,13.59239,23.327543,32.79608,54.607677,28.377682,77.39041,26.638342,30.489918,44.577057,53.011784,75.087906,31.401606,77.71632,66.40675,49.854103,74.81363,77.01307,45.149643,37.12875,69.989395,11.951432,72.93799,57.52412,Normal
42.397274,41.052227,36.198765,44.539665,62.033203,57.07104,81.530716,29.37504,26.393713,17.046404,58.358192,27.581602,42.0081,25.273289,62.464237,49.46041,19.533499,52.50511,66.61443,28.443121,46.466427,23.40145,73.613716,69.29403,23.459497,61.586536,66.59679,54.285774,13.555471,21.671434,25.25759,67.65262,30.474678,66.56414,26.64114,30.106003,35.81619,59.52485,79.109856,33.025566,74.57155,63.84809,47.9814,79.352005,85.27655,41.24007,43.45694,67.65745,21.438433,76.40267,69.45287,Normal
41.19322,32.354126,36.392796,54.56604,56.127983,49.77907,70.76842,21.521185,28.930023,15.338776,57.76466,40.740845,39.044525,24.042871,52.783745,40.434402,32.265255,47.598045,61.900658,22.975035,41.75162,28.675697,70.06803,60.04053,32.569756,49.65124,63.40828,54.49749,31.765614,13.120758,35.19634,67.85161,24.554302,73.56787,21.344316,29.29241,45.345722,59.378986,73.30471,29.813377,76.738655,56.283825,67.56868,79.46416,76.80478,37.433056,46.594555,69.94019,23.957664,68.94325,69.41082,Normal
42.058414,30.882242,42.547863,45.396156,64.31829,45.047104,69.95908,29.889349,28.424955,15.901145,47.653427,31.420351,45.557693,22.449444,55.46694,49.23338,15.47503,51.10829,66.18449,25.125347,46.6924,18.824808,76.11196,57.651016,25.317886,50.573395,65.767426,65.7076,21.262455,27.856695,28.762619,60.656147,26.455444,63.688057,34.249557,26.74496,44.815556,56.53055,75.362144,33.642395,79.54064,66.81892,66.00651,68.61028,76.5119,36.11895,29.314926,63.133102,23.266817,79.886185,67.57565,Normal
40.126114,33.713333,34.042137,49.55946,53.076866,50.041153,76.75762,32.355503,34.663113,18.817036,54.938133,37.794266,38.31413,31.783312,64.707054,44.360016,26.32719,58.580376,69.97338,25.821333,45.998913,20.62365,69.529106,66.47227,16.784271,35.964516,66.79126,62.182537,22.879124,29.521067,25.191605,62.90519,30.30843,67.59333,30.190023,24.765965,45.85912,44.91221,83.28622,27.985432,86.966095,60.3705,61.675117,84.36296,77.72095,40.39566,47.21009,71.400665,22.908236,67.332664,70.9345,Normal
30.056625,35.202198,41.08002,56.985268,49.83726,59.71766,72.14049,24.052507,28.535063,27.237186,52.90399,21.308035,48.70099,27.16068,52.90364,49.74872,14.254898,65.857544,61.95048,29.81325,42.577118,18.04709,79.7749,61.40526,29.587471,41.30443,66.196655,64.84994,19.671328,22.474094,26.622112,56.219902,22.200975,72.386856,19.590519,34.20464,38.31476,52.10004,84.09236,29.291555,72.18373,66.97319,66.779396,71.5179,73.02906,33.362946,41.809,63.626793,23.88841,70.69265,49.89382,Normal
36.226883,29.384275,41.054237,56.77393,55.697315,43.960087,66.639404,32.175293,34.214443,22.53131,52.7754,34.281303,43.228416,21.987682,52.504982,42.05182,24.63948,60.41467,70.190025,32.8679,51.427185,16.78472,81.500786,56.141163,16.002855,58.152287,66.51631,60.92198,17.669935,32.187294,29.507793,62.971043,22.004166,73.10756,15.36475,40.41227,40.271492,58.177097,75.26756,33.86075,80.78888,56.936462,58.463192,81.604515,84.40989,30.340378,39.188267,60.61161,14.287012,75.5143,58.9145,Normal
55.93135,34.50849,30.657955,56.987926,53.8515,53.968918,79.28709,30.800161,30.884222,17.218613,60.214535,35.921814,41.794834,22.351738,61.326576,49.25453,22.415865,56.055656,62.027065,28.02253,42.924957,22.28827,79.55881,52.526737,27.332943,48.84239,73.37606,49.74097,23.671467,18.804548,33.880344,68.705345,27.088224,79.71873,20.028177,34.282623,41.19211,49.867542,77.62149,32.916634,76.024216,55.698,58.921013,75.29558,83.093346,22.460684,38.349964,69.4232,13.650788,72.29616,67.9462,Normal
46.311626,32.371746,34.290573,49.500664,50.22788,51.971455,77.20444,27.007483,27.694817,24.111843,49.630142,29.9112,35.741867,21.441858,63.60387,46.200607,29.216265,54.824345,47.69158,21.941729,53.094883,25.316408,69.8062,56.94646,21.537624,40.101665,70.85129,61.186768,24.412052,29.422405,29.173819,63.086887,25.441654,68.74587,28.515095,38.177586,43.42377,56.057457,74.79294,29.678516,77.2373,68.158104,59.62756,75.63866,81.48119,35.498882,28.99608,68.78631,15.03668,69.33176,70.231384,Normal
34.89565,26.947868,37.53493,41.80504,56.80938,49.83001,77.19729,23.556334,35.371742,10.115774,58.933773,26.643269,34.4812,31.87445,57.174217,41.679337,16.229933,47.456295,61.44227,22.745544,43.17544,22.96651,74.79681,53.8943,19.792356,44.5198,64.79369,49.92784,21.479446,29.097471,31.886915,65.001396,24.557455,67.439,27.364492,29.842491,44.380867,49.639732,72.76867,26.164103,75.888245,58.878166,62.717983,74.01615,79.21224,35.864456,40.236046,69.21992,20.05976,75.161415,56.10877,Normal
36.53457,32.386353,44.18521,48.805088,53.085323,42.26421,67.95983,31.995085,35.899277,20.355469,48.252323,37.346733,38.49297,29.072515,62.35764,45.724354,33.98653,47.580914,60.643303,32.050064,49.30724,24.686136,74.02081,63.154682,23.16464,48.431705,56.775658,72.16884,21.114592,31.64847,27.895386,68.08223,19.111057,66.227455,29.810923,34.761364,49.416405,42.850628,74.966415,22.277216,83.62676,66.4292,55.56881,79.73984,80.84484,30.86722,39.552357,67.28286,31.289427,69.37845,57.438347,Normal
46.844364,36.23486,42.126366,48.3831,51.964157,37.18878,80.20825,23.13469,38.296154,16.128448,55.736732,34.363163,42.56007,25.04007,66.91871,47.604855,25.057724,49.79937,68.69196,25.941977,49.537918,20.482075,72.316376,67.41171,23.949986,44.07545,63.262344,59.270412,7.687194,21.51344,27.001348,66.87174,32.39465,68.17244,22.625618,27.081564,39.31074,52.386597,76.58981,29.123844,83.09433,60.29579,51.581985,81.3664,76.242905,34.459553,45.919037,68.25163,19.591831,78.49133,67.927734,Normal
49.232185,32.950367,33.63278,60.543617,56.226154,56.012337,71.34444,31.48192,28.435804,26.529968,52.14683,34.023533,34.85958,20.627298,48.79306,50.008995,30.084288,49.773182,54.925587,25.623322,53.8676,14.042028,70.2194,55.300697,22.098372,46.935276,61.022404,63.903214,17.218874,34.175327,28.07292,63.008533,18.477024,58.176052,28.665997,28.429811,33.86309,65.71971,75.69666,23.554367,86.03159,57.504524,57.95048,81.87902,71.37328,37.753532,44.752094,66.06328,21.650354,71.60324,62.34847,Normal
48.160835,27.687151,34.85323,53.319813,49.72663,47.66728,74.88387,32.26312,27.802202,20.307686,52.111717,36.309147,33.998894,30.19588,52.844746,42.795086,19.27412,61.66376,57.40855,24.520197,48.39794,21.4673,82.39169,56.05071,23.879013,42.94586,69.02828,66.37567,8.463759,22.822983,34.725414,68.320885,23.254091,65.521675,25.71828,36.576416,53.924427,43.90485,79.55502,23.975471,72.80513,59.054382,57.07423,82.305626,65.689606,32.229343,43.135433,73.82953,26.037111,67.37455,49.824867,Normal
45.64874,36.26823,38.893467,46.831577,48.931156,52.215275,78.41453,22.195795,34.932976,13.041237,53.66071,26.270727,43.549377,20.7514,54.617664,46.20542,20.020369,58.421734,58.179905,30.087484,45.226994,24.936728,76.00633,62.57656,28.192738,49.76064,64.20196,65.77505,15.204782,20.04191,26.913446,52.91698,29.744785,69.839554,28.412569,32.605877,47.428486,56.357162,73.767426,30.28541,83.011375,64.91646,56.014885,72.709305,80.931145,30.39917,39.297897,62.491146,29.958183,72.47988,54.14072,Normal
36.576176,25.488785,33.989624,61.125927,57.451473,41.944542,79.07371,22.655643,32.72031,17.364834,50.05102,34.10121,40.315388,31.997524,58.57902,51.067345,17.6709,58.46548,54.73638,32.95533,45.172184,21.492834,73.56562,55.83154,29.344542,39.01958,61.960915,53.750088,26.992624,19.699442,24.736067,54.209965,30.227026,64.42738,23.865292,32.57493,38.18341,53.908016,83.31387,30.629822,80.53994,58.304504,55.27158,81.82045,80.83562,34.445328,44.806576,62.050144,15.924424,71.68302,53.369568,Normal
41.308144,39.547707,42.098656,41.261604,57.76238,51.387268,70.720505,22.56451,22.843962,9.664979,56.305084,27.973804,44.564888,22.873798,60.50135,49.07251,13.523256,62.223846,59.742786,26.901104,43.448853,26.055431,75.79679,56.239124,25.486658,46.22987,56.88815,60.857567,19.148914,19.090557,30.778025,53.895725,20.87809,77.244,33.06998,29.460896,42.077843,57.122116,72.636246,28.984173,81.671005,58.31576,70.074425,73.438225,75.94467,38.246334,35.827194,72.759346,26.683493,70.27521,66.718254,Normal
37.27829,25.52508,43.19378,51.54331,57.139748,45.863136,75.54002,30.006556,21.976194,16.664827,58.536938,28.878798,42.462173,32.670094,51.72607,45.641167,18.377085,55.855896,55.33362,27.44512,46.761955,28.265036,64.359764,62.30781,18.580563,52.43544,66.407326,54.384426,17.742176,17.079742,32.116787,65.95029,30.171503,77.50467,26.792864,28.2238,44.010696,54.336246,74.13894,30.372278,73.95081,67.20369,67.32656,75.279655,85.25529,40.010593,39.72448,62.1922,18.524067,68.93657,62.959496,Normal
38.489136,28.158407,43.31439,58.111107,61.707886,48.53012,73.115295,23.387833,31.467258,26.854836,47.697002,27.481953,36.54084,23.49831,48.860634,47.498024,26.144442,59.356342,58.592747,29.855825,42.263916,22.34584,73.04702,59.069675,19.426216,54.037975,67.51447,54.86208,28.589766,31.03312,30.963999,56.330452,23.884172,60.493572,27.657793,36.258213,49.47654,54.593567,84.9053,26.636639,79.9533,58.69698,51.420322,79.021545,70.09314,35.121296,45.3825,68.89866,17.08138,67.40979,66.244316,Normal
35.058365,38.70474,42.989517,57.789433,57.988544,45.2909,81.68668,22.066559,26.065273,15.98534,47.225018,29.929335,44.592304,22.266233,54.557423,40.12282,22.739323,52.70439,70.34418,25.818272,45.742466,30.427929,71.094284,54.484303,24.85631,33.381603,63.499523,64.39632,17.460789,19.604214,30.959621,57.030502,29.190397,59.595802,19.869987,36.296665,32.935783,52.245567,72.93505,26.80911,67.8887,58.893944,58.54925,74.36131,69.99162,40.232323,38.37216,64.93244,21.333986,67.59836,63.55048,Normal
45.198772,28.500406,35.569958,56.14055,56.53795,48.017963,77.34021,28.69495,32.16287,25.192535,62.526867,27.093786,34.20454,30.096626,60.971924,45.563145,24.001629,53.217216,67.37037,25.432467,41.209427,21.887169,74.55647,54.6569,25.948011,56.28117,67.19013,54.51295,16.564688,23.837032,33.874363,66.317024,22.344658,70.27651,24.844757,30.472128,31.5507,43.06496,83.48129,31.962654,67.32257,61.649662,56.387993,70.222374,79.75574,33.202236,37.936714,69.610756,13.597067,80.34153,76.83735,Normal
38.472008,31.820082,36.17458,46.87496,53.16666,60.533028,76.08404,21.574198,26.142363,19.466814,60.505398,29.049938,34.549732,23.165442,63.75659,44.21437,28.182186,50.830914,66.86203,27.42363,43.442776,24.770624,78.50865,56.721626,27.60267,29.814457,57.773933,53.96609,27.818962,12.255551,31.679743,63.626896,27.180706,68.767746,29.461996,26.353718,42.0127,57.95518,75.52031,26.739462,84.38291,53.52045,67.21516,79.68266,72.04347,41.429813,31.955938,71.255295,18.684633,68.137596,67.34428,Normal
45.76537,28.891636,34.264553,55.898914,54.905922,62.740738,80.62048,24.906965,24.609415,21.160982,51.337807,32.08931,43.050114,30.46801,56.048817,42.071606,24.877888,53.893806,50.824226,29.082552,41.00763,27.216892,64.65095,57.75354,13.856944,46.01786,66.46767,61.081844,17.453485,8.445698,33.56144,60.3382,31.244066,69.19756,25.473896,31.222605,32.516678,40.956303,74.136566,24.350523,72.78599,59.447258,60.395237,79.00562,74.66683,35.34234,44.23476,66.90914,17.58098,75.59862,60.04664,Normal
41.477177,31.511133,39.65853,44.676792,61.551865,57.081806,73.635925,26.367062,35.200817,19.353653,61.72241,32.282066,32.133774,26.109488,55.86021,53.831936,20.050034,50.3481,56.080765,24.616627,49.93164,20.140354,64.694275,59.302074,14.43063,41.929295,68.25889,53.621532,31.860697,15.967296,34.20834,58.271973,23.704292,77.08497,20.42082,33.50216,46.1563,53.014977,81.55795,31.881304,73.26015,59.396973,67.00551,72.95799,80.95542,37.641285,44.257526,67.624596,27.84321,76.392975,62.020973,Normal
53.25312,34.657154,41.83458,56.674065,55.64481,56.900764,73.402794,30.875467,22.473408,24.608597,46.767387,30.390768,38.384705,19.877682,65.861824,49.059174,23.900352,56.38385,68.78323,28.94172,44.82667,31.585718,73.70436,51.558372,23.256325,48.35177,69.202576,60.062286,16.897974,24.57152,29.872446,60.234104,26.67233,67.921165,30.39533,32.3155,37.41302,38.19907,82.14458,26.336126,69.38267,57.71352,66.3636,77.46887,88.22574,29.181807,37.15269,61.762093,29.685305,72.403404,67.825424,Normal
41.907436,35.666286,35.5201,36.756084,52.08159,59.044502,73.88456,23.499123,34.45093,22.720938,55.725376,32.78349,45.06198,21.335302,54.931602,42.83319,23.03317,50.407555,60.326138,32.328373,40.94439,27.844831,77.93279,54.298817,16.225779,52.601494,65.44604,64.31117,23.25078,23.861113,32.232307,57.768105,20.076962,63.33689,19.496256,25.734226,47.950176,42.469875,74.500946,32.271957,84.93501,65.751564,50.93591,74.09931,74.47513,30.81922,40.363018,68.489586,23.233294,74.5548,68.26041,Normal
41.071777,29.738632,34.328312,43.425938,56.45074,45.256374,81.25625,28.558357,29.676737,24.310051,53.723736,36.253967,38.363243,28.78598,54.535675,51.492035,23.107744,54.10519,56.07207,30.67731,40.850254,30.445068,69.09488,66.818695,16.98863,54.753574,62.586155,67.810905,25.811592,23.648214,28.00328,52.587543,32.734432,64.14246,24.44122,30.743736,35.275887,49.48981,77.82055,32.65965,75.686905,59.326756,53.913155,83.693985,72.17218,37.625843,38.04097,66.532646,24.59268,73.95913,63.62676,Normal
36.285706,39.99904,37.045074,47.256065,61.45566,48.857147,72.98706,25.28992,29.149475,10.599636,57.87699,29.847696,29.109238,19.064827,56.994175,50.862904,14.710728,62.245064,57.466663,25.715782,51.457718,32.0123,69.384384,61.364708,21.752476,51.784634,64.69793,55.183426,25.861874,15.044903,27.576448,49.57692,23.209282,67.14817,20.670921,30.97151,44.332653,60.266567,78.019455,31.493727,75.42131,61.60387,55.902847,71.46366,72.00588,41.498898,45.597652,73.00284,22.111567,73.16692,63.128857,Normal
44.077927,36.482655,38.151867,50.301327,58.01021,47.50157,72.15407,25.348526,37.546726,24.831999,52.217155,31.342342,42.4388,18.252686,46.210186,49.989326,22.030392,51.595703,59.73146,32.708477,51.480774,20.247437,69.036064,49.20442,21.353489,52.397617,68.73282,62.510723,9.740548,15.648995,32.66681,60.17565,22.863092,68.56613,32.751457,29.984694,44.872787,44.856266,81.074066,32.497097,86.744385,62.34128,60.033333,76.845436,79.056564,39.70782,45.212433,65.94723,7.5466943,66.0767,71.43127,Normal
44.94495,27.211727,33.913303,51.058487,53.825413,53.343727,74.53607,28.529362,25.617603,24.587347,53.424534,27.63578,40.82786,25.189981,52.359783,48.788982,25.632605,60.89636,70.37691,30.657822,49.97624,17.480001,75.37745,61.29308,25.739283,36.667706,69.620384,66.84746,17.16986,22.325972,27.330933,70.13522,21.314466,58.256615,21.90594,34.482403,40.84439,53.18374,76.68251,21.614965,71.01904,57.008022,64.57063,76.31991,71.39932,43.640602,32.03541,68.77436,27.199825,76.245026,65.886215,Normal
32.64156,36.112396,44.989845,57.78899,48.51471,52.555534,70.49729,25.54119,30.741846,27.25209,53.623734,24.725523,43.263226,22.391523,68.086075,51.314526,24.796125,51.152306,58.44668,30.505104,44.5464,25.750914,81.64702,61.335575,14.308371,49.75656,70.5576,65.44223,21.618023,16.557423,29.689783,66.15743,18.65785,62.346397,21.037588,28.459635,33.888874,54.520977,76.280426,22.210796,78.61574,66.32522,58.634533,74.83547,74.17927,37.099087,40.65325,67.98117,20.081247,77.4892,61.260365,Normal
43.15737,30.080563,41.230476,54.12812,54.032433,61.536674,75.14849,31.386047,24.229147,19.76659,49.136944,36.58154,39.712753,23.411602,52.456635,54.715126,25.981203,50.797638,51.06569,23.148388,52.36066,19.08485,64.63267,58.531006,18.440763,48.842697,60.23131,63.074493,26.842064,33.450027,26.094362,66.62865,24.590754,61.719482,24.152882,36.613117,33.87015,54.085762,80.998604,31.07046,79.83248,56.391994,56.31216,83.96365,77.68058,34.73546,45.483,70.64806,30.504309,79.7616,55.642056,Normal
50.755814,33.889687,34.39523,57.429718,53.02815,56.36155,77.171646,23.864765,28.459902,19.045206,62.602173,37.382248,45.225517,25.080114,63.13722,56.176186,19.47919,56.841465,64.837906,21.807974,41.340813,18.354553,76.69843,58.860622,20.242193,59.557076,71.414734,55.53655,20.207434,23.379505,32.748398,62.764236,30.093142,68.67166,23.897541,28.795324,50.868546,42.924934,81.54787,31.024574,71.41449,57.167377,60.069523,74.41372,79.58888,33.20839,36.946644,71.59727,19.219513,70.56076,67.54632,Normal
48.74778,37.341545,34.348736,41.67623,49.77005,35.53038,73.06379,24.553196,25.019348,23.575747,55.884212,31.408247,34.002293,26.953634,51.250324,51.72194,21.53716,55.73964,57.15834,27.267105,50.790512,23.996141,68.33171,54.19467,16.140537,51.317516,67.51463,60.883823,21.525002,27.979675,33.822033,56.271477,27.685951,64.092285,25.524172,38.789852,31.731407,53.397675,73.89362,29.518509,78.362236,61.474167,52.006317,70.53167,82.89437,34.009987,38.268772,61.798695,19.399998,72.98309,58.46235,Normal
56.002235,26.4131,33.563313,51.482254,54.889946,42.934315,74.231964,29.877977,33.21775,18.08753,53.694992,34.446766,36.728344,26.208925,65.88862,40.290836,11.812959,63.774788,61.18723,30.149338,49.975174,33.426655,79.79721,63.626114,20.652256,49.92727,64.993935,58.20338,21.865496,32.18758,34.67425,64.4882,23.268644,64.810295,29.872248,40.086765,32.5429,42.844624,82.55494,23.458645,72.47444,59.738583,55.706367,72.049095,67.60201,36.91944,39.663864,71.468475,27.068264,67.41349,55.15127,Normal
32.835625,26.139841,44.75009,52.341743,61.5871,50.785515,70.13858,29.16524,25.783892,18.923307,61.227882,35.191334,42.74264,25.099138,56.198833,49.144814,19.854898,49.76428,67.89725,26.683403,52.118263,19.977571,70.7491,61.58468,25.747425,52.119984,62.80957,50.746536,16.105696,21.964153,24.360096,51.001965,20.84365,73.77965,23.750141,25.062346,43.830223,53.880913,84.07944,35.232323,75.68042,56.98034,61.692833,82.64972,82.433365,38.180218,33.27496,63.582203,28.422993,75.39947,61.642036,Normal
38.99881,32.333153,36.63507,49.239613,66.3,55.86304,77.1868,28.899008,26.400034,12.390128,54.497616,21.092123,40.968933,30.670683,52.178402,50.02899,18.696924,52.91647,53.927666,30.732574,48.74865,25.330784,75.01796,66.927505,20.962137,56.203217,66.28627,59.998535,17.522968,19.798033,26.517378,61.044415,26.882055,60.874516,26.014503,30.324896,38.95202,46.15896,83.05438,25.571157,80.30936,65.14317,53.76603,75.2296,81.47708,41.708374,38.491554,69.73971,24.543993,66.99026,60.96993,Normal
45.99909,36.68276,37.885536,45.46378,58.147842,59.429043,81.23803,29.151733,28.31335,23.023428,58.861324,24.689667,46.04056,21.12302,58.53911,48.479637,27.05603,52.682854,63.05418,26.217916,47.33451,17.67958,75.91549,68.211555,25.647251,48.544575,59.52141,52.358406,28.081726,30.15924,28.022562,64.8233,33.23495,66.18834,28.010374,33.12876,38.919,60.492855,84.13281,35.500534,71.81426,62.826923,51.81373,77.845604,78.44529,21.114637,40.00498,70.5012,18.234848,75.51925,64.99772,Normal
52.077522,28.84456,34.92414,50.835724,57.72249,51.828365,79.41049,25.626219,25.845217,25.475267,50.754852,27.657595,36.10748,22.562674,65.2619,46.615715,27.412785,60.124496,59.83164,27.691053,49.736633,25.138895,67.97456,64.52527,24.706793,44.101913,62.43117,61.38872,17.527893,36.291122,24.659807,63.087917,26.532133,65.604614,28.165817,35.921528,48.41572,44.280777,76.425316,28.310892,75.459145,66.97474,65.72204,73.04186,74.241516,35.152905,51.706043,64.36004,19.5417,73.88972,66.92072,Normal
45.380314,27.927618,42.986607,50.100327,54.073483,47.661312,68.43486,27.623682,40.47716,13.921665,54.895504,33.94334,45.075897,19.571503,60.672577,43.725185,19.533392,57.73224,62.23246,32.675373,49.44385,29.350899,82.52312,53.07133,17.858868,56.519466,63.878834,63.35041,19.395681,18.933237,33.84159,57.50275,22.147942,70.9885,24.372795,32.127884,31.766832,52.802647,74.49378,27.340233,75.61479,57.10075,50.50419,82.23946,74.34573,34.260143,41.056316,61.393536,19.141842,78.733376,63.28164,Normal
48.617382,35.6686,47.946373,57.75842,61.26188,52.964516,79.17816,32.121616,26.263884,25.69628,57.508133,27.135033,38.39142,36.123577,57.505035,49.513485,27.223381,51.482628,63.414215,24.532988,46.78647,25.43238,79.15696,68.71851,18.261534,41.976738,69.15218,52.348843,12.598878,32.141975,31.05284,53.42819,25.211056,65.34106,19.814955,33.466,38.729866,51.0605,74.26897,30.093933,84.20856,57.616943,49.46132,74.60998,71.630875,30.972942,30.91836,67.47678,30.24635,73.99045,57.71319,Normal
42.443817,26.03747,39.469715,44.05867,66.13181,49.55726,73.83356,28.340038,25.31623,21.23662,51.908833,34.20449,37.675705,23.694454,59.9504,43.04439,21.817055,56.454464,56.08757,29.986734,51.701485,25.345892,73.28668,69.743935,18.852228,54.19807,69.83726,56.141605,13.631849,23.274849,29.683704,67.73318,25.577988,64.85725,30.44898,34.813564,44.89942,60.8247,84.12423,21.770342,81.31165,55.691902,61.608727,79.35316,72.05318,30.167135,40.245804,63.462215,19.845865,74.10818,69.677574,Normal
43.524403,30.867899,43.37349,52.23039,52.457687,57.024082,73.37348,22.887056,33.680626,20.602041,61.586525,29.375965,39.05838,25.968971,62.063515,49.09129,17.209002,63.472794,67.565025,33.187485,41.20883,28.053938,74.9135,58.166325,16.698557,57.384354,65.039604,58.68992,22.245779,28.21901,28.5792,69.430824,28.898731,73.449646,26.80368,26.237158,41.44809,47.471992,80.24259,34.71945,65.83666,66.52357,60.994495,75.35956,74.292625,40.156395,38.775314,71.80462,31.846527,70.47979,70.84077,Normal
37.560715,34.06335,41.351986,45.23911,58.31434,50.35543,74.996445,28.933321,30.471317,25.292967,60.10558,36.45336,33.88381,16.70345,60.057617,41.91762,27.52296,49.83513,62.153404,30.825481,40.83946,31.769234,68.0066,57.40021,27.467215,48.341125,57.907616,54.995304,22.274284,23.450588,34.33238,67.211624,29.433031,72.148796,30.978907,33.00361,38.597683,60.615227,80.99956,26.205599,82.05973,55.213192,60.769367,72.883064,74.24779,35.803215,31.989502,66.2605,28.120422,66.08104,64.98902,Normal
36.804497,35.169735,42.476547,45.508648,56.701263,61.59598,80.31997,23.997702,33.327023,20.563536,52.59431,24.706598,38.197807,27.599562,57.1341,52.635372,17.4582,52.582047,77.374886,23.491749,44.64505,27.082586,79.84542,64.5128,23.58975,47.244164,59.532925,55.490036,22.367413,23.58789,23.384483,52.762764,33.657444,74.62963,31.744022,39.668938,42.22283,52.280746,77.70257,30.418207,77.65146,57.2863,71.15736,74.990135,83.91738,28.27822,41.962883,66.62795,15.630364,71.50969,62.60722,Normal
47.970734,36.427032,33.324886,50.739956,65.50821,56.772987,75.55114,24.90435,32.323124,24.054245,48.572998,27.688776,32.683014,19.65793,46.771164,42.733143,22.119305,60.26336,64.10119,32.086784,54.259117,29.484125,77.41377,63.238834,25.860733,53.91912,59.51864,63.596947,20.711786,17.786331,33.73417,66.46418,23.02698,63.852074,22.439133,28.220797,48.44508,62.045795,75.230515,25.780363,75.31582,61.23694,54.14591,75.0202,72.939125,30.960487,42.942654,61.85188,19.106342,73.60512,67.91596,Normal
41.44311,33.763878,33.40365,51.834713,58.288128,52.647675,72.082954,31.438343,38.72626,25.378395,57.516594,23.568636,33.06192,21.429266,50.17415,51.389328,16.91573,62.8673,59.27293,24.945124,51.555424,25.064627,72.337654,58.786297,21.865997,43.555275,68.154335,57.084766,19.143105,36.028824,30.408993,60.27489,25.927507,71.587234,29.241112,35.235676,38.32949,58.69421,73.238434,21.946218,81.017815,66.17908,49.874622,75.064705,74.24639,23.912321,25.736166,61.246105,21.195812,69.63584,72.76793,Normal
50.969788,28.82955,32.071632,48.483635,54.657803,54.037346,80.578926,25.341084,27.024067,27.96862,63.192688,23.382143,43.419884,23.995224,50.47805,49.523186,19.010138,58.77746,53.629803,23.194973,49.90036,25.075731,72.466644,53.529182,25.63536,48.03841,66.22406,53.25821,23.468054,29.52031,26.43358,55.545,27.936329,67.69804,21.909163,34.248096,25.371775,54.873123,76.716415,30.402502,80.46376,66.9349,57.534668,76.11768,75.04083,31.418179,45.528194,65.10459,18.232418,75.0553,68.22188,Normal
53.046947,33.192833,40.726044,50.172604,57.997242,53.296967,74.38134,31.52361,29.101923,21.60161,52.558586,25.610338,38.791603,19.587074,49.214066,55.136135,29.710167,56.51334,62.42016,23.625957,45.979553,20.038551,72.38924,64.992485,26.627958,40.320232,62.071854,53.935432,20.820757,29.322485,23.953402,57.99853,20.174253,68.26705,22.293877,26.099712,33.507347,54.60793,73.131615,20.759266,72.01049,58.503304,62.48789,80.77576,72.79188,28.107798,42.20291,69.90272,19.746002,68.414604,62.170326,Normal
43.472645,36.636063,42.442654,47.11759,59.781223,60.033722,77.86558,26.377018,31.736946,27.857569,49.849995,27.537888,36.226395,30.878523,50.104446,51.565975,17.281462,56.92855,67.562515,28.981073,42.88112,27.607876,79.28253,67.50745,25.01623,46.717728,59.988262,59.41604,32.69843,31.66614,25.240454,58.267067,29.81957,74.46919,29.614674,36.992428,35.38901,55.218754,78.84177,32.593388,79.18752,56.833206,64.572,78.75628,83.39491,33.0207,36.04259,67.75596,21.524029,71.75063,67.83744,Normal
42.88894,26.605558,38.364513,49.23014,59.90919,50.253162,79.37348,29.07217,34.620228,14.886954,53.84258,31.76859,35.63464,26.900885,57.974567,41.777863,17.32461,54.74188,62.256317,32.12283,50.229748,28.273418,69.914734,62.299263,24.491453,47.133152,66.29599,55.33311,21.664373,18.819036,32.664066,62.26324,32.072674,55.349396,27.078274,27.92165,34.064995,47.92422,84.06854,30.25754,77.5325,65.47301,62.008,71.34709,75.02076,37.966072,43.77979,71.156586,26.371584,79.28981,72.90123,Normal
47.767155,29.328072,38.500134,56.64124,53.25158,56.613674,71.93771,25.742014,27.474033,17.773336,56.225548,28.673088,42.713917,14.677036,58.52152,45.21539,15.82765,53.543907,61.593616,23.36218,46.031605,31.795,69.00613,51.81833,21.1629,54.28735,68.77145,60.025448,22.91956,31.915983,26.325548,66.19781,18.953197,61.206264,17.812674,33.79212,47.191647,43.046154,79.43366,22.63916,82.210846,56.923237,58.425213,77.13382,71.63292,41.52588,33.958366,62.350628,17.188429,68.413605,68.35046,Normal
37.864582,35.989883,39.69686,53.933304,58.1677,51.870663,71.7442,22.530891,23.959972,14.201586,55.776577,34.297394,47.194588,22.386446,55.871235,50.469273,17.875124,59.033016,63.123173,27.48767,44.11053,23.46199,87.64471,57.986813,23.520584,44.310703,61.768463,59.5483,15.470548,12.908516,30.324232,58.305264,23.76635,71.05584,28.578657,35.345184,28.654305,52.19902,74.54589,26.51944,90.479355,55.54325,64.85189,74.94705,78.76782,32.695015,34.465908,70.19443,28.014603,70.805176,75.76506,Normal
52.03236,30.642168,33.670403,55.44446,58.17221,47.170033,79.87474,33.03346,28.731268,16.983467,52.62213,25.933718,43.796097,26.554417,51.326027,48.575,27.376255,60.30947,62.58066,31.872025,47.254993,20.861837,72.63121,63.73537,28.686207,48.55855,58.07003,60.07104,22.703924,12.019205,23.529743,52.326458,28.955137,67.31881,22.061455,27.266983,41.36492,49.407337,82.75971,33.88847,78.43963,57.970806,64.06201,81.7045,81.085556,32.655724,35.78804,71.44456,20.907045,73.23218,65.21706,Normal
36.96116,37.06474,39.7063,57.03009,49.29273,59.15518,72.925896,22.875488,31.617321,18.74084,48.35635,29.11222,45.28912,23.258886,60.378014,47.793938,18.441319,59.125587,58.05438,34.25955,48.189762,33.771774,68.641525,59.803345,20.45814,39.706398,60.40545,65.30882,27.530293,33.341537,24.129976,60.704025,24.72929,71.73843,25.464417,34.88825,34.7841,54.79183,76.640526,33.192513,72.71738,62.50049,52.0936,75.21139,74.39771,37.695526,54.08978,61.959457,20.874254,77.59845,69.86332,Normal
50.29481,31.777256,41.727345,63.549496,60.399147,55.408028,77.85708,23.725054,25.558498,22.705824,61.578255,31.360357,46.91705,23.518896,57.94163,53.680668,16.416294,58.90248,64.22098,23.438442,46.25801,28.923618,81.962166,65.684616,17.523088,50.794563,70.20086,54.93389,21.260311,28.434046,26.76613,62.999462,30.268518,80.00127,20.839842,30.404358,32.11781,51.64943,81.84024,26.855194,71.44532,59.65895,55.476402,77.41949,70.737976,34.895298,51.761753,70.65978,23.308256,70.30411,71.79648,Normal
48.452206,31.469227,41.38154,46.75853,56.703053,52.081715,71.92337,31.505274,26.335966,25.230791,49.3205,32.6349,32.617893,24.523886,54.791054,41.486626,12.370151,56.780537,56.464916,30.79674,50.393387,17.885107,81.04591,61.879093,15.940288,51.24682,69.36436,52.035637,10.261145,27.042004,25.319122,56.30484,18.687597,71.375916,19.199175,28.390133,34.58549,45.882812,75.44033,28.400703,82.22685,58.214455,69.10761,79.792755,79.49038,45.36196,29.070913,68.38595,24.664587,68.452805,63.953358,Normal
46.721943,32.89397,37.7808,41.36898,59.80705,53.49436,74.01544,31.221539,36.689007,20.71726,57.981663,31.115396,35.86531,25.986576,58.946934,41.793037,26.393518,48.997753,55.866028,32.54409,47.42471,20.782913,67.570625,68.21292,15.010422,41.034412,63.992336,59.738373,19.44336,21.152819,29.384937,55.294792,25.043404,62.789562,20.127422,27.811203,48.16653,54.102077,84.418976,25.306583,77.41983,65.891304,64.51898,79.025154,78.723,31.132833,46.44607,67.403625,25.64674,79.30975,61.73277,Normal
37.063164,31.106636,42.221703,53.729008,47.763657,53.786083,80.2687,29.534027,34.928043,25.100857,50.28633,22.272678,48.18925,28.947119,66.904305,46.28869,34.645954,53.10969,62.255825,21.741684,43.202568,23.230463,76.73813,57.61613,18.397236,46.348614,60.71784,58.02008,37.823303,24.855139,32.470284,60.115677,29.51625,75.35224,27.509243,23.69769,43.3882,50.30445,81.31016,24.54133,67.89921,66.831696,59.612587,71.92739,69.296616,27.3204,44.359516,70.39386,24.787722,72.11142,62.385414,Normal
40.25997,31.387213,37.856964,53.308323,53.849266,55.73779,76.00431,29.004753,31.231802,18.519598,53.669964,32.37141,37.416286,28.835964,59.271297,46.04408,18.207987,59.546253,59.201817,30.40654,52.328068,25.184206,78.56627,60.850555,21.088282,48.928616,64.52627,57.144363,15.237754,30.581612,33.71009,58.083546,22.963293,70.82554,24.448494,29.026878,36.091377,46.806187,76.44074,29.325178,78.9429,54.208206,59.59775,78.60988,77.88457,36.584984,37.40469,73.473366,20.282984,77.1995,59.936462,Normal
45.04853,35.15572,44.970528,56.12802,56.838436,51.061028,74.14411,22.008188,30.177475,18.0441,55.14062,29.727543,44.766834,21.705187,54.25258,53.126766,29.423439,53.37188,55.612,31.830055,51.203403,14.840778,65.82254,53.1141,18.344866,39.590458,69.6178,63.243458,21.610369,7.403626,31.755302,68.52987,24.888393,66.01742,19.533142,30.527813,47.67517,40.3977,84.55913,36.904743,84.17869,63.65591,61.22229,75.51229,84.24697,36.36551,32.855797,67.7152,15.237517,74.36529,56.646317,Normal
47.402733,25.312952,30.730427,55.781574,62.004158,47.831867,83.81619,28.653763,35.517796,17.45138,52.98586,36.076347,38.495087,29.81799,67.91857,49.91572,19.809958,58.577038,51.79077,27.648962,42.530174,22.633795,66.76775,54.397514,27.294556,49.653854,61.237934,63.53546,18.433636,13.298258,29.849266,59.84139,31.39299,68.92693,28.944452,34.713135,31.589409,65.39144,77.01088,26.295668,72.60799,62.395576,55.2135,81.598694,82.089096,38.37419,38.789726,62.182438,17.055105,69.39531,52.783745,Normal
42.0416,27.261055,42.785816,40.66702,48.86838,53.883667,69.91098,27.349693,29.825504,15.196406,57.186535,35.93309,39.817055,18.910437,55.575703,51.300907,30.730862,63.96688,78.380875,27.362572,46.084743,18.397741,71.38801,65.92593,20.00335,57.239773,57.779255,59.827732,21.20485,20.11943,32.60533,66.79429,20.784397,71.89053,20.504446,37.299026,39.82276,52.73015,75.449005,31.686504,74.2276,55.74808,60.705307,79.101746,85.05534,28.75627,50.805286,72.836655,20.59235,71.29408,56.69725,Normal
36.938377,29.29773,37.722313,56.036163,59.02284,55.03645,72.54097,24.01096,37.794487,20.26991,57.85904,26.040804,36.427982,26.52956,55.726177,50.400555,21.59416,52.47597,52.788574,32.143875,41.741,36.06041,66.74246,64.44482,19.909317,50.665443,68.434425,60.162483,32.48086,25.692253,25.34715,69.07631,23.213669,70.61794,29.733545,40.14554,41.964043,51.4209,75.7359,35.390858,80.45092,65.02033,59.90125,74.74425,73.92258,36.15306,35.711456,65.038246,20.363928,79.01544,53.812862,Normal
54.611317,25.038109,31.783333,44.49827,50.418095,63.330845,73.38864,28.198317,23.894678,27.287806,57.27868,24.135252,41.58516,26.71202,55.26151,53.235302,31.918978,60.01358,60.230625,24.874392,49.644123,28.263317,71.427345,66.21878,27.665585,36.453682,60.975735,58.46727,28.931784,29.858652,28.200052,63.024162,28.724754,72.01548,23.855354,37.54896,42.60901,54.545837,78.37821,32.676937,84.1797,59.27891,67.73309,84.747986,84.626366,30.805004,29.381323,60.95943,23.606241,75.62851,55.12672,Normal
51.52242,37.852024,44.44581,40.98857,48.86117,51.48905,71.72885,25.403631,27.864464,24.94817,55.949715,30.334183,35.841064,24.745157,52.977848,46.127365,28.735462,49.899967,48.64808,23.630459,45.340504,28.94937,71.911835,64.77254,15.353632,37.30936,60.690258,57.304955,24.692377,19.726044,23.5622,69.193306,22.699673,71.982704,21.666317,26.429409,44.106415,55.738056,72.23301,31.670868,84.08369,65.51973,63.201683,76.2361,83.43758,37.991913,37.287296,64.36474,28.721537,77.04074,68.33758,Normal
47.867268,34.52784,32.309345,45.628433,55.277462,42.53583,75.20222,23.282818,29.99658,28.645937,51.863342,37.292305,44.66745,19.174955,55.98074,42.724026,20.721926,56.044857,64.299515,26.209473,47.013874,22.72683,70.61665,70.552635,20.430275,55.83933,62.308685,55.73964,27.235401,25.836435,23.740145,55.412952,27.471779,70.40163,28.43261,29.630882,53.491123,51.249016,76.940384,25.87746,68.051094,58.322517,62.70436,74.6993,72.5947,37.152405,38.04137,69.53103,17.134712,75.555824,60.33137,Normal
51.495075,31.068396,32.572365,50.677208,56.315575,51.894733,81.37656,23.337112,34.127975,16.21718,53.48132,32.337425,35.194412,28.279661,67.84162,57.812077,23.396334,61.853844,58.97851,30.960213,44.96178,23.490889,74.97245,56.51347,23.188988,38.87805,59.867836,52.934906,13.237614,25.624039,25.01785,55.73848,30.915049,66.19074,27.170809,35.728413,33.638443,46.310997,83.78559,32.55233,73.67265,55.957905,58.636364,73.29681,77.95235,43.037235,36.266068,61.577465,20.10229,70.12047,54.524944,Normal
37.109818,38.00374,38.49739,52.057766,52.19551,50.038998,75.94418,32.514935,30.10971,19.416075,59.45817,32.423847,34.438118,24.486097,58.59981,53.887756,27.11614,60.404694,68.51886,23.85139,52.91681,24.805967,66.252014,64.324615,21.983912,52.49516,66.364784,58.595196,18.886112,19.870071,32.01859,53.19773,24.050962,65.90439,27.53152,29.637096,38.482765,58.567516,72.30635,29.940155,68.226974,60.285984,59.723835,72.802666,78.27327,35.34425,44.58563,61.17675,20.5159,78.18776,62.93386,Normal
47.10727,31.745161,38.422043,55.682667,46.93544,51.300205,70.870255,34.633797,33.85516,14.879528,55.925724,27.106722,39.606834,26.385027,59.54025,46.51294,24.918205,58.60106,63.259537,27.255606,43.564507,20.25989,72.88147,64.739685,25.97578,47.750523,63.473534,63.315895,23.71545,18.517345,29.674097,66.262375,21.112083,65.323235,25.036459,27.194033,29.78828,57.361065,73.58244,34.03112,83.02201,63.172077,66.62563,70.09275,82.07588,38.184067,27.022028,61.559483,8.588734,65.052185,54.18403,Normal
40.34615,30.432865,43.3546,56.7335,51.138523,56.832108,68.10076,32.22082,28.250475,27.460693,53.760258,26.053047,39.6631,24.312422,53.692005,48.282627,22.30416,49.54542,74.59685,34.665737,43.11135,27.231573,72.45572,55.852043,25.0247,51.630547,67.834015,56.749317,24.416252,13.324901,25.509876,53.231598,25.175495,75.24162,26.567192,27.013338,42.37231,44.280144,75.336105,20.500704,79.444466,57.930893,60.970295,81.53569,80.71022,38.45288,45.755966,64.63587,23.895166,73.56889,65.07505,Normal
34.592422,37.979782,32.19906,55.067276,56.839634,55.881622,78.47644,30.991653,35.535103,21.602577,47.12411,26.222729,45.02605,31.891884,71.08985,49.437508,17.948864,58.765293,55.300766,32.78379,50.217434,25.25587,69.212975,67.88839,18.919098,59.115433,60.565987,57.632206,31.70656,34.522823,27.08753,61.602116,29.657375,72.96808,28.46809,38.23992,41.986706,40.45689,79.91394,31.615911,82.870926,59.155632,54.286655,80.17369,80.14117,40.246418,31.396427,62.216984,28.103117,77.79045,65.77417,Normal
40.800346,31.406734,44.04595,38.535755,59.675682,51.608223,75.48512,29.683167,24.766808,21.8019,52.727932,30.95235,37.342953,21.287853,48.761044,38.947407,20.769342,50.011616,57.461754,32.07129,52.400425,19.583193,75.02696,62.80552,20.399168,50.660343,65.50138,59.715614,26.18654,33.292484,30.068245,64.59545,22.425568,73.88046,24.000057,32.34675,39.387577,57.4584,79.934364,27.401516,81.25954,58.259727,51.535233,79.2998,75.06463,40.9993,28.693802,63.25723,17.54951,76.26463,64.94006,Normal
42.145344,27.347147,38.275078,54.734493,64.52449,57.13935,80.96794,28.927353,36.847157,23.129616,50.674767,32.777336,34.095913,25.150993,62.94392,43.17299,24.366468,47.684204,65.5018,34.16639,53.10571,20.48803,68.36264,68.239525,15.117455,50.44724,67.74169,52.846035,32.694016,16.362064,28.133255,62.842197,29.163961,64.677704,22.695349,26.292706,43.46675,52.379196,83.03222,30.792765,73.09203,66.21478,59.23837,68.05084,72.88798,29.557367,42.088676,66.88531,25.022356,66.63496,62.205105,Normal
31.823925,26.691444,43.44706,53.60188,53.114773,53.818176,75.726654,26.234718,25.65925,24.938503,55.64556,29.751842,36.30961,21.391401,60.220898,47.75292,26.798334,60.541664,65.41824,23.339344,42.813774,18.259241,81.02681,62.599804,15.430568,48.41637,59.697056,50.40548,16.361483,24.813606,24.38415,60.115746,22.030823,62.768803,31.597368,35.361702,45.961754,57.809254,80.01332,32.60133,70.562164,59.318417,51.075985,82.878334,80.332275,40.90087,35.33854,62.03433,24.287031,72.67631,68.70915,Normal
37.29891,36.717793,42.10242,47.224724,42.99081,46.5393,70.98757,21.90609,35.951378,21.001055,50.084713,37.121727,36.581585,25.951948,50.82774,55.011913,29.128403,56.794033,57.14727,30.004332,48.836597,30.054668,73.04442,66.819435,25.56851,47.05698,65.77816,58.69014,11.526493,24.915154,27.837427,64.84493,26.333406,74.644905,31.517284,37.42689,30.026726,47.505703,76.98662,28.358372,75.26091,64.06027,56.694324,84.20422,67.90642,41.806084,39.094997,71.658325,25.798069,76.93388,67.52191,Normal
47.099644,32.25186,34.586674,51.50422,62.027996,42.699986,71.829704,22.09957,28.160692,22.432028,52.983578,29.146053,46.495808,31.25352,44.11738,53.073925,21.097242,58.354652,67.287155,23.702517,50.115273,28.545317,65.71467,55.732758,19.254707,46.750854,67.03119,56.30335,9.605266,18.10296,31.576885,62.88071,25.62118,67.71017,24.059425,25.652685,34.262753,44.48675,74.9389,33.563164,70.13408,58.980095,55.891678,75.17447,81.65829,40.47905,38.78061,68.415955,23.0279,69.641495,63.10309,Normal
51.59263,36.410572,32.740574,58.864304,48.301044,43.609306,74.30056,31.13871,36.364704,22.127213,60.05039,25.096195,41.037323,20.159662,49.798595,53.431065,22.386139,54.85708,55.039074,24.474508,52.4563,20.531267,71.79849,66.144295,23.472366,50.18409,64.30676,59.6477,15.365722,25.502947,31.504198,57.959393,23.518118,77.76647,34.930325,35.913685,43.219402,53.364044,70.06474,24.90587,81.13173,65.590004,55.246376,79.83845,68.63489,30.397625,44.18448,62.67184,29.597757,62.36853,64.48059,Normal
35.94624,33.265675,33.133,57.102463,49.07662,48.67037,72.600266,31.09139,25.517096,22.393082,58.24978,32.30621,43.212383,26.671442,59.247505,55.478508,21.051342,51.628418,68.94314,28.300823,42.702072,32.626713,79.52219,67.42023,24.38358,50.873093,65.529785,51.00402,23.768072,25.410376,29.461216,67.184326,27.4318,65.68118,29.585186,32.104805,36.353065,49.046886,74.815575,24.668064,82.93088,64.97269,57.497383,74.99899,73.56685,36.01354,50.983734,63.965115,28.244337,80.50054,63.207855,Normal
43.92041,24.95925,37.278316,41.69407,55.752388,37.58384,75.3181,26.363941,34.216373,20.310335,58.579956,29.929434,33.28983,27.351723,56.58064,39.039215,15.617094,49.940033,68.14499,21.41014,44.644764,21.763565,71.250145,60.555393,16.776926,46.933907,63.181255,64.565475,18.550028,21.734259,28.437117,62.563026,24.704777,65.95221,28.240309,29.692848,44.82437,57.79981,74.35938,29.767202,82.48196,62.090374,61.21876,78.85109,79.34375,33.186268,47.56486,70.65265,18.653234,74.72054,68.35005,Normal
39.93648,31.188568,43.079437,46.266594,52.926968,50.90034,73.52796,30.682867,33.068436,23.825321,57.01211,31.658318,36.73376,14.208998,51.68584,54.202667,15.587697,55.6009,62.088383,22.087238,50.551174,22.735178,64.50732,56.48253,15.749654,46.47111,69.71376,52.403645,23.594082,24.107958,36.13686,54.401447,24.878754,75.2742,26.29069,32.921703,42.594444,53.826378,76.74751,28.469128,78.96873,60.082294,61.037724,74.568405,84.25899,34.951015,47.98193,65.65899,26.92805,73.541794,61.852722,Normal
41.902424,30.656246,36.249676,61.07366,59.136982,54.35961,69.13232,22.801165,27.650389,17.651953,54.2299,30.798971,40.314922,24.73587,61.21861,53.13794,22.379179,47.4441,57.155155,24.67987,41.932964,27.079378,76.232864,69.455414,21.27185,48.41235,59.089104,53.22997,20.207493,20.110126,24.050636,60.838654,19.774101,67.02479,26.99535,28.853199,39.295475,55.52149,76.381355,27.396023,71.82634,60.906116,57.087616,72.707146,73.65786,33.580902,35.81892,66.06056,15.144066,72.01317,59.482346,Normal
45.042004,36.8897,34.414867,52.707054,60.88869,45.230328,69.10474,33.3459,38.364094,17.67194,53.130898,31.87891,47.25708,32.864227,62.89262,50.225296,27.517076,53.24821,62.026894,23.410698,41.444168,29.607376,77.78028,65.81401,15.904301,58.55346,62.09315,56.610306,21.09761,28.27008,22.810436,63.726894,23.344872,73.075554,27.84734,34.49248,48.412487,55.950153,79.103584,26.035868,78.34639,65.66087,60.89052,76.29855,74.32676,31.423256,34.51067,68.53704,26.252363,71.941216,56.55362,Normal
41.76606,28.766968,33.140293,46.67174,59.06055,55.988297,73.526634,32.816616,33.275597,13.765467,54.175552,30.467716,34.938778,25.402714,52.60902,46.39963,20.604902,50.39548,64.57802,30.422981,44.931343,32.07625,78.35362,59.335285,25.362036,47.04349,67.95995,57.176514,16.824402,26.665657,24.775833,65.073364,25.165064,76.23086,29.039623,28.425095,54.317474,59.748005,74.99712,35.170067,82.37856,63.480934,61.069416,73.07285,74.236,30.410814,36.103558,63.82461,22.579786,75.38233,66.55199,Normal
57.19851,33.052956,34.582207,53.29588,61.08634,54.63941,83.09587,32.836365,27.445185,17.253096,58.596184,32.066402,38.382343,31.764091,53.523045,40.86464,25.437963,50.12438,67.034485,21.95464,41.942272,24.74593,68.102776,61.5529,25.052355,57.341923,62.641056,55.80299,14.551937,37.707607,29.447744,71.17178,28.647272,63.43606,26.272097,30.426409,43.59,58.071644,71.646385,23.846678,81.54439,58.03017,60.898285,83.55575,68.876816,31.392147,51.430466,63.958637,17.919626,77.818756,67.59863,Normal
41.98948,31.07824,42.856358,49.673214,55.833286,44.97043,71.74825,24.393349,33.825188,15.759286,58.638054,33.994514,44.050514,22.647057,53.8316,37.36304,30.53996,52.34512,63.22861,28.20234,49.346172,22.216867,81.129524,56.025753,20.93188,50.696095,61.797253,60.663994,17.993755,30.902561,33.876537,60.9895,18.771688,64.65179,21.011923,26.946457,40.656494,51.32289,80.56879,23.09682,77.883804,57.85981,58.16256,72.78613,75.87357,37.715263,36.75204,62.33727,22.790514,81.57324,63.36423,Normal
43.141155,40.29096,38.664913,52.325275,59.34025,52.601665,81.49993,28.187778,33.4262,22.865757,57.54749,36.185387,44.54653,30.880455,63.381836,50.447834,22.171032,59.92233,70.207115,26.021894,49.632977,32.21764,70.46809,67.0512,16.531382,43.16053,63.53555,62.110344,15.418048,27.741955,23.283058,63.44193,28.578302,68.09967,22.53038,35.949272,38.966305,55.160213,77.99496,26.125397,78.44215,58.09031,57.62078,72.36127,84.147606,35.433384,41.022327,63.630417,11.916829,71.723816,64.72177,Normal
44.423878,33.054028,35.342346,49.192505,59.932076,48.356197,77.43989,33.09853,34.9334,26.22355,56.74727,30.685972,39.743217,29.303106,62.59531,45.579697,25.301935,62.648354,65.300545,29.08732,45.81301,17.143557,65.07769,65.82349,18.697348,46.69415,67.3614,59.78924,15.195563,17.39556,26.453184,64.33022,28.263233,63.286198,28.09325,29.930002,47.72374,50.10139,81.83492,30.445318,84.81987,56.7841,60.748177,84.982796,76.34991,31.36198,38.407246,70.79176,26.759989,66.05031,63.647465,Normal
47.905235,27.378386,39.625584,55.654663,44.941715,54.49801,71.43834,23.483936,25.459911,18.020191,59.87585,27.137197,36.73639,18.362383,54.384296,46.375,34.345,53.626537,63.337074,26.100914,45.15175,33.47025,62.930317,58.408592,17.920359,59.312733,65.40314,53.86644,29.748415,34.980873,23.825182,60.22294,23.379143,58.536095,21.799006,35.265682,46.606583,48.444252,76.00448,26.556034,79.25005,58.488983,53.90126,75.62978,79.29066,40.001026,40.42163,61.473133,19.189621,70.91435,73.04009,Normal
34.11376,29.601461,40.200394,41.30524,58.637344,50.033676,77.533806,22.178116,35.086613,27.388405,62.31753,31.205057,39.223186,29.30758,58.16524,52.510914,20.472406,56.13589,56.889153,28.182735,44.255096,31.61279,71.277115,60.610065,25.185534,34.840553,64.388084,55.216354,21.932467,28.245,25.4729,64.65337,24.101444,75.89683,25.306711,38.21266,43.22309,53.183926,79.48749,31.577637,83.19934,66.12791,65.4205,79.82989,76.13725,41.618244,39.13146,68.77204,24.17233,75.5265,59.80797,Normal
44.94163,31.645048,32.886757,50.450157,62.77579,53.81228,67.304115,28.516552,36.244534,26.41375,56.000607,25.880653,45.808033,23.452398,52.732224,42.977356,27.658052,59.12383,65.8187,29.625181,49.572342,21.393639,73.65576,55.14305,21.342257,41.7349,58.86466,56.52032,25.19909,33.419933,30.889084,53.73492,21.55441,75.47267,18.773748,36.749443,34.4997,50.185116,70.85224,24.306767,82.38243,59.309258,64.498726,71.86046,72.651184,34.475876,30.844002,72.08367,22.064596,71.008064,67.17284,Normal
33.075886,33.591873,46.17531,51.214222,60.150482,49.85231,76.48605,28.488173,34.700302,16.581863,56.866856,28.070482,37.094086,21.771212,60.8263,49.21129,25.052597,54.53868,52.25171,27.883537,50.51104,16.50023,66.31611,61.156796,17.35413,39.880016,60.128994,53.730495,31.825598,27.709959,34.920444,58.29037,22.046703,70.77043,26.633106,39.018967,46.447796,48.000496,81.418434,36.27032,74.7026,60.692005,66.89916,78.14549,85.994,30.833042,42.79837,70.32004,27.326366,73.224884,62.820393,Normal
47.60722,36.8552,34.37232,60.616806,58.58515,47.097702,73.27166,32.204117,37.434,16.873032,56.035587,34.94106,45.773735,31.662457,61.53585,51.649216,28.5426,52.392147,63.21874,27.356705,44.301556,26.447842,63.799664,60.235523,14.866712,53.79177,71.7166,58.762177,28.333809,34.824757,25.90642,59.875782,21.625246,71.36731,18.532333,37.697742,48.467186,61.186226,81.49945,29.720871,78.86732,62.734383,60.470016,66.81178,75.81939,25.753443,36.863544,67.860214,30.313318,65.59361,70.87568,Normal
44.282898,30.70336,41.067867,55.255928,58.941113,49.06397,82.86093,23.967731,25.204372,27.057346,59.090027,33.593433,40.7892,25.642042,56.76056,53.36767,24.327366,59.018833,62.482986,26.478104,44.412403,24.185555,75.98452,66.77617,15.796216,50.23607,68.19606,53.38264,9.318342,25.145624,26.112774,65.55796,27.98396,64.815125,21.534866,30.101387,48.19626,41.218388,81.22829,25.735363,74.684135,57.510666,49.906643,75.92435,76.9294,33.688747,43.080452,69.06681,23.996626,67.26457,56.93825,Normal
41.043774,27.803864,32.072285,55.87095,59.897312,55.62669,76.76921,23.091637,33.396496,23.998642,59.92649,28.218536,33.99602,25.641935,54.432297,47.60244,23.18502,62.34925,61.54303,27.485575,50.602577,31.078318,70.412704,64.673256,24.572683,47.80144,68.47758,51.65156,24.029625,20.479605,24.790813,50.063683,29.748783,61.759438,26.01118,28.970009,44.76017,50.244953,73.78945,25.124294,79.030045,64.08368,60.10991,77.38815,67.74182,35.582687,43.4116,63.069756,20.715006,72.96624,63.478333,Normal
37.348564,29.881548,37.33593,54.448254,52.34946,51.009655,76.60431,33.850365,30.62231,19.812784,48.301716,35.495567,40.308567,24.648348,56.38338,54.56798,14.613589,58.298363,59.43388,34.558384,45.967907,24.044514,74.067535,49.69212,22.92907,48.658504,68.14046,60.588734,15.9162445,32.633564,35.284885,61.802227,26.815018,67.305855,30.584995,37.9695,35.71077,55.82127,78.90336,27.272655,78.61965,70.085365,62.74564,78.88203,85.21458,33.055046,38.076397,70.32799,13.690032,69.193665,63.119865,Normal
50.573673,24.483862,33.26667,54.70363,49.259243,60.43243,71.09393,26.767214,21.97863,12.665549,57.44877,28.069508,42.5914,19.189558,51.56412,46.1227,29.444202,50.2027,64.59978,22.1328,46.250526,29.84214,65.63264,53.200413,16.5346,57.795536,63.935787,52.853954,25.49023,26.200033,25.738523,63.94633,24.275173,63.302467,21.846281,32.976418,37.554234,55.54178,77.86007,24.10768,86.6505,55.48378,56.122128,84.68118,72.87706,39.671852,41.62238,63.492363,11.275786,71.020164,56.8451,Normal
50.959267,34.030865,35.21869,51.673004,55.226383,51.45228,73.420105,22.488808,29.042385,24.802176,53.54919,30.067802,41.83862,26.578915,64.52051,48.75621,11.564411,58.119713,63.86122,31.213036,50.01971,20.796473,74.87198,57.772057,26.683357,59.864666,63.815212,61.16555,19.266787,23.297623,32.39521,62.565304,21.047842,70.267334,29.0175,36.174717,44.436665,54.768173,74.69949,26.781511,77.857185,65.08186,54.068882,81.76099,82.59192,33.570194,48.946,71.6767,18.397697,72.34655,57.31936,Normal
51.43008,36.76577,34.853104,52.24657,52.690228,44.707085,81.67175,28.011475,30.836744,23.90499,59.52503,35.799824,45.474888,24.892426,59.813507,51.84722,27.25947,58.218586,70.6302,24.924614,49.935287,27.02046,68.076164,63.198277,18.862457,56.70226,58.846035,47.380116,16.975145,26.730803,25.389881,63.441822,29.973711,70.10441,21.80981,37.65175,33.339787,57.548904,79.36019,26.05485,71.91707,55.960423,56.607796,71.78497,83.56095,35.657166,43.322613,65.598976,12.562068,70.58906,65.59595,Normal
37.218933,27.60965,44.62522,54.532223,58.87893,50.35243,75.19069,22.686144,37.395203,24.68606,55.73398,29.183033,35.732082,27.516861,59.105618,45.789135,16.55168,58.747883,69.404495,25.24262,42.718666,18.80042,66.58716,66.73656,21.321753,47.0588,62.930157,60.30584,21.479038,22.660822,25.728107,56.68132,24.558495,62.105145,36.604565,26.472397,40.70403,51.489502,82.768875,24.857922,76.392654,63.47477,68.627846,72.56142,74.24224,31.579466,34.180656,62.92555,27.090631,76.091736,68.49602,Normal
35.511143,26.053654,43.34255,41.728806,54.34587,47.030212,83.35459,33.689915,25.619884,17.882362,56.406857,31.387918,44.83428,31.387175,47.024956,44.489246,18.96712,56.229374,53.738617,28.487022,47.61534,24.967934,66.002716,51.725586,21.477987,56.812195,68.59247,54.525394,29.265314,24.466293,32.613968,60.001564,30.316479,72.55701,22.89608,30.39973,42.977398,52.258827,71.92666,26.012869,75.13549,63.574543,59.857018,74.92235,84.86004,44.74305,38.274532,59.401005,22.23196,78.12777,69.10186,Normal
34.59441,30.593822,36.682003,54.824066,63.972103,54.74179,75.699265,30.660957,32.87251,26.735744,49.32556,32.355164,34.04361,23.282267,52.440247,45.809315,22.923119,58.541203,57.686184,29.660564,51.447845,18.978338,67.553894,58.430046,14.88298,51.743008,60.92997,64.52608,32.918938,24.425844,30.505283,66.43308,25.186024,58.39299,18.461473,27.513687,35.344013,60.063423,75.6786,27.03698,75.475235,61.60375,52.115353,79.71265,75.04299,32.1634,37.11872,62.779537,25.020103,81.287415,62.769802,Normal
37.00887,29.065943,41.03738,42.1516,59.328423,56.92257,75.632545,31.144247,28.31949,19.015833,50.573116,33.713192,39.880955,25.89029,62.495987,40.998795,13.236216,49.760506,56.36334,34.875355,51.315983,17.8484,83.128685,65.80197,18.445065,44.48451,61.762154,57.472984,9.403604,28.191275,28.46318,65.52574,25.687136,67.041466,26.875072,35.629078,38.160324,51.742805,82.51926,24.70067,75.551056,58.502396,56.451363,74.66139,68.61244,35.71792,28.376865,64.48317,12.446458,72.23094,66.08728,Normal
44.161964,32.361034,42.192356,51.79075,51.340668,54.572166,69.17596,24.237347,29.23457,19.79131,49.940304,33.354115,33.44727,25.356558,50.48633,45.0864,15.147498,50.823208,52.887684,28.761805,50.7145,15.725488,72.88494,62.86544,19.579575,42.632538,60.063335,59.59326,10.116369,27.20312,29.91934,62.801895,21.587685,59.763866,25.868246,36.904366,38.75046,49.822166,77.686424,36.669273,74.94849,68.78188,66.3144,75.15037,85.25204,48.152306,40.305023,68.75096,28.267872,75.16889,71.41758,Normal
46.7451,38.119602,29.72595,50.373962,55.060257,64.86728,66.35329,25.191196,27.284065,22.625805,48.761642,37.641464,38.73831,19.607899,52.401203,54.270733,32.322224,58.172596,54.84341,27.68155,46.908234,23.032747,66.520706,68.00553,21.063305,43.84191,70.940254,54.40841,16.95733,20.572819,26.36215,53.630474,27.7774,67.19749,23.801155,31.129763,46.134495,52.067673,81.26559,23.083391,77.79127,64.69453,59.821167,83.57367,71.930466,44.842636,38.90007,63.48078,24.277826,69.181465,64.52534,Normal
39.919956,34.12054,44.901115,48.784653,53.163975,53.272198,67.397095,24.111887,34.4116,23.64822,48.82896,26.43004,41.134274,27.359882,56.272316,48.689007,18.840277,57.42581,68.319,32.427742,44.17247,19.368853,64.98959,53.043343,25.01314,52.727287,55.76602,62.248016,10.88197,19.050503,34.477337,59.678272,26.298372,67.73104,18.819355,28.339981,34.697876,50.331352,72.82032,30.703293,84.73108,61.04454,59.24483,79.78729,71.33935,38.66226,39.111847,61.95002,21.927866,76.15201,63.609203,Normal
50.295925,29.232426,33.87273,47.42659,53.952496,51.251595,73.83517,24.571102,39.71618,19.12117,54.93723,37.247032,43.527878,21.031067,50.337143,51.47671,33.50363,56.013523,66.69101,31.809711,42.795128,20.69625,72.66405,60.196793,26.099178,39.644405,61.807316,57.580006,17.01797,35.98415,35.61185,64.54426,23.823742,71.98374,32.962032,40.65462,45.678284,46.154343,78.94252,23.536884,84.01281,65.10731,71.01131,72.04836,71.92427,37.899258,46.63483,61.858433,24.768648,77.38153,72.46143,Normal
39.091732,36.411472,32.69207,40.681835,64.29906,40.164055,79.641266,31.811787,29.269403,15.570946,53.72574,30.529558,42.174976,28.156693,58.67611,41.958145,18.057198,58.71965,63.65219,24.441048,48.24169,27.271832,65.6104,58.091278,14.888011,60.645496,64.22346,49.47619,14.226616,31.298203,35.5859,60.566437,30.485806,65.5973,26.10806,40.32935,45.743553,54.16153,80.6216,24.133959,84.84818,56.388557,57.241184,72.57687,74.81053,30.261961,43.982998,72.79345,29.563179,71.19954,62.4271,Normal
37.874508,32.569622,42.818863,44.450092,52.719456,53.10607,72.90289,23.61573,35.936848,16.92424,51.918793,32.919064,38.441048,26.343143,55.199318,51.89892,32.598186,58.44098,54.24157,25.663202,49.267857,22.395168,72.39188,69.35222,23.939974,55.041874,65.9284,57.296337,19.80431,27.831724,27.400818,68.59578,23.548983,74.36613,34.52129,39.071636,39.478714,53.429253,77.404755,27.208017,76.17406,63.869156,62.516983,77.09952,70.70681,44.154766,32.252747,71.71498,21.185099,77.40623,58.459267,Normal
50.687767,37.45531,34.277325,45.85217,62.414284,32.101067,74.0484,31.869701,31.88102,16.447517,52.941925,31.311007,39.424137,25.194557,52.924385,45.156887,24.822931,56.501232,52.7709,29.262255,41.92604,12.050971,76.822716,57.649628,26.331964,52.498615,63.95325,55.370934,20.266354,24.026957,24.43074,56.54752,22.314035,66.05835,22.09822,33.21847,48.968483,52.446163,82.280426,23.753174,73.73056,66.84703,57.868374,81.51808,69.30459,31.849958,39.568897,71.05539,22.855944,77.711494,58.751312,Normal
43.432686,37.921375,45.259686,40.0809,50.64815,46.325985,72.416466,31.452988,33.359077,19.051607,54.77806,32.101807,36.488632,27.566866,57.38286,43.584743,15.605259,56.012592,64.00815,26.168072,49.595863,24.346914,76.89386,54.12682,24.175343,42.553055,61.884434,58.760925,22.626522,23.009298,29.950548,68.8303,25.445978,65.67945,36.338936,33.648018,43.447186,46.715332,73.44633,35.588882,78.82666,60.94464,69.83013,80.90732,74.15054,27.725317,37.704346,60.88409,26.703165,73.05335,64.64625,Normal
37.86399,35.495216,38.62578,47.98988,60.742603,52.12114,80.652855,32.278595,21.638754,18.076649,59.101,26.855999,37.45934,25.62911,66.077995,49.397896,23.623014,54.264988,68.28526,30.518158,46.8241,35.789276,78.485214,69.336174,18.965576,50.60768,64.60479,55.597454,20.807789,16.98767,25.959734,66.93664,28.514332,74.96278,17.681667,29.281267,40.24359,57.790283,79.86481,28.397083,73.98472,61.445744,52.230213,79.39332,80.753105,33.252388,37.816658,68.80173,20.303562,79.958305,64.866325,Normal
38.73371,39.079433,39.91356,62.392433,59.838634,44.937035,76.98186,30.787228,22.8686,25.412758,63.18759,27.73809,38.349564,19.433645,57.593006,52.51682,26.307491,60.791958,62.67004,25.53081,42.538357,25.210869,76.57862,52.06835,26.493473,46.858276,63.62111,56.733463,16.041574,28.052792,31.674095,60.92816,30.807493,70.72301,19.185879,36.658005,40.542675,48.453426,80.8303,33.039047,74.749275,55.553013,64.68897,82.7521,75.766685,45.217163,32.89282,67.93848,21.952324,76.3201,67.78325,Normal
40.587543,37.884743,40.655155,54.852837,56.75127,49.580734,81.2512,27.675274,30.243845,18.78795,51.747307,25.073515,37.852512,24.72365,48.174088,47.8147,18.36064,57.92279,61.890724,26.769855,40.48983,20.40668,73.44701,57.772713,22.462294,43.595524,71.04171,60.06707,21.658997,29.501734,26.331078,57.862324,31.16575,67.67434,29.498781,37.787445,49.89964,51.765377,80.69959,32.08083,77.368774,56.545513,66.61723,72.51479,69.382576,32.09272,30.157549,72.16997,24.914186,68.330185,59.478416,Normal
43.99153,29.7308,35.42998,47.71002,59.066177,51.47429,83.65365,24.074883,38.797066,24.097397,60.473934,33.527508,32.905006,25.824862,58.10008,42.991966,19.437798,56.7725,61.662766,33.281822,47.12468,20.461678,68.86448,68.830376,19.708319,54.298676,67.65287,56.50166,29.102638,22.401804,27.759916,57.972042,29.992754,62.37341,27.120358,27.467281,49.07254,52.22971,81.2717,30.106033,78.56537,65.36379,64.84877,83.13114,75.66652,33.769543,43.13192,63.93075,17.99346,79.39566,57.999012,Normal
52.556236,33.45167,36.91901,44.63923,52.7678,49.322582,70.28221,22.86652,26.530107,24.526907,59.525,29.907116,39.615433,23.40663,51.456913,53.27308,19.710264,58.691635,67.56446,21.026043,51.14265,18.92817,66.20211,63.664867,28.55966,54.149834,67.14054,56.2525,14.626677,34.50888,22.471031,57.692844,21.189665,65.279945,18.083445,35.494785,42.05193,52.0855,72.78316,37.43148,69.78631,60.565243,60.525066,66.747734,71.315926,31.484503,36.13199,64.515854,34.088062,67.932304,54.900574,Normal
44.10558,39.80393,35.110455,43.847744,51.03051,54.65874,73.24605,31.737736,27.82876,22.523409,57.427013,27.064672,40.75341,25.108435,50.342648,44.32244,24.786242,59.962875,62.84547,32.794685,53.720085,29.295847,70.60582,65.48809,29.96912,54.963814,56.703457,54.077156,23.917383,18.92947,26.1437,49.294315,22.695705,58.0625,33.624897,35.032192,46.85691,55.54518,74.15439,36.114616,75.54112,65.11981,54.115936,82.80553,75.98341,40.307827,49.50062,72.151024,19.381159,65.02513,73.39296,Normal
46.69368,35.014416,35.24094,43.875965,56.9181,52.32945,73.47509,22.405758,27.834085,15.502114,55.638924,28.690548,37.946224,24.31289,61.17086,44.48701,31.290619,53.62502,62.429028,30.146997,47.1652,14.335407,74.07352,63.932796,28.485958,43.559933,60.163395,62.5227,16.218628,25.626451,27.735132,68.085464,19.394875,70.91718,24.620152,30.534449,46.51787,61.115387,81.60197,31.474997,72.88566,64.56251,56.188282,67.48801,75.44381,32.993454,33.40221,69.41797,31.553003,69.43086,61.220634,Normal
42.427822,34.782898,35.148033,47.0098,59.49489,38.362823,67.93471,30.075752,32.24786,20.011097,52.14679,36.588173,42.918297,19.98109,54.1357,45.00641,18.140429,57.308952,57.928696,29.873606,42.02196,24.036861,73.06801,60.174637,21.740982,55.58452,61.141407,60.001183,18.14518,21.870863,25.780941,56.399914,21.998451,66.7304,20.35377,30.013594,41.860382,56.75499,80.10385,29.35068,78.26874,66.209236,57.887714,79.10807,69.75995,35.274113,39.56585,71.945816,24.420189,77.90742,53.264187,Normal
41.533325,28.285065,38.46396,47.528004,49.950977,57.662113,76.31714,31.798534,27.123943,23.843552,56.18843,31.914663,44.13346,33.397854,50.605556,51.45859,22.628002,58.310883,66.814735,29.65194,50.735264,18.501736,75.1571,59.230743,21.329393,50.9379,59.6096,60.108433,26.340654,18.661547,32.17137,68.82215,27.05333,75.09169,31.99378,25.005423,40.116554,51.11798,75.404015,32.91075,73.12459,56.894512,71.32811,76.05692,69.31884,43.09348,41.429348,66.83812,22.917011,75.96446,62.29568,Normal
43.50267,35.352036,43.139835,46.65704,58.185326,56.239788,71.63263,26.387236,27.58781,19.654032,47.862923,27.17282,43.956463,23.676975,56.877476,51.946632,19.479053,60.208794,56.223534,22.48057,43.677773,23.994114,66.0692,66.3608,24.982637,50.535873,63.717167,62.69155,25.267975,18.903301,26.048185,61.36553,19.070692,81.47002,28.288998,29.422644,39.228943,52.003056,69.66889,25.243002,73.84766,60.506954,64.395676,75.72048,80.041985,32.82612,34.77435,70.808174,18.91538,71.67821,55.816887,Normal
31.852398,37.072258,46.221844,41.579247,69.46851,61.183834,73.17865,25.174398,30.051952,21.193201,52.158165,28.35844,35.259293,15.554422,53.42853,44.463097,27.829657,59.303665,66.99473,21.197035,43.024704,16.14934,71.445946,56.117954,16.62944,50.017372,67.09802,57.404335,22.330387,23.045671,27.143354,68.01608,22.137138,75.68349,15.730437,29.811699,47.81471,63.911236,78.24628,32.4048,82.19058,62.45623,62.804214,80.14038,78.80551,35.52229,40.04686,70.13924,15.633749,73.388794,75.80572,Normal
33.4471,35.3083,46.007042,48.511887,51.405266,50.82483,68.79592,19.728416,25.027355,24.67989,51.930847,33.26945,45.116848,24.554977,50.199585,47.218685,18.766436,62.190323,60.456207,23.679655,42.5504,24.398354,74.98703,57.91698,24.689165,51.336277,60.20466,64.1056,32.1954,28.102646,29.424267,52.90568,20.661007,76.25615,23.59991,26.07136,31.999456,64.179695,79.68009,29.937328,74.53016,62.92508,66.15194,70.53277,81.91713,35.392796,36.896847,72.9628,24.033257,70.30042,59.047977,Normal
38.196342,33.044487,38.59727,41.758728,57.91349,60.069267,84.86849,31.975487,29.095,16.702446,49.923695,28.690815,45.62072,26.942806,47.845173,52.828445,20.260666,55.26435,62.04275,24.8374,50.11276,19.399876,83.189445,48.15836,23.93335,49.609848,65.977295,60.378117,20.33003,21.595,30.95374,65.04845,32.605957,71.76611,14.887427,26.095583,38.820507,50.544525,82.591995,26.969057,77.11892,60.36954,63.289192,79.23663,80.41109,34.23595,36.206955,62.029243,14.055658,76.545715,64.57836,Normal
50.9676,39.1401,31.335665,54.955242,61.550926,52.23591,66.99796,33.520535,36.412067,20.278364,58.422882,36.771637,43.754547,33.194603,56.03537,57.813614,32.123695,50.29366,53.289005,22.924572,44.833645,18.049109,59.686916,62.6235,22.523516,57.4981,59.760914,59.01966,18.972588,30.869602,25.322962,56.097588,21.478802,67.34993,18.56541,40.76999,41.69635,53.60803,79.54181,22.745731,82.945206,63.841915,62.530987,76.964096,84.80621,27.55686,40.40103,68.364555,16.900064,67.759315,60.715233,Normal
44.352013,32.791683,35.508183,51.49079,57.848213,41.864723,69.71751,33.81395,30.051533,15.848608,60.453545,33.63259,38.690216,20.444094,58.134716,46.282093,25.398481,54.13952,69.200455,25.8352,43.162834,25.376825,75.04227,50.517277,23.004583,42.18219,59.93576,61.06432,18.661509,25.325037,26.514172,63.760113,21.432247,67.49203,16.162235,37.369957,41.580204,53.60464,74.84732,23.391428,81.25537,61.572132,62.156918,68.77396,71.16119,26.118082,33.046143,65.674866,15.459533,76.30443,62.502766,Normal
45.54313,35.9876,44.68224,48.299347,62.98191,45.784607,74.1391,24.670588,26.608522,19.249298,52.518673,23.729937,44.295918,26.978807,51.687515,54.459038,18.198801,57.9226,65.81267,26.592745,45.212982,31.9689,87.02653,71.97957,17.274029,42.74543,53.186188,58.42715,26.428255,28.822733,24.349693,62.769375,32.093494,74.058174,32.27528,33.40071,31.829166,59.31846,78.583755,34.309917,76.47225,58.294315,72.262,83.179146,76.497696,34.3453,43.68397,68.93941,25.618591,68.08832,62.057205,Normal
35.434048,38.72435,40.69401,52.019226,62.752403,48.617138,77.315025,31.823254,31.827099,20.66818,61.56102,28.147858,46.14316,23.1576,51.51394,49.55993,27.479153,51.540306,66.47907,25.985514,47.775063,28.76388,73.25768,58.781776,20.427467,35.437744,65.04614,53.093502,22.394629,26.024675,29.30558,61.595333,30.464376,63.25908,17.81867,29.584478,41.6826,53.69494,78.99064,26.922552,76.85433,65.7002,56.264534,80.94416,74.83328,35.336697,40.141895,61.12472,17.55663,70.015465,63.126923,Normal
38.74267,31.365602,35.17695,52.243732,50.750416,48.889736,74.293526,24.495043,36.042274,21.386497,56.05351,32.732677,35.163197,21.273123,65.558,53.88554,27.458649,51.096657,59.82239,26.172682,43.174362,21.943645,79.229126,54.697216,29.273588,52.721886,59.88215,54.81722,17.50544,17.760593,30.99979,62.96525,21.838757,58.11707,34.49042,26.586884,42.345135,41.11619,73.72219,30.64928,82.95249,61.389805,66.16396,77.7292,82.66365,31.024519,50.085907,66.821495,14.615416,73.808876,63.901863,Normal
39.25353,38.982483,45.09199,46.846825,49.475803,49.194675,69.58654,31.94227,34.860653,22.719027,57.831944,27.724564,46.12993,18.79785,58.495365,46.83989,22.69324,50.229137,63.27394,32.098053,49.067635,27.073164,77.953835,63.287983,20.300686,44.166393,58.082314,55.057205,13.952853,22.141876,32.75951,59.185837,21.136618,59.38103,28.422054,25.308502,39.317715,40.41864,73.04661,25.44601,77.02042,67.70981,56.575165,74.66024,75.81489,37.870853,41.07252,64.57921,25.66597,70.70085,67.84906,Normal
39.09238,34.87898,35.727943,57.11591,60.72855,55.60112,74.73744,23.81356,35.20522,13.851462,53.180943,32.73218,31.936235,22.08702,57.082073,46.187523,22.17019,60.783207,57.744568,31.24382,51.453625,17.830925,83.8588,61.091377,22.042318,49.299732,62.0154,65.07516,17.66961,23.591759,35.456013,70.78491,25.94203,59.71625,20.466257,26.360565,45.36377,55.126404,72.924385,22.260044,77.08515,61.386513,56.46075,68.70971,76.141014,34.65288,37.4728,62.436497,19.927616,74.7085,67.79761,Normal
52.02296,38.9168,36.8932,54.412712,56.789955,59.48083,76.33929,35.513966,36.17961,13.769624,59.684517,27.683855,33.400818,23.690266,53.916992,54.773186,24.735495,55.700665,55.961285,31.966673,48.71602,22.412718,71.26041,56.24834,16.41117,56.717144,60.42477,56.023655,13.83388,14.958673,30.718933,51.66375,25.204601,65.53941,31.294868,31.087688,34.224236,44.389587,82.10348,30.639675,76.6505,68.67688,57.77038,79.26603,77.71997,30.98739,35.236755,61.877655,16.805326,69.09362,66.19442,Normal
50.59014,33.85709,36.989445,45.29427,61.635532,51.5381,73.13264,31.332962,25.48829,20.407892,55.92355,40.321743,33.97511,28.631514,46.57856,46.55001,28.014343,62.97006,51.732357,26.088158,42.643486,28.339764,80.06415,63.725407,23.96068,51.701885,63.381042,53.591408,19.407269,28.844864,23.425938,60.00723,22.881208,63.65269,21.618187,34.19574,35.835747,59.25966,83.33895,21.495573,78.92661,64.80405,51.411694,76.126,73.06799,39.39741,51.993217,71.760635,9.383847,75.67906,58.40244,Normal
44.093086,25.384521,40.346123,46.272335,53.705482,47.951714,78.928185,34.092945,26.509296,14.286852,52.552242,28.217394,36.365494,20.946682,58.66429,42.04471,25.613523,49.68885,66.44451,25.348314,46.937294,24.657137,78.94435,57.793827,22.362925,51.638596,59.54823,63.66405,28.70741,21.783276,25.515066,62.26646,23.141481,65.54797,31.525131,32.920006,42.181942,50.183224,83.946106,28.277689,72.230804,58.659485,67.92911,78.546745,79.00272,37.26281,34.617237,65.22111,23.582426,77.403244,58.303516,Normal
37.209114,29.591253,30.535578,44.112236,55.648808,44.14798,74.18407,30.075775,27.750687,22.373003,58.881744,30.951855,35.068058,28.412529,56.81193,42.847076,27.610224,52.66912,56.46904,27.11484,42.278053,26.132637,69.621475,52.29309,21.667871,44.453262,62.505283,63.39583,10.439689,32.264526,25.675085,66.411,22.651949,64.086,20.64771,35.20447,34.12506,55.58191,75.89706,25.34703,85.009254,60.990944,63.043053,70.264694,72.9123,26.811222,41.76945,68.246,20.610447,73.370186,68.01945,Normal
37.399117,34.75741,38.046894,53.400974,44.973213,54.471897,79.229576,31.173557,28.699772,10.019677,47.82766,25.48942,38.312904,29.684248,56.30115,44.1509,27.333422,51.346886,69.91778,32.264263,44.36927,23.664991,67.66848,63.608826,24.231037,48.235977,60.35582,63.351833,24.950495,19.658566,27.63587,59.680138,28.6564,66.8907,23.689854,27.246973,41.05499,56.270866,77.40922,32.273357,84.47892,59.03219,64.326866,71.59022,71.09323,33.345055,37.298122,67.75605,24.568195,75.2261,64.219345,Normal
49.72993,26.323843,34.278675,50.620975,58.075024,51.490635,79.821754,27.74473,34.378017,24.512636,51.399914,34.440968,44.922894,23.218027,50.84848,47.488335,30.85315,62.221382,60.480076,23.199154,48.358696,32.01654,77.17004,66.48532,26.872553,49.365677,56.714653,60.36144,28.342747,24.856337,25.769249,54.739887,30.161192,75.88752,22.082752,31.677822,42.749966,61.830494,82.169624,32.890835,83.930374,60.873955,63.931244,80.39172,82.67769,40.741974,35.58496,69.60954,28.34977,73.01043,69.49019,Normal
46.919136,25.400267,39.22339,39.960094,53.10489,49.416748,69.239136,24.137808,24.55335,25.154648,60.69702,38.278214,40.16449,29.468243,51.01932,41.274574,26.231337,53.316093,66.8992,30.42724,48.89594,31.548649,68.81506,51.405983,20.676748,41.326004,68.252525,53.58952,28.844803,28.07433,24.35592,62.702816,19.196323,69.70121,25.773518,26.40466,38.529037,48.320145,74.53915,31.442951,79.42784,68.3342,63.92793,74.32647,68.93475,18.756834,44.7447,68.58407,25.693089,76.11069,68.263695,Normal
45.03793,36.457375,34.6874,45.46319,58.74755,52.659405,81.28716,23.133615,34.73235,21.824902,51.997593,33.088757,37.247223,23.41554,58.39868,41.233067,24.981333,57.25124,60.850082,31.442677,46.427746,18.876148,71.92332,58.110588,28.436708,44.223713,56.596897,58.04514,22.327158,24.582157,32.295563,57.17568,31.228502,78.67899,21.263008,36.769928,36.980362,52.32185,82.74343,29.365236,86.933586,62.413593,56.091602,79.76643,79.65031,39.950603,53.71087,71.033165,21.863972,77.17188,66.4443,Normal
41.64552,32.32612,33.66019,51.859177,51.490105,55.170013,70.15305,23.069283,32.716774,22.786703,57.74077,31.097929,34.868675,18.340605,40.40404,53.407948,16.959827,60.07522,57.624863,29.89888,47.59973,21.523937,75.69746,62.468002,17.234402,44.73887,67.483,57.260418,27.002342,20.976976,31.814648,55.007114,25.20942,59.028717,24.244476,30.9201,42.113464,50.994526,79.83304,35.437233,77.82174,57.538387,55.76362,76.10702,75.936935,36.196793,36.429504,62.93138,29.829866,80.59584,62.856327,Normal
38.632473,34.05277,30.093384,48.549034,61.083805,48.23095,75.29176,28.555164,29.218973,20.719893,52.316628,29.171175,37.37327,18.801294,57.785816,44.264114,26.863985,59.80606,61.10708,29.500074,51.393562,25.504194,79.57483,55.059967,24.20629,40.594738,69.27333,60.16398,29.246597,24.77041,34.458904,65.42692,23.459024,63.782154,28.128302,34.11283,42.843792,50.674595,75.54173,33.739086,81.01987,65.23461,66.69152,75.191635,84.59674,44.78216,36.780506,71.834885,16.550087,72.23407,68.51207,Normal
47.888496,29.109362,41.266827,53.444157,62.29786,48.750813,73.8235,26.28195,37.240177,14.224655,57.704124,31.058352,40.99606,27.506285,58.43108,45.44491,24.855732,56.30342,60.142227,27.28106,49.688625,28.167513,73.88388,52.388695,23.10914,41.04547,61.2291,49.676,13.300266,29.160374,31.772429,61.4272,22.668047,69.37596,19.066797,34.24907,38.40498,58.121723,86.431404,30.33554,76.96278,59.36387,68.97961,79.417725,79.04673,41.71123,34.760704,72.07578,26.038246,73.74701,62.599865,Normal
37.299713,32.443005,38.489098,44.710644,56.58037,51.832657,72.894104,22.1077,38.06023,18.199299,53.301285,32.38584,40.595795,28.12507,55.7053,45.664276,26.60155,59.00517,57.011284,23.910366,42.84314,23.369333,63.3807,52.391567,28.267864,46.477413,57.949383,58.487537,23.722614,34.81874,30.582373,65.0425,27.943735,72.66764,35.335197,34.20182,35.754257,54.065987,74.1897,24.586756,70.75806,64.924835,56.10318,77.26016,70.511734,38.339344,43.102825,70.460075,15.620837,76.92393,59.7816,Normal
39.044018,36.89206,35.454906,46.950718,61.726974,55.6329,68.00302,31.646303,33.637405,22.436619,54.365562,38.69302,46.619785,18.194967,53.044083,53.553967,15.845064,57.91784,58.85066,30.9361,48.89129,20.240147,72.36619,55.072124,30.182613,43.429497,71.04334,54.647717,13.36701,18.571701,33.501617,71.7637,23.0728,62.048363,27.910765,26.522314,35.825615,50.734207,74.866776,31.069294,78.80297,58.431004,49.861206,67.43637,80.69414,28.76298,44.976364,69.65291,27.9335,76.976364,72.95702,Normal
45.945126,35.285675,35.145035,50.143127,52.761314,52.72595,74.48256,28.871181,27.337385,16.709183,59.842773,24.363686,43.102287,26.431246,61.695255,45.920986,25.306757,56.865044,59.527733,21.33114,47.514965,33.655827,68.31563,63.983337,22.89087,39.66481,61.33992,60.166092,21.553448,20.952225,34.44756,59.1844,23.091722,62.86448,29.21338,35.107094,43.216103,55.146523,78.76265,24.973331,76.5572,56.91026,59.964573,66.71207,84.9036,35.22586,35.42939,70.174416,27.229641,78.29959,65.348274,Normal
39.701443,38.07927,42.079735,53.140484,52.64752,47.286247,71.73976,26.000845,24.886965,20.529812,58.84736,22.052893,43.00275,19.79265,50.558323,43.98667,17.365965,52.462498,59.746025,24.463753,44.31354,32.552067,72.447,62.63141,18.963383,51.586693,65.67302,63.561996,23.189207,19.513561,23.072842,72.45321,20.729641,77.66523,25.096886,27.042702,41.55218,58.66922,74.02167,34.691246,78.82335,65.16661,68.71587,83.095726,85.584435,29.2208,31.165165,67.4871,15.221412,76.04905,58.415665,Normal
33.27659,33.259594,44.12109,54.82538,51.69457,54.769485,67.71019,29.231117,32.775574,17.581776,53.14049,28.26068,44.02588,25.30819,60.499252,51.256824,17.31811,54.009342,67.17043,29.369356,48.316647,17.174292,63.235134,57.47226,24.253061,62.56524,60.583412,63.6799,24.24428,32.194176,32.815933,61.646023,21.046028,65.35959,27.122726,32.74727,48.942352,58.407337,77.021774,27.055845,81.85783,68.98015,46.65076,79.42441,73.81951,41.066364,44.713863,67.07522,24.254105,72.62584,67.1055,Normal
45.19783,32.884975,35.091995,51.562405,58.870205,53.683666,81.36364,32.867,27.268215,24.576632,58.052696,29.892538,46.924454,31.649643,58.484997,45.116695,29.844227,60.713745,58.25713,28.157278,50.393147,30.907518,66.78797,59.0673,19.636896,54.654427,58.741596,55.303158,26.025106,23.179821,33.106148,54.78779,31.965479,62.459763,21.557667,33.360096,51.793926,56.144333,76.69115,30.463123,76.60976,61.443142,49.89741,71.9623,69.11914,32.317364,45.91302,71.218216,21.115265,78.32962,64.26461,Normal
42.072002,28.169128,41.902958,47.187336,49.009926,55.068077,80.284485,22.994669,25.656048,17.82476,59.108303,35.22265,45.888077,24.02285,54.292385,44.782547,24.665863,47.37738,64.48179,30.205902,50.68248,15.843832,69.48833,59.72576,19.823372,52.50934,57.76745,55.257404,30.386549,8.120066,28.053082,52.17419,31.060703,62.519497,22.90959,33.42527,42.89864,56.249825,73.35135,31.708017,76.39536,62.705845,54.666107,77.05693,79.134674,40.01127,36.668594,67.34731,23.898003,77.88734,59.11158,Normal
38.13931,30.719702,43.065506,44.58668,58.39189,50.093903,70.3364,28.371698,251.98653,13.09774,59.183464,22.929304,44.134735,19.87504,63.181866,48.534145,24.497717,48.613472,254.90941,20.432539,51.727478,19.111446,68.946724,51.49842,25.145962,49.320034,67.86424,54.856064,32.83697,37.308933,25.528076,58.84065,25.164165,59.492012,30.368984,31.515862,48.18342,56.257122,78.49746,35.487247,71.48025,65.86818,54.729977,278.25995,71.10714,29.962654,38.7763,63.5418,24.048365,79.86215,62.076836,Normal
49.25277,27.455338,32.314384,42.43093,61.25295,44.812935,68.73711,27.03188,235.77986,17.069542,58.53346,28.550821,33.553947,22.202652,53.726345,41.128128,17.373497,58.607285,252.78735,26.991524,42.739017,19.953165,70.71563,58.734142,18.447598,54.277977,65.362274,58.516075,24.830618,26.55453,28.661987,64.74334,24.36225,72.83746,21.05379,37.057167,42.482185,58.660583,83.134094,25.660166,82.042015,66.20026,66.23402,274.3764,70.56782,29.068823,52.260666,65.96903,26.315353,67.66165,63.295494,Normal
48.18799,27.780172,34.767185,50.587246,55.700893,52.610653,80.57369,31.335379,203.05855,19.721212,49.008633,33.45424,47.536404,17.868063,54.399044,39.476803,3.3596258,45.851963,231.32158,31.764053,40.618813,28.552326,74.58797,65.75034,15.697266,34.480396,60.30753,64.893616,22.644135,24.108871,30.256416,58.13541,27.437313,66.08244,23.158983,34.86961,31.107609,51.007652,72.266914,31.250944,72.81116,59.13962,52.69878,245.25,79.47169,35.58815,33.678787,64.609535,26.670692,67.30452,57.882057,Normal
39.253567,38.03618,37.948895,48.352867,55.521084,56.04116,78.428734,31.932747,217.24991,23.584068,62.05351,28.524767,40.183804,26.248598,59.823673,47.824375,10.943734,63.55058,251.08334,28.023415,50.189117,25.775826,60.098324,63.503788,19.766573,52.63319,58.74268,54.072117,23.840973,24.060772,31.702166,59.505627,27.630451,78.84634,30.425903,36.25717,40.829834,40.28663,80.88503,36.659576,72.461784,69.28887,66.55723,262.26233,78.76901,40.517197,41.103188,71.1123,22.4984,79.23344,62.580746,Normal
43.945858,32.398884,33.444424,50.245087,49.032387,58.88403,73.87849,24.928055,198.70782,12.988541,48.122414,23.82201,42.408787,25.57483,60.528442,44.70984,17.8187,53.851242,275.08765,31.833843,45.363895,21.449707,69.47667,66.68548,14.28283,53.549835,69.65602,65.51598,22.719265,22.83033,32.397533,63.261337,25.163218,64.40653,26.956774,32.317474,41.17024,50.751003,73.987175,32.277027,84.63739,55.819107,51.94542,269.45074,75.74311,20.999994,44.64422,60.879604,19.5659,76.53673,65.772835,Normal
41.224857,37.442516,40.293198,59.827713,53.986816,50.187412,69.47549,24.20994,205.82365,18.881224,50.748466,30.075924,45.768394,26.627426,52.152718,45.06502,24.193249,53.762833,247.75916,23.26426,43.61622,22.394466,72.22542,54.61118,21.178785,47.926945,66.99241,57.441036,24.875973,22.1194,31.253187,66.26876,25.73929,71.61413,27.883183,32.375923,49.83793,54.59524,76.97183,25.315357,76.05782,58.7913,41.252316,261.93042,80.464005,36.57184,39.71117,69.351036,26.807016,77.56567,68.811905,Normal
43.24913,32.037567,35.41113,53.758278,51.544727,43.637096,75.545906,31.013775,215.62921,29.037214,45.673225,30.05094,45.53834,27.671352,49.201153,52.187614,20.558613,61.465775,247.75946,33.497948,52.666553,29.03839,69.05722,55.228672,23.14489,46.28363,66.45479,61.60481,27.398014,23.426888,25.409204,66.16065,26.260782,69.60451,31.644281,38.653698,42.873024,56.193348,80.17977,30.681587,75.41812,63.87305,57.870213,243.97609,71.77464,39.365612,38.88647,74.13203,34.892124,76.27923,59.955475,Normal
41.855343,36.101097,34.833855,54.762306,60.42758,52.803967,68.67746,32.289326,212.27075,29.317528,51.08828,38.982304,45.528255,32.805836,48.172043,45.741455,20.319994,60.826267,231.19875,22.876925,47.89878,26.928917,66.57473,62.766193,23.647694,43.02217,66.63193,62.81646,11.99096,30.025988,33.936386,71.5306,20.749079,63.0158,20.766352,29.501226,38.491447,54.044693,71.73112,30.594667,76.74439,62.78495,51.451843,269.84732,79.483185,39.96117,46.256763,73.60392,20.571894,74.19961,70.7931,Normal
44.061905,29.533205,35.719666,57.820793,59.551804,49.106503,78.63458,29.90565,209.18857,23.299114,56.62494,25.997425,36.582447,25.045004,46.39762,42.306007,20.231903,61.150566,243.71579,31.5245,48.028557,23.24157,64.79824,61.477467,23.55709,42.302444,62.129948,57.776943,24.579369,26.196716,24.447727,68.7015,28.820116,64.945045,20.405916,38.25735,30.301275,55.823032,72.66606,24.694668,84.050896,57.351738,59.833206,263.4394,83.89019,33.639904,35.042953,61.01886,18.73932,69.48016,62.251144,Normal
45.87036,30.140814,36.117115,47.297527,63.046665,54.431427,74.512566,30.569506,209.98236,18.910587,50.479477,29.63094,39.986107,32.342155,47.379684,50.358475,19.819557,52.985935,232.19545,27.15445,51.150352,19.200405,62.678795,61.0483,17.522245,46.319557,67.13546,49.781166,21.912786,17.119446,33.910416,63.25015,20.888504,73.34246,31.051842,28.892725,41.40968,57.60446,80.16636,32.361805,79.62226,61.379436,66.72684,274.64456,79.57176,42.266445,29.881168,70.71392,14.137257,78.09957,72.798416,Normal
45.654453,39.347572,35.538074,52.102192,56.69123,44.761482,76.717,26.117811,203.79514,21.590609,50.7821,35.571117,43.226185,21.670458,65.51205,53.774773,22.762102,61.43184,249.15256,30.469667,49.507233,16.591913,69.98927,59.11291,18.243956,57.700233,63.45382,64.34696,8.0795555,28.243532,27.689095,66.942665,27.843504,65.84313,22.645775,24.518906,44.98468,45.074963,73.72825,32.86764,78.68176,64.538956,63.237988,251.2046,73.506905,24.01124,46.161938,63.01286,23.526459,64.63643,59.89819,Normal
57.223495,34.406284,37.456768,46.94959,54.89739,53.288002,77.89085,25.472172,216.66492,16.510994,55.95064,31.104841,34.885513,20.699663,59.797012,49.829044,11.393326,50.00301,233.04134,25.85758,47.41885,25.742554,71.414955,58.83687,33.495827,56.11229,59.38587,56.7897,28.577717,18.241995,29.180832,60.719578,26.68659,68.56308,21.441902,26.195448,38.28979,55.232533,76.927704,27.103643,76.95985,63.122307,59.126083,266.03015,76.66832,26.3299,42.20722,69.92831,21.285265,70.75712,53.09155,Normal
46.22051,27.081324,32.808414,60.7322,64.84721,47.68087,78.6075,22.20074,223.06107,16.460287,57.218838,25.43778,33.09998,19.86856,60.507347,50.987614,13.373037,50.89877,264.26566,26.763948,47.104683,18.962698,83.08224,55.34601,17.841621,42.947212,61.926174,57.672104,21.453224,18.316147,30.49347,62.693764,22.519611,66.69549,29.033585,31.791395,48.96675,50.43414,77.938416,22.005604,71.26838,56.004257,47.25431,255.0537,72.07804,42.755295,37.608475,71.63298,23.417656,72.24635,59.64987,Normal
36.62963,29.702063,43.2643,52.27116,50.976772,51.108406,77.116425,27.423717,218.9753,18.440521,51.93008,29.831047,42.284924,30.63238,50.101814,49.468,22.107887,48.981853,262.7954,23.598133,51.84143,24.385435,63.45357,59.27649,21.96837,39.885563,68.94833,61.69376,9.85762,22.221235,25.440104,64.43002,19.444992,65.702705,19.934555,30.542974,35.60173,55.839943,84.918915,26.071033,78.90793,63.67913,64.43864,270.39624,75.030685,33.831432,29.713156,70.97114,12.397945,76.17515,68.20966,Normal
39.78645,30.18496,41.311665,50.201286,45.44154,55.71748,69.22104,22.139217,208.2095,19.628517,57.45795,39.50182,41.623245,29.459957,51.92957,52.355305,17.750784,54.864937,248.776,31.274675,48.21464,27.97813,70.62948,59.34394,16.436615,45.62488,69.950516,58.17551,34.068844,32.930786,28.779003,59.49613,26.074099,70.68618,29.781008,31.150997,38.09006,43.095932,74.09893,32.101067,77.90569,65.42538,64.667,271.32135,80.64314,36.036655,39.310345,66.328255,20.123348,74.94688,69.02593,Normal
33.817616,27.522057,45.18055,51.51909,57.637993,55.6002,66.3911,32.42468,210.26514,29.05469,54.313713,31.382488,35.911343,30.603401,60.248642,53.679825,10.702585,62.132492,242.3891,26.761484,41.541615,17.427263,71.2469,68.04021,18.234888,61.798985,68.17556,59.921745,22.184715,33.285435,30.38091,62.339626,18.395247,69.90932,26.917238,32.707592,36.68655,54.569542,84.34044,27.583265,72.56836,68.00871,63.886806,253.52231,72.43612,42.709976,35.698483,62.426086,13.454054,74.73992,65.4838,Normal
34.337532,29.258173,42.37487,54.47623,51.284054,49.56822,75.640656,22.200762,210.46927,16.893473,56.20602,23.433462,38.68484,23.116713,56.18592,51.409138,27.502462,51.7784,239.02304,32.590916,46.877914,22.807585,76.116615,57.703594,27.900446,42.92519,64.54612,55.63473,13.366344,27.182566,26.11054,66.77084,19.242777,68.462234,29.133184,36.48369,42.036896,49.124657,75.58914,27.52705,84.54035,67.283,60.41228,258.454,74.75102,35.311638,33.98059,63.170116,22.839563,69.1732,75.585014,Attack
38.420147,37.39208,43.9049,48.37454,57.844246,50.249607,75.66895,24.889004,223.09665,11.575008,56.664715,32.79383,41.847946,22.769136,68.05523,50.616276,20.683882,48.14487,253.94736,33.988625,53.24629,19.44103,69.90482,55.431374,28.219315,39.02682,58.878727,60.83403,21.121899,18.909609,33.25444,64.07797,29.432703,66.227,22.215115,33.157047,41.14854,55.30464,80.2425,34.918114,87.15681,65.70033,60.62723,268.5772,80.57228,35.462696,42.01865,63.50794,19.832048,73.230774,52.17496,Normal
52.113605,35.882973,38.925156,55.39451,51.56716,46.723095,74.68268,25.75175,222.89465,15.263578,50.17451,37.99194,42.87093,29.792633,61.338097,52.307705,11.460734,54.315155,250.50586,31.371614,45.3466,27.392218,71.29351,55.99085,15.701517,40.62802,62.66934,63.309776,27.533842,26.85324,27.452883,67.57687,25.946869,77.55307,28.20761,37.662594,29.653887,52.095192,75.070244,32.76098,77.200096,63.413403,53.859413,266.87347,76.70674,29.037947,35.959576,65.43053,25.830614,67.26239,66.23057,Attack
37.066833,37.08342,43.066578,56.041573,66.033035,48.299908,70.230865,23.462755,209.0091,22.625858,53.73978,30.089306,32.37336,25.242239,52.89413,52.70367,31.297722,60.44361,240.16493,29.763058,44.94182,35.17964,64.16237,66.70939,25.884127,43.590824,63.440685,54.938263,13.966004,19.206865,24.441599,61.412315,24.684261,67.034096,32.430553,29.082026,42.518887,45.422256,77.056046,28.368208,72.52163,67.312294,50.48397,247.48242,84.93166,32.898083,45.865334,69.5032,20.902784,79.50853,58.66106,Normal
44.018867,26.84018,36.06932,42.245213,68.22842,56.07209,81.007965,24.82288,224.65848,15.125462,55.40579,30.932964,40.783474,23.313095,65.83028,48.41299,22.70462,54.90501,244.72897,31.769043,41.73747,17.855885,72.13967,53.45056,22.900805,46.566307,67.0999,54.459747,15.4622345,34.64716,27.936361,55.699783,25.753498,64.37523,26.147203,36.1087,37.213066,55.67313,73.72586,25.076885,83.928696,57.399494,57.280987,257.9142,79.46497,36.321545,37.691372,71.3547,16.732073,67.193504,54.549633,Normal
39.797417,39.012157,32.632805,56.484417,54.135937,48.121193,75.286354,22.242226,223.12498,22.012112,52.29433,34.20539,45.552544,34.62794,51.858486,51.81753,24.647657,60.155014,250.74872,30.988195,45.959133,21.882427,67.284904,68.50323,24.854658,60.048035,60.202477,56.716934,20.543558,22.379234,32.92217,64.12579,27.476192,65.79627,34.714638,36.399166,39.320343,46.925724,80.88587,23.225674,81.30208,59.144867,62.480484,288.60605,74.96506,36.194786,31.07017,67.8478,27.825033,78.305305,70.75102,Normal
40.013493,36.72972,35.86876,53.49881,63.302277,51.80871,77.23959,25.670553,197.58948,21.98859,51.6902,32.57501,32.664227,27.792107,53.417797,48.41868,17.944706,54.06677,234.80579,25.250166,42.79405,21.580687,76.239655,49.544445,22.894478,49.322334,55.145576,60.129227,24.47881,24.439083,26.020685,67.944824,28.329561,74.12276,27.999424,37.17238,42.19382,50.713997,74.745544,28.078428,73.0349,59.138878,56.173447,258.8169,80.5818,32.93813,41.76757,70.99302,24.23569,77.300415,61.341824,Normal
43.716618,33.71447,44.08896,53.379116,61.09711,54.28453,83.30831,26.315115,219.3487,19.0167,52.597954,22.621784,35.920116,21.382038,62.19634,44.95688,32.693882,56.41524,242.58224,25.082579,44.822807,28.429716,69.32101,61.542816,22.14944,52.30406,70.97569,59.198265,15.51506,28.853138,24.820196,66.243126,29.821737,54.89167,25.138176,34.67374,34.498592,56.044445,76.00833,26.2793,80.451584,63.53842,48.655502,261.8737,70.18201,29.550692,46.714233,71.99894,25.369587,69.89989,69.61849,Normal
50.97636,25.514467,35.865353,49.522972,56.461815,48.27118,72.0809,28.891897,217.69429,26.165928,52.112865,41.35375,44.153362,16.801157,54.05126,52.000134,27.287785,60.10303,255.98477,31.78207,50.333218,33.920334,80.51025,51.804783,20.387484,35.50294,68.830635,62.689148,19.479378,21.803059,24.728157,59.287617,25.738493,72.35576,29.006458,36.594402,36.9583,59.22598,74.33124,25.854532,72.04205,66.46189,69.43338,251.54022,77.88203,43.840927,30.306387,72.67292,17.972296,78.793106,58.273827,Normal
51.779087,28.269382,35.96381,42.741768,57.91729,61.574753,71.48482,22.564629,221.64359,23.996317,57.366127,27.37586,36.62043,25.657991,51.20922,44.456657,16.360111,59.982864,267.34818,31.684864,43.67598,18.504923,77.56664,55.842655,18.073586,55.000816,63.403885,51.73642,12.081949,14.461369,25.431076,60.0402,22.566936,66.60399,23.120344,38.442192,44.02933,62.760147,82.34225,26.202261,75.59901,67.82221,59.24972,276.91428,72.23014,35.349674,45.34588,62.68056,26.917316,69.33092,66.28632,Normal
41.75878,30.72063,33.897594,46.890053,47.5994,47.74093,74.88103,32.468643,210.04161,17.701662,56.184135,27.104912,33.16898,21.485422,59.67742,48.34188,21.226068,48.30011,253.45319,30.75032,43.778587,24.865614,71.080475,54.769753,28.487501,51.443752,69.156685,52.595474,28.446095,24.657463,25.271322,61.868782,33.614605,70.606064,20.302359,24.390701,43.618828,56.58588,77.54995,33.085217,86.829254,61.375942,63.086246,269.43088,71.339386,28.73664,29.894716,73.36796,32.552807,67.032684,60.576454,Normal
48.28301,37.929623,35.07913,54.766247,57.300545,50.05731,81.235664,33.384815,206.94696,20.891914,58.08598,30.96214,35.69455,26.30403,62.810635,41.89261,15.888355,56.714325,241.54428,33.078953,44.304966,24.876135,66.08191,56.373707,16.238556,45.726963,66.182976,56.36802,11.754108,12.371225,23.82398,65.5253,28.450819,67.55806,25.485449,22.991697,33.875725,55.11277,82.10729,26.311237,89.07151,56.638523,61.37329,249.16435,76.2292,36.201202,30.62166,67.15262,14.462086,76.924225,62.20917,Normal
40.14176,29.821478,44.865345,44.047726,52.146202,46.162613,80.6921,22.228855,224.6139,17.399685,50.1355,34.862953,36.492706,23.961521,61.13632,52.673203,28.71451,56.11878,244.86151,24.099543,46.256645,25.241735,80.690704,57.083706,22.951393,60.768074,61.36969,65.31944,18.5915,26.312067,25.578547,61.295437,29.180172,57.926212,23.789677,26.160688,49.767525,53.300316,74.03423,26.207043,83.92271,63.501457,52.782887,253.7728,80.94626,31.977476,41.667057,66.39544,18.46292,65.959435,59.990627,Normal
40.731674,36.726963,38.641457,49.880898,64.03375,53.702682,71.2219,32.326477,222.91046,30.831238,59.7959,24.554161,37.54693,34.720943,50.91975,52.263443,26.260483,60.34057,246.03023,23.733444,42.329136,17.936934,76.04977,62.93267,20.652927,41.64166,62.21824,52.761837,15.1318655,33.12088,31.38586,64.42905,22.135796,60.198444,25.806921,37.524143,47.48079,59.417675,80.12307,29.314684,78.14749,67.217316,54.502922,260.5161,72.44902,38.60547,26.364824,63.908127,31.103424,66.574326,59.973488,Normal
38.9692,29.380758,33.03267,58.755493,58.126057,40.91243,74.44431,27.752367,216.40329,23.583334,53.855587,34.35056,45.966003,24.237844,64.19817,44.244335,36.28157,61.748013,266.87756,18.77286,52.876667,29.388754,71.42897,62.61636,20.533195,42.61761,58.42392,63.71663,17.26399,22.679548,34.23416,71.88742,23.288778,61.540337,21.180267,30.427572,47.46266,58.75069,76.69156,31.428465,76.481926,61.79093,58.31454,260.64505,70.258514,36.199,30.26527,62.443623,30.766705,78.16942,59.84995,Normal
46.837116,27.451088,43.743534,51.058193,60.604492,54.97303,77.948006,36.283436,203.41734,19.977333,50.596188,29.483955,36.061123,24.417187,56.828545,43.065804,21.656607,53.87711,235.88022,29.335846,52.678864,17.781628,70.03568,61.77293,20.487865,50.552288,59.794178,63.78549,12.356307,25.836597,24.465725,63.14112,26.036617,71.80853,26.44159,28.124939,32.18381,58.92932,77.4673,30.974453,78.06329,61.05179,62.833073,244.8998,78.618225,40.35184,40.634644,68.97081,22.405127,80.89605,69.72078,Normal
51.159103,36.99417,33.724762,48.528725,61.48484,60.12935,76.88387,27.073854,209.97261,20.092735,50.745945,31.074614,43.300274,21.286888,51.50115,40.697426,27.654526,53.6084,242.13095,25.814249,48.842163,20.840754,75.685455,53.65464,23.818665,45.778736,67.54905,63.591785,10.114755,19.94392,24.865192,65.3292,29.294828,66.34752,20.217726,35.9631,49.518852,58.799816,82.65597,28.578163,88.09826,62.6249,53.895298,268.8389,76.00784,37.08342,37.581978,64.93431,26.58561,81.42767,57.816837,Normal
40.725132,37.10166,36.8364,48.39234,58.47513,39.853813,77.14331,23.334808,199.79245,14.259849,49.50523,28.110048,38.36274,26.251268,60.470158,45.540176,24.505785,49.42072,233.78969,29.855242,40.9624,26.383278,71.175804,64.33774,22.924982,46.530205,66.62017,59.74661,32.09139,17.024878,32.79947,55.07022,28.043375,75.262764,34.507954,29.233202,34.523975,47.19495,72.807434,26.39382,85.2164,61.795692,63.714375,262.83984,86.11803,31.9188,51.800755,62.525536,21.848413,70.61338,60.70852,Normal
38.714306,27.879951,44.6002,49.177837,60.43014,52.012424,78.38311,31.261538,214.94167,21.955631,47.44779,29.481533,39.421528,20.826336,64.636505,53.01642,11.204805,62.355347,235.99838,29.40285,43.06439,14.800367,79.62541,53.265736,27.152645,48.844746,69.00648,63.62243,22.328196,29.267618,31.055689,55.892754,33.42365,65.771164,25.501812,37.58945,38.06181,45.74004,76.048836,28.019777,83.14571,58.32662,56.202545,261.87582,73.409676,36.77235,43.11708,62.29935,26.876156,78.14047,57.768993,Normal
45.37792,30.78562,31.875679,56.272476,57.503246,40.813026,74.8942,32.586983,203.2624,22.049982,52.09966,31.061096,42.96626,19.727325,57.126617,43.54861,28.672863,52.4717,229.22165,23.011532,52.720627,22.035727,70.63281,60.51438,14.340513,40.00599,59.40568,65.53434,24.15205,29.516493,27.740332,65.965935,21.69774,68.34077,26.574022,31.173845,30.181349,46.468716,81.01262,36.47502,80.45277,59.835274,56.801754,253.20262,73.82377,28.437817,36.659336,61.990646,21.56715,73.36755,66.884445,Normal
59.854366,30.17131,32.401485,54.745014,67.45689,53.087696,78.01303,26.733465,215.87689,18.64656,46.22772,28.186945,36.543877,22.715511,54.44407,47.36448,27.041592,56.88688,250.2876,28.842392,48.08589,15.318548,68.93725,56.3495,17.417458,44.30937,66.960266,61.670414,24.46095,30.818998,26.20346,63.550217,28.884071,59.42893,23.873215,25.844349,40.594387,53.26772,79.468704,29.681984,81.59926,67.15356,64.93631,238.2452,68.58325,39.50245,37.227875,67.78203,17.014372,66.897064,62.581253,Normal
39.08299,35.359264,42.711998,49.08638,54.19368,55.746517,78.83753,29.589605,211.28438,12.45369,58.830013,34.404945,46.06808,24.605404,61.402737,53.950665,14.492947,52.980957,240.99931,29.77217,51.297016,23.979717,76.866455,53.866158,22.74324,44.741776,58.682304,57.332996,19.572725,25.67362,29.718763,60.29308,28.65844,70.28619,19.3629,30.11287,36.444107,51.222538,76.28161,35.19061,83.913635,68.620834,54.57229,272.75223,75.182724,37.26115,43.024185,67.275215,26.238111,73.2496,53.1629,Normal
48.94969,30.291262,33.990765,52.14733,56.780956,60.27621,81.76748,26.757143,236.1145,14.9091625,54.788994,27.832878,39.591484,15.823599,53.116478,54.0187,19.166424,52.585464,245.19939,26.631247,41.794712,30.254156,83.40597,59.307133,22.716967,46.693153,65.35073,55.10953,22.341196,18.162226,24.257778,63.057697,29.724249,61.543087,24.160044,32.398613,46.241272,55.75422,78.97507,31.417126,77.14854,58.132477,60.945305,282.98132,75.047775,25.176,43.353764,62.532444,29.565508,82.46697,63.294666,Normal
49.57994,33.968468,34.475464,52.057213,55.251343,51.932903,75.70001,27.250458,209.17313,24.200104,50.183666,33.56608,40.868492,22.833538,62.45788,51.05816,28.728783,58.001884,228.35434,32.901123,49.118687,19.235075,75.46104,61.469936,19.355156,43.01393,61.816055,58.94406,18.351719,23.483849,28.544394,64.40774,30.758984,66.70867,25.4116,30.1489,46.940704,49.958984,75.71261,31.786793,76.237206,62.77694,63.741444,247.20609,81.08454,34.785984,43.6878,64.192955,29.983683,70.057434,57.55757,Normal
33.7143,35.34597,42.494274,47.143486,59.296562,40.835022,73.60144,32.555668,216.5535,14.406464,60.343616,35.51162,44.886257,34.754417,64.53824,50.930336,25.626745,50.360897,235.79471,29.2454,46.5955,24.455782,73.58218,52.29018,20.656488,50.183594,56.591953,54.1704,27.687576,30.020256,30.600815,59.22503,22.733614,63.633705,28.319317,33.938396,50.114235,52.656326,77.41219,22.829939,61.32162,57.99822,61.58305,252.18933,77.42638,25.90456,34.2727,65.1954,25.095112,65.018105,64.41717,Normal
50.526447,32.13341,36.92832,44.949585,46.668453,57.540718,77.89499,30.740368,216.38965,18.668474,53.207672,26.39467,43.168434,32.540398,47.28209,53.530563,13.506335,54.064987,241.80634,30.95177,41.26596,29.220284,70.59724,59.51815,28.024778,52.738617,58.227737,50.360176,33.15407,21.812813,23.095682,66.427895,25.760204,67.44928,27.99499,26.458712,29.76905,51.122692,76.92058,20.767271,73.52024,64.146706,56.96078,254.52017,79.14195,34.243862,49.955822,65.723,23.95122,66.283295,68.49811,Normal
43.74143,32.554802,33.359283,46.94839,46.683163,42.885193,76.557434,28.328733,240.23433,14.863576,50.548767,29.79206,44.261677,28.589365,69.91163,50.89642,25.6666,54.935486,264.2768,26.045004,45.38919,28.182775,68.84461,57.570816,19.458107,41.41543,50.70105,63.22296,19.85931,33.3041,26.1179,60.815617,27.205187,80.247665,26.686714,28.306124,40.56703,51.06979,71.5768,32.510643,78.89118,67.80039,48.220337,269.25653,77.47363,36.172516,39.3567,68.606766,15.551794,70.007385,64.032555,Normal
42.91817,36.81522,36.104183,53.024746,55.645214,56.61816,78.9065,24.692228,221.21396,17.857248,57.31121,28.745132,43.48063,28.457878,57.59464,44.53086,23.483759,61.380596,235.94662,29.349468,50.654175,30.351555,72.43714,66.166916,16.866714,50.921886,63.4077,57.33023,22.924835,20.068604,33.350616,60.739796,33.892445,68.39897,22.607454,36.47634,46.85487,57.615093,78.78517,32.787315,74.00281,68.953316,60.77037,254.09544,76.20211,44.211056,33.787575,61.39124,20.509796,76.94998,61.04352,Normal
37.905037,38.427006,42.66446,49.85495,52.76804,41.4325,68.44277,31.669325,232.9847,16.952799,56.957607,34.296978,43.18756,24.713484,52.311577,42.583157,36.95789,48.661636,252.10025,23.978203,41.367786,24.823074,65.613,68.37817,13.552581,50.452354,65.03169,52.78298,24.131512,23.21964,33.712402,70.50336,22.764963,68.843475,34.199078,26.631565,33.266453,54.272537,76.300125,21.070356,79.27062,61.78544,60.49269,252.45483,85.30128,41.78092,39.731644,71.39393,22.942991,73.22066,55.946358,Normal
46.863956,38.67242,35.32145,50.438995,50.375343,59.381638,73.93697,29.233639,209.6921,19.916412,49.872993,28.867907,44.330856,30.051737,61.38155,47.23589,25.133295,62.23233,253.79805,22.89654,47.58526,24.605562,68.92689,55.727207,26.074213,52.29728,61.87929,56.487858,19.90302,31.757093,28.461004,50.895687,27.348413,78.15839,30.151747,32.32125,31.472242,52.93198,82.86976,28.930538,77.526215,57.84565,58.26833,257.33914,80.687,28.64966,39.414,63.207066,29.9056,74.23244,62.25557,Normal
43.181877,34.6117,35.88134,42.012897,68.66734,59.427326,71.11444,28.95113,207.51862,16.227266,58.001446,28.268028,38.25781,26.096714,55.786053,46.581833,23.419558,51.409508,229.0627,33.584496,46.451366,30.91872,69.6592,60.232647,24.39833,34.93739,68.79592,47.060383,26.941881,19.510952,32.419853,55.604843,24.529482,67.0463,28.566185,32.461292,37.99709,48.066677,74.29309,24.48142,83.32811,67.23028,62.625683,256.4449,80.82059,35.05396,38.143826,72.06485,18.122643,77.16392,60.829685,Normal
44.11777,31.820795,39.32351,55.19756,53.667007,46.152718,71.15326,24.576101,221.61996,14.646349,56.562862,25.779669,38.63154,28.971617,50.622692,43.4969,38.43105,54.18481,242.10934,29.579151,44.992485,11.901883,82.90536,60.432728,20.679087,57.537327,62.066357,54.419147,25.9416,22.042463,25.48241,66.13124,21.837126,67.06183,23.982977,36.188118,33.81928,58.78332,80.46473,28.160551,71.93426,66.74377,62.493008,247.044,85.9124,40.60435,45.376675,62.200947,24.496784,75.731026,59.47512,Attack
43.854977,28.366793,34.09081,48.81491,51.82508,51.47948,70.66825,29.234556,208.14648,20.698566,55.67526,30.727182,42.728867,30.856564,48.15845,46.274258,21.398727,53.313137,240.08438,25.281906,49.03975,15.321462,76.45257,56.088634,24.112549,45.84395,69.34252,58.827255,20.874666,26.76122,30.978712,62.270565,16.142275,57.241234,20.8145,34.67336,35.96619,48.312584,81.038826,30.653267,78.35332,63.116856,54.299503,255.01889,69.82349,40.17681,36.61542,62.999317,18.711933,75.50731,55.031666,Normal
45.628815,28.738972,38.826008,49.25668,65.01762,41.277344,75.17658,30.092342,228.52548,22.296673,50.149208,24.740547,39.549835,29.228155,58.974648,49.591896,17.919823,57.860992,231.5799,30.711843,46.612656,18.058004,71.038185,54.91579,26.533834,49.479713,63.418533,61.020626,35.074524,16.986202,23.082775,68.56671,26.81085,65.52204,32.882877,29.091011,46.2667,53.536274,83.131714,33.853447,77.18476,61.3792,59.63303,251.42326,85.0225,34.773506,44.84613,63.067585,18.049425,78.80226,73.80715,Normal
48.142395,37.641537,35.056503,51.134132,50.113953,57.805664,72.97766,24.573198,199.48512,21.01832,51.324768,30.893806,44.968807,30.8053,52.953045,42.54107,28.601557,60.302555,241.24072,25.731556,48.314087,18.706533,75.02043,60.031376,22.71489,54.681805,70.1947,61.63215,22.215656,28.364817,24.77744,49.94898,22.304493,78.40242,26.362238,34.370247,38.401184,47.90179,81.654495,31.026121,73.326515,57.97499,60.153923,253.68039,73.75597,22.486103,46.56677,59.61596,27.507452,68.84793,65.41426,Normal
44.75937,33.307354,35.011723,51.978954,54.141285,45.564938,77.05067,30.971277,211.91063,24.685335,52.856495,23.800852,37.128128,29.51859,48.71165,41.790012,19.49973,56.708252,240.66216,25.327625,50.331387,10.334149,74.96873,63.41561,18.007849,37.206394,65.8009,63.654106,15.927479,25.381147,25.153898,65.61123,24.033907,74.33468,33.503784,27.038841,32.52673,46.748272,77.20681,25.66662,70.06515,56.151962,50.802155,260.05945,81.33347,43.74251,38.547516,66.34595,27.139774,69.8362,65.884735,Normal
42.02292,29.616024,42.43072,48.3607,55.69026,53.117237,72.382034,24.109118,235.10999,14.574638,54.255894,32.42191,37.66474,31.233696,56.93957,47.701836,22.669334,53.166374,251.21393,31.423557,51.848907,19.259892,70.58073,62.891632,19.104275,48.761135,59.19217,54.26399,17.67509,23.59851,27.015602,58.903767,20.337755,74.28713,20.644873,36.92279,50.476692,54.34697,83.52769,34.096615,68.29622,58.711628,59.761856,272.2008,77.15294,37.112164,45.195522,70.49255,31.076296,64.883194,66.08198,Normal
41.795055,34.782974,38.02237,47.62601,54.90567,57.173683,71.9153,26.247873,218.15817,16.700369,50.346928,29.732487,47.513416,29.481033,55.051205,49.682346,16.252966,51.197983,239.07684,26.304241,48.20312,9.523476,75.34065,65.82413,27.896824,52.863384,62.020252,65.0134,11.081365,27.675962,32.488712,59.247646,23.434443,66.25386,20.796257,35.394173,35.89396,59.67005,80.09857,34.39671,80.8443,58.421783,56.81798,266.06067,80.21243,35.647686,34.33391,69.53835,17.36763,66.965004,73.18143,Normal
52.3688,28.251242,34.751575,60.29895,49.376488,60.822952,79.97125,29.463556,201.51852,17.207178,54.77953,30.056297,36.911526,25.30615,60.72544,55.529007,26.75548,53.078438,232.39699,23.699453,41.94712,23.56273,80.55766,58.10116,22.001438,51.265125,66.19152,53.97201,12.269894,31.160982,25.31994,70.772095,29.87903,65.29095,19.65094,31.83181,44.43412,56.76982,75.47339,32.21126,81.59216,56.584576,67.95024,263.4799,82.158005,34.4975,36.712654,64.778046,29.56764,75.474785,56.00614,Attack
45.12386,39.933746,35.74921,48.11127,59.366756,44.165527,77.79105,28.307507,197.44167,23.616232,56.493263,31.169909,45.049324,24.1328,53.71857,44.331623,27.302359,61.754055,243.74063,21.8029,50.093452,13.595276,78.575424,55.49406,18.344204,54.817463,69.775314,64.19544,22.73439,25.070358,33.61657,61.473164,31.632713,60.97815,20.69098,23.776842,44.237194,43.70608,75.46363,23.286934,77.82142,63.550453,66.78515,258.1485,82.57428,35.529526,36.712482,74.04324,26.346893,70.47998,59.561016,Normal
39.24454,38.026314,38.404438,49.17005,54.928093,41.13486,81.642876,30.362108,215.82985,23.792122,55.813457,28.056496,38.384228,28.639776,57.173107,48.0792,26.430891,54.55338,242.27841,34.20962,43.992855,22.128735,61.87137,54.973007,22.849348,51.023144,66.68943,57.953438,28.557251,25.120708,26.104694,64.37004,33.654713,73.262566,18.971334,32.28643,48.31326,52.772705,80.62458,33.987385,82.097305,63.9436,64.778595,246.59259,70.34739,29.45383,38.259365,71.91489,14.181313,69.22287,59.745083,Normal
49.1686,26.534136,31.372488,55.393135,48.468327,60.069107,73.285965,32.93798,202.0963,20.182365,48.923805,36.041176,39.214012,31.244856,56.541237,38.85425,19.978437,56.041447,232.68517,22.10959,43.08095,17.951046,67.228584,49.512787,25.976406,45.728054,67.392395,65.48332,27.744507,15.77288,26.747267,64.1366,25.28936,60.41868,37.97115,35.518,50.099014,51.65515,82.97984,26.674297,68.44067,68.70803,53.36706,260.7528,75.73718,31.806587,37.327885,66.26412,23.21718,69.68176,58.026733,Normal
49.513157,31.948029,39.844063,47.821213,58.78506,48.92388,79.32003,29.315632,222.33435,23.10658,60.061832,28.567106,41.064304,23.030302,54.32216,49.309776,7.946326,56.014782,244.02051,27.834757,45.32837,23.979282,75.111755,43.45509,19.194197,49.005627,62.762505,54.377098,18.71724,23.687037,27.328957,72.781395,31.061981,73.4003,34.275444,35.81414,35.91187,53.77485,72.68916,34.103706,81.19729,64.710106,56.66401,260.84378,81.60634,36.540134,40.87482,62.478085,22.6668,65.60908,67.06598,Normal
36.347145,40.162827,41.973114,49.762253,60.330654,49.272076,77.63361,32.89744,221.82571,24.833649,60.221832,35.660576,41.92297,25.183134,54.523537,52.228462,14.923258,58.89917,251.46683,31.001186,47.172363,28.92514,71.86301,63.381573,26.06377,44.12048,59.759525,55.405277,14.994687,21.578257,33.41486,57.08816,25.976282,71.55227,29.580559,28.853458,39.92742,43.820343,83.37338,21.52203,87.844124,57.987614,55.31919,260.98395,73.85195,40.2174,45.592346,71.29198,17.066895,73.41352,68.38891,Normal
44.460564,38.57722,34.63265,49.51882,59.338062,51.525417,71.53961,32.511585,221.29259,28.225344,55.750374,38.14536,40.38983,28.89856,53.316055,43.98084,18.44497,56.9812,255.56143,32.204166,51.45816,24.351387,75.77042,66.49567,24.856342,51.64848,61.46682,57.821354,28.793219,27.28132,30.336466,73.38486,17.406883,68.099945,23.902708,33.377136,39.16587,58.08877,73.70371,26.876299,82.5427,59.4856,53.90648,252.168,69.24269,45.716213,48.64789,63.15503,36.70779,76.20756,72.01315,Normal
46.04885,37.411495,36.788456,44.831787,62.959915,63.7013,70.4228,26.985918,211.78627,12.430537,63.67308,27.350344,45.864067,25.408634,60.03689,46.647835,22.89367,52.434845,245.59396,23.095934,42.71261,28.119486,67.03277,54.89782,20.65769,45.01216,63.001114,54.772827,12.162633,27.25856,33.115948,67.386246,19.752184,67.98005,20.954716,38.818348,33.61334,56.90083,73.70916,24.750423,68.8275,63.81605,54.80178,254.30444,81.141136,34.856983,42.44919,63.72924,19.547417,73.28249,66.3731,Attack
47.018677,32.513634,35.406017,55.839012,62.952805,52.233692,83.11809,34.02993,228.30133,24.74317,54.872074,30.521538,38.16164,29.317848,54.70014,47.857616,19.604412,55.18207,244.63548,23.999304,47.082447,19.933868,78.30081,66.00893,23.82073,47.905537,57.65792,57.83935,13.263591,15.626842,29.134542,55.276875,30.299446,62.45777,23.852167,27.765793,51.65805,53.601692,78.16532,20.31262,77.06454,65.272606,61.192303,265.05927,80.6987,34.03764,45.110596,63.455948,26.556974,72.59543,66.17035,Normal
43.068176,35.41363,39.364098,57.40389,55.426258,52.94767,76.35863,32.5573,200.05699,22.579506,57.27768,25.363323,43.86217,22.511831,57.71747,50.57718,16.097477,59.127422,240.43411,26.300783,53.033485,27.87354,72.59275,50.14758,26.236174,43.484703,62.76447,54.832848,18.697212,22.936157,26.5962,54.72586,29.554472,70.91894,18.795359,25.45455,32.7815,55.259357,72.604164,30.397123,87.896935,67.92406,54.351685,245.90652,79.436264,36.60466,48.70584,68.8448,24.361465,82.36237,56.89674,Normal
43.54884,32.12322,39.415802,44.055275,50.457813,52.882282,73.60359,26.924706,221.90958,30.132036,50.84022,26.496141,37.718403,30.678514,54.36849,45.87933,25.799782,61.20277,247.09396,24.285648,50.16207,23.510511,72.447716,57.295013,25.46941,50.04208,63.37108,57.7115,11.092115,17.309235,30.264456,64.03589,19.53716,75.84012,26.407864,36.451992,48.57222,53.68116,76.73446,26.062126,75.05502,57.82726,57.176365,270.04953,72.85006,24.705774,38.6664,72.20353,32.874065,69.39641,65.171135,Normal
45.34718,32.537956,40.853928,55.39846,50.518063,46.335434,78.43783,31.237005,216.15424,24.201666,60.96638,31.248545,41.966022,27.474045,60.84386,46.300156,27.213753,57.722965,241.04536,28.655878,49.832012,35.81525,65.10855,59.579166,22.240143,49.91575,56.811993,52.22936,18.74523,28.114613,30.802294,56.57909,27.573732,77.12702,26.546087,33.668087,47.11828,44.799717,78.95046,36.187817,69.743546,69.30298,56.555073,254.55382,80.678345,37.74647,37.28311,69.47404,22.703619,74.495804,58.00812,Normal
44.881104,37.8729,35.794884,53.095417,55.488964,48.5987,78.51768,33.603565,206.81046,19.680859,57.24284,32.98843,39.27782,20.639153,58.15393,49.73656,24.00378,58.59409,251.09624,33.547256,40.328125,16.423386,62.891956,58.394203,16.925524,50.50078,67.427795,54.483616,15.116861,23.397001,26.081167,74.80906,28.347956,70.72382,24.335167,31.918173,40.072956,47.53406,82.56329,26.00441,81.75171,57.43853,58.208805,258.29288,87.619316,38.60084,35.841015,69.93427,17.815483,77.580055,57.88915,Normal
53.162453,36.218685,36.774387,53.693424,51.7055,53.69307,73.892715,30.708757,197.15106,26.387863,57.006035,38.131657,44.13606,27.733593,52.21271,48.11019,30.64358,58.644066,240.78964,31.745224,46.009983,21.779383,79.395966,57.939835,25.154882,53.780605,71.207214,51.694233,23.19022,30.323534,26.769665,69.94715,19.935776,56.283707,17.674212,33.882076,42.70185,50.745964,82.54203,37.305676,70.15244,60.45528,49.040535,254.12494,72.96437,35.54616,40.011227,68.78998,21.729406,76.26972,62.01112,Normal
42.55609,31.175516,38.284748,47.99309,57.47636,60.651047,73.21917,23.633633,214.68985,10.236562,47.009342,29.095081,35.142036,32.599148,52.236717,43.36872,24.460806,49.993557,259.34344,21.502872,45.132256,32.703606,73.03805,67.23593,26.881775,39.89095,67.93759,62.05506,33.07016,27.813599,29.640709,59.47931,29.412926,64.06977,32.373306,37.57971,41.87247,57.558647,76.58677,31.587677,76.185814,67.937,58.628773,256.64276,76.834305,37.354725,43.847973,71.59533,22.95282,75.16794,67.66517,Normal
49.57637,34.11915,33.84675,52.173965,58.10755,61.720364,80.35595,28.456099,215.25612,25.608337,56.15594,34.59146,42.00033,23.906536,48.446735,46.59575,33.717216,64.00988,229.77669,32.323418,52.564373,27.443214,70.51351,66.19211,16.745745,45.938877,69.25219,63.167492,17.266487,22.082518,30.550081,58.734035,32.170876,71.187805,28.949085,27.655092,34.275444,55.704826,75.69772,31.353323,76.75803,69.94709,65.605774,265.29105,78.6606,41.695293,38.00675,59.99347,16.885511,74.9767,54.81677,Normal
43.648384,30.81867,37.499786,56.796017,59.25471,48.02782,75.29673,27.003284,200.80835,29.922903,58.842125,29.411911,47.32537,30.847118,60.22827,41.694252,31.061451,57.7376,242.69748,31.992971,49.96667,30.151257,72.4579,66.07954,15.784558,46.463905,66.52889,52.16523,11.990674,7.422472,33.879158,63.600655,19.650549,71.99236,21.582634,30.241741,41.230274,57.749928,75.248604,22.119608,81.96545,61.41333,59.66278,256.9582,82.7459,28.358875,31.06714,63.309216,24.090538,68.36361,64.48772,Normal
44.97599,29.237972,36.32545,47.537876,47.426006,58.38121,83.0242,21.774597,210.46115,17.813866,55.30368,28.783205,41.57079,24.447712,54.066994,44.506863,24.292215,58.159985,238.24783,28.823479,51.39241,26.537146,73.3828,64.37729,16.720282,60.848915,66.18342,54.74767,23.321232,21.40191,33.310646,64.55253,33.47278,75.303665,22.946455,35.683033,47.09419,55.35926,81.88671,35.146996,68.0127,66.4301,57.115513,252.52563,80.49431,31.39216,37.056953,60.127544,19.340208,75.79721,61.039013,Normal
44.00867,28.403578,36.889183,53.52015,50.37001,54.25695,82.50043,23.334782,211.44424,15.356859,57.21811,31.545563,35.276657,23.97567,64.65425,48.50722,18.143753,56.556194,250.3293,33.827282,50.08114,16.460897,74.81976,58.86911,14.0154085,52.16974,63.084408,51.235065,14.016725,20.08992,29.208345,54.193005,32.27932,57.644287,22.462526,38.292507,49.17356,53.82456,82.14915,27.16354,77.61467,63.109524,59.139126,259.41754,78.37743,33.295044,38.086536,71.97708,14.955302,73.51917,60.934273,Normal
36.71675,35.05184,41.042107,54.442,59.85906,50.366825,73.001015,30.87572,228.85634,14.827552,51.56385,35.63886,40.7673,33.2825,50.608807,52.244507,18.650305,51.89228,249.17653,22.63783,44.20886,26.057377,84.51267,60.379787,25.86509,53.70856,60.69572,63.23242,14.050262,24.751503,34.137856,62.528496,24.002405,62.882298,38.334633,29.527006,36.60469,47.425606,81.65068,27.481878,68.1165,62.353165,68.9764,285.84592,78.16685,30.11306,38.66372,62.840755,17.551104,79.37333,66.60135,Normal
38.54971,32.80976,38.75437,51.379658,61.95358,58.217236,69.8045,23.319092,207.38396,19.371387,53.7738,37.637188,32.909515,27.538048,54.45015,50.557064,30.946423,52.340096,225.50424,24.008179,44.668808,15.437236,69.61017,60.64938,23.800404,52.72877,62.904602,56.773197,19.476255,21.187738,30.368774,61.816223,19.162567,62.53943,25.156696,37.12986,33.9932,61.41679,79.850464,31.951889,87.24786,69.967636,67.181694,258.82834,70.953156,28.354595,28.50538,72.52595,30.885391,75.35421,55.91849,Normal
42.56473,30.547352,38.763607,51.89342,54.221928,56.844063,76.8277,25.254787,220.16843,13.295383,50.173943,31.18173,46.2861,26.90372,49.07468,44.653606,25.693916,54.88508,264.66394,24.691525,47.539913,38.08042,80.06911,63.162598,15.816649,36.62317,65.66507,61.869484,15.3162155,33.409565,33.969425,64.21638,29.500477,60.66089,26.540165,32.812458,34.322468,47.097828,74.11333,19.102324,74.757805,64.818344,60.670307,278.8167,73.33191,29.26508,42.97382,66.41469,29.449347,77.823296,63.78061,Normal
39.2764,26.6534,39.196396,47.90062,69.41931,49.14413,70.25767,22.3631,198.15521,23.681925,60.597755,35.993763,34.239704,32.61046,46.852043,49.80845,20.329962,63.822487,223.48338,25.566044,50.257046,19.711054,62.793247,61.825207,25.508692,41.96131,62.177723,54.134426,15.83814,24.947578,26.215385,68.96309,26.028095,73.07943,26.086216,29.81639,38.293564,61.735023,71.40957,28.70138,71.22992,56.823803,61.051502,250.95769,76.18228,39.56082,38.038094,63.027473,33.6872,75.75804,51.11983,Normal
32.354946,28.368446,40.299793,46.264236,50.113255,48.473682,74.75853,23.013863,209.66595,17.696821,54.790405,38.38447,43.73491,27.365313,58.781303,49.726948,13.106431,50.63552,278.17554,31.60469,46.82393,27.019953,61.71598,58.907375,17.958347,42.61123,62.727104,60.808163,16.94119,30.304855,28.59403,70.58056,28.72325,67.71743,31.20015,30.194986,43.412464,56.87693,72.37913,34.613586,78.68028,65.95092,64.02264,259.18423,77.12822,38.76642,29.42784,66.436134,15.741057,77.48107,71.323906,Normal
51.823742,36.31758,34.195435,53.62724,56.127068,55.00666,71.09364,31.618319,216.95264,22.153913,59.689404,34.53666,38.352097,34.80521,61.95877,43.205837,22.635801,60.303486,263.5591,33.948513,52.733883,26.704023,67.76501,56.68771,23.127193,58.028885,69.50205,50.90484,15.504901,26.788792,29.919645,60.87321,21.737888,60.19034,29.614716,37.6561,30.13308,56.35195,79.66147,29.51516,85.14598,58.052387,64.754005,262.1827,80.72526,37.241062,49.285007,61.38989,23.492714,67.03404,68.88924,Normal
45.06414,33.17963,36.187958,52.076168,59.23285,48.540096,68.10361,27.820297,228.08994,29.935917,48.74652,24.462664,40.64858,35.67887,52.297184,46.50139,22.650232,56.026554,240.71527,28.153229,48.928703,21.962805,71.76527,51.876587,24.061718,37.797962,58.43823,61.7108,19.205212,13.807279,24.76961,65.4898,22.553116,64.12564,31.102703,35.58383,48.119484,52.693943,84.077194,35.245197,70.708176,59.888447,61.664062,263.4397,78.33004,39.18779,34.843807,63.007565,24.686195,80.23081,73.86128,Normal
39.19431,30.465265,40.222126,53.10767,58.546497,52.288082,71.69746,22.978464,202.7953,22.379057,53.4159,27.960506,41.593307,30.199396,53.755207,38.229435,24.958176,58.46479,250.32547,28.017927,45.462708,17.725454,79.291016,69.268425,21.538998,47.158783,55.611156,53.934147,25.070675,34.15812,27.299934,59.366367,21.781485,60.2273,25.427656,31.551498,31.139107,50.303265,74.08432,35.230747,81.84534,69.064964,55.92023,263.17947,84.54591,39.080006,43.527992,71.48538,24.589392,70.002144,57.79342,Normal
53.47226,27.80412,32.878452,45.313084,60.065918,53.42799,67.742966,22.577457,224.38237,18.42504,60.703854,32.29869,39.09327,26.941938,42.71152,44.450974,21.707262,57.70771,277.94888,30.794762,41.691544,21.007383,70.47633,57.661957,19.856974,48.548725,60.6269,55.277157,10.286957,32.249023,26.734993,62.889328,20.175987,73.404396,21.212236,37.491184,43.440674,46.112698,83.89102,25.911448,74.70782,66.67174,55.244476,253.03452,75.67818,34.29457,34.196026,65.502464,32.58823,64.910416,64.12532,Normal
39.93246,36.990078,37.882885,48.821156,44.925896,50.3704,76.730484,30.55939,220.59178,16.533298,55.63618,22.282417,38.662247,25.382677,53.176693,52.950367,16.281828,51.288113,244.27914,32.465797,40.543118,36.716747,74.55235,58.18071,25.686256,55.40946,63.16026,54.66716,20.458187,22.039005,24.82697,64.003624,27.362223,72.7046,33.582813,28.01982,41.29951,53.29614,83.777504,21.787848,66.575905,64.40175,56.298573,251.41913,77.01778,39.153934,39.847065,67.23689,18.943369,71.66931,48.58684,Normal
48.783348,36.434647,37.2969,55.67516,57.4974,46.5659,81.33001,22.867107,212.61636,20.801203,51.93705,32.063347,36.658123,26.389513,51.908913,52.371174,18.81261,58.44708,242.40845,24.009912,40.93331,26.110487,78.63064,57.094727,21.760399,40.93761,59.494297,65.56432,18.632666,20.259914,28.131414,53.885845,28.093523,66.9939,28.461435,35.244576,47.46005,46.005905,75.338295,33.578743,81.10553,60.035133,57.730103,248.06894,76.410225,28.92269,41.349354,71.5724,26.997316,79.26093,71.22084,Normal
48.292747,31.941372,37.18186,46.18589,57.06175,55.70721,80.58147,32.82404,207.26978,27.839075,56.640045,32.91,42.516247,24.602634,66.20111,48.114357,17.229788,63.546535,263.83154,30.954985,47.066906,24.797709,76.55702,69.95934,17.173613,49.83057,60.483818,57.1475,10.488684,32.474113,33.321945,60.79223,27.17544,65.379684,33.877354,33.932747,35.568127,59.133915,71.62175,24.0259,72.54029,66.58841,65.406586,265.63068,79.52585,35.237583,23.988533,69.210304,31.356222,67.081024,62.917385,Attack
40.949017,26.760069,41.509922,53.29682,56.58619,44.813976,79.723656,29.263218,206.6221,26.410528,52.070274,29.849365,42.76032,18.540955,52.717773,48.618576,24.981392,53.37676,242.65521,24.392519,44.57794,34.672447,71.54111,55.78401,17.560434,39.872433,60.13172,63.406754,29.031046,22.963993,30.457842,61.444584,31.496042,73.4524,28.445498,37.300903,33.00768,47.545895,76.83225,33.143524,81.690285,58.627968,57.353413,244.22461,74.24865,30.23817,39.909565,65.36188,17.99482,65.90139,61.619484,Normal
41.861027,35.499733,41.575706,47.378567,54.93325,56.810066,73.52116,20.606401,213.97928,16.26504,52.28624,26.403574,37.58425,28.15219,55.64312,44.210884,16.96501,55.180992,270.03787,30.123096,49.08805,17.605448,76.386734,50.222878,30.33247,39.59037,60.799866,64.62773,27.41306,25.960073,24.16068,60.15934,23.096882,63.710583,22.748066,29.473858,35.894077,42.535645,78.13756,28.340664,75.117966,54.503906,56.87418,258.6693,77.86667,38.706856,46.077076,66.10483,22.150076,65.30428,68.22962,Normal
42.14198,27.93099,44.276443,57.192856,47.524338,52.090866,70.81022,23.985891,209.49231,16.274439,56.638466,28.857471,43.835754,29.764181,58.227283,51.996906,26.843164,47.87355,251.17126,31.92409,46.82558,22.914349,71.12662,57.439247,26.30553,45.83225,61.629402,55.22674,17.731115,17.718515,28.09488,69.07033,26.59308,72.39045,25.157898,34.263287,45.444412,54.968803,81.95064,23.37175,78.76415,67.716675,57.69359,258.29144,73.36151,29.306831,30.2168,64.92591,22.832613,72.418365,69.027374,Normal
40.882946,32.86429,33.846695,48.931404,56.168186,46.405056,78.46646,31.839659,208.3265,23.603922,51.644733,26.71295,36.852158,28.74898,46.491753,51.663216,22.801208,57.777588,241.5643,32.7946,48.034767,29.041859,69.965065,64.10793,25.65442,57.527615,63.02303,61.049805,27.425495,17.448795,23.22057,65.30577,28.35531,65.53356,29.386253,25.617151,32.723183,55.201595,77.79119,29.340267,81.9526,57.553852,67.29229,264.33463,71.64183,27.034998,32.063435,69.9043,24.576729,68.67152,63.861423,Normal
34.941048,39.38127,37.386612,45.82368,59.891895,51.04046,76.42886,21.589176,207.42451,24.05015,48.680267,27.806393,35.512756,23.024408,63.851547,50.126076,25.143644,55.96675,230.82646,32.55679,43.827324,23.879932,79.39598,60.427757,23.52375,46.77568,66.930824,71.02202,20.017288,29.314667,34.832138,59.922295,28.840115,71.19976,28.167694,32.05069,40.640675,46.128014,73.12813,30.558907,76.80775,59.103302,55.835724,253.58754,70.08839,39.123775,45.15177,62.186726,19.325565,79.07411,55.69777,Normal
43.71634,30.016582,37.656258,48.42093,60.9508,41.58504,72.635475,22.615358,226.92441,14.8671465,59.56893,27.924677,44.220978,32.666027,60.482372,41.94375,29.09307,53.332996,239.26611,22.372313,50.117577,25.060122,69.680824,58.889626,26.494362,49.112965,59.777046,57.05998,19.303566,24.575747,25.310612,62.330738,23.522833,63.23569,24.838104,28.032074,45.70006,52.60033,83.24359,36.327965,76.36111,60.97525,59.285564,273.6021,88.97704,27.688072,41.870235,69.14449,16.131649,79.87766,67.367485,Normal
38.366604,29.443634,46.736393,44.514107,52.807423,57.649384,67.09097,26.742495,225.10252,27.022425,56.173473,26.705418,34.370842,29.34726,49.415672,46.344925,18.967287,56.9038,293.88034,30.343956,43.70623,22.988224,75.94625,52.139732,26.98381,45.913372,59.38046,60.943443,20.329247,13.311224,24.180769,65.285965,22.43904,66.235825,22.425722,31.544235,45.23837,58.672974,75.40847,35.35161,74.43843,64.93551,59.33797,281.49097,79.576836,39.04132,38.513344,63.224632,27.080088,70.16793,70.37721,Normal
42.12995,37.82538,40.909286,56.63213,54.569443,55.73698,70.01786,26.239157,223.43352,20.487244,52.203655,30.314459,35.55877,31.601912,61.783215,42.96064,26.09904,54.569927,264.31705,30.407608,50.012383,26.38558,73.13679,53.719463,19.445478,46.614628,67.087494,65.93355,20.165348,29.068039,29.092257,64.88111,21.628586,59.68639,17.69288,37.71608,35.112072,56.424755,76.39384,35.76713,75.723564,60.5842,47.95799,273.1618,85.10722,33.528637,40.661575,71.803055,18.783447,80.08623,61.829865,Normal
48.51691,27.639265,34.94999,42.277294,53.560886,56.233494,71.15293,25.109797,199.86217,22.779718,59.578205,28.660381,41.289303,34.472416,58.91899,53.898945,30.361,58.762875,246.83026,24.337732,46.0245,25.709007,70.44758,64.78474,19.002895,52.575005,65.31421,51.23407,14.582549,29.19706,24.859402,53.084747,22.992199,67.884155,19.334362,30.876753,33.70111,51.432735,81.53759,31.524515,80.429634,62.6063,61.601192,254.8503,75.46525,28.658926,39.41709,72.17571,22.164408,75.4578,62.061802,Normal
42.593792,27.953827,41.619072,53.40495,45.0797,58.169205,67.98454,31.22738,219.1244,21.656876,51.194195,33.319145,42.421986,27.851383,64.81441,50.493847,17.452383,58.306713,247.86273,23.067717,40.76143,30.156372,68.36763,60.2981,18.956535,44.420822,68.1077,58.877285,19.290115,26.91942,25.613966,56.481792,23.668652,65.439606,19.825989,29.538506,51.47999,43.303776,81.129265,28.190557,74.68381,65.25731,54.78199,255.53568,71.22101,40.949104,32.504036,64.73506,18.21077,76.64235,61.295845,Normal
54.499115,36.455944,39.187008,41.688377,55.329556,59.658253,72.55521,22.189232,209.15793,22.133375,55.37977,33.07121,32.46877,27.398567,55.574036,49.807293,24.241964,59.20103,228.6153,21.097307,42.210247,20.97143,71.20615,57.764793,18.790297,55.901344,63.48442,63.343067,16.918652,27.227753,30.322174,66.76257,24.125694,61.831215,30.839676,32.709743,41.973194,53.850517,77.75857,32.74983,87.2638,68.720726,62.249912,247.57477,77.32295,26.996798,39.80272,72.59101,23.478117,71.60164,60.874744,Normal
49.245655,38.479053,32.36768,43.315216,51.48206,47.178497,78.36934,24.78921,209.8057,14.627493,52.435925,26.01385,40.718052,21.976562,52.552776,48.202034,24.660028,49.456036,249.80145,30.901257,45.508923,23.265127,66.31733,66.29447,16.215855,48.10741,62.024162,60.854706,26.915592,18.073532,32.681686,63.24339,26.867561,65.84404,30.78844,29.055984,45.798817,50.493893,75.30465,32.367077,81.25858,57.1977,64.30545,277.5311,79.22271,31.20968,35.666256,62.602787,18.60269,72.03577,61.84461,Normal
40.843758,33.579716,43.262123,53.466026,60.98895,50.436703,70.041534,22.22617,216.01114,16.100557,56.30402,28.832106,35.266735,30.900736,55.26954,49.86238,22.978762,48.233192,241.28024,23.516232,50.81581,17.189236,68.805046,58.015697,17.21182,50.74145,63.8015,65.84795,21.571764,13.783062,33.39283,62.65109,19.817013,71.91671,27.331268,26.014174,31.920143,53.803825,83.52178,23.278751,80.4754,57.955948,55.278347,263.8382,81.82093,36.98199,27.02873,64.073166,12.741562,67.720825,65.51684,Normal
45.45679,34.399323,35.889954,51.164402,64.32234,48.6184,66.00117,32.385025,235.71063,21.64824,56.287197,38.391773,36.81011,25.643225,56.427315,46.55816,20.96045,54.189972,262.9954,23.415937,50.782593,22.835722,69.150826,57.15105,22.125397,60.84326,67.15274,54.93433,20.780134,21.892775,28.382824,61.87411,21.21206,63.606598,22.82751,25.60228,34.112545,53.268528,82.87377,34.424484,69.75173,57.192467,56.21665,282.70526,75.622345,44.141544,35.04127,61.330593,22.66811,67.77035,63.35552,Normal
46.389717,26.876986,37.665924,55.352234,57.395596,63.973595,75.19393,28.907133,206.11456,25.737226,54.016354,28.038452,46.432808,28.453129,60.23953,39.94359,23.736551,62.511127,227.91501,20.210442,43.64186,31.550861,77.525734,61.25228,26.880602,52.441235,61.162586,52.75313,27.032671,13.635983,23.567158,52.831272,24.392689,64.519615,24.116076,28.822716,40.406677,59.218662,80.171814,30.172806,82.51959,67.648865,45.247887,252.43579,79.7879,40.99034,38.975758,69.822914,26.110994,64.27428,61.1352,Normal
45.874462,28.402811,39.019737,53.274323,48.3543,47.29261,78.26538,30.69529,213.70888,22.173546,54.555714,35.574417,46.424213,27.27289,62.98966,47.51057,18.127497,57.769943,253.51553,24.69127,50.070824,33.99435,84.854065,67.96284,21.881844,36.928474,66.358,61.088703,24.264357,24.928677,31.781132,54.126053,25.441498,60.06106,30.835752,32.862198,23.23258,45.83386,77.87175,37.75399,76.93298,67.078964,67.89403,256.31238,77.00302,30.253927,51.32482,62.62686,24.385256,74.76382,64.84331,Attack
41.717075,32.05622,32.62995,47.117348,53.933517,54.22319,83.37441,26.468346,230.30786,21.291773,57.993168,35.22687,35.354916,23.56033,66.77054,51.65131,21.619568,64.47348,267.09027,25.695595,49.360714,20.126417,75.09207,59.48807,25.684107,52.201378,63.454132,48.787304,22.66361,25.107286,29.762087,61.599934,33.111385,66.804855,26.028826,38.10321,33.178944,48.207737,72.29923,34.91827,77.94431,60.86911,52.38968,240.53368,74.101265,28.89078,34.101913,69.50733,32.022305,72.85431,61.748543,Normal
40.41794,34.645752,43.29484,47.663174,66.54286,55.55563,76.99695,28.527136,216.01926,27.722525,57.896717,33.406445,42.878666,23.794922,46.218895,47.72431,26.429838,59.520096,248.24332,27.162603,41.360573,17.326323,75.8094,65.415985,22.8051,50.32344,61.102104,57.15448,12.676179,22.305733,34.178825,68.036995,28.042913,63.32189,32.319363,34.082047,36.81634,48.010803,79.494415,31.109585,80.51563,58.856953,68.48692,297.20703,78.73154,37.233723,38.32334,63.114853,9.091555,77.92598,55.129368,Attack
35.48506,38.47613,37.68168,45.315567,60.16901,46.46641,79.244,24.732275,215.29387,17.609367,48.82571,26.915712,40.050648,18.195011,50.59498,54.802773,18.612535,51.043865,263.53632,21.357727,47.977848,23.528471,81.98232,65.58948,17.437046,38.320377,63.871265,69.4048,21.58964,22.064407,33.016434,61.762707,29.442535,64.60833,29.297007,25.680813,48.963993,54.21045,81.65464,31.788898,69.62679,68.61279,57.18057,243.90031,75.36724,30.684856,39.639397,64.228134,28.85433,73.3902,67.32654,Normal
29.225378,31.560902,42.11464,63.2701,59.212585,47.06977,69.54854,32.792603,208.83875,18.655453,50.933117,35.466717,41.539974,30.757977,54.489147,50.134468,30.713127,52.03743,236.07098,21.630548,48.83349,21.440498,62.720997,55.313614,24.850807,40.490437,64.265465,63.051685,18.07194,29.0827,26.986908,59.937805,22.179111,63.727547,24.950804,39.51292,38.537346,44.272358,76.70032,32.82224,73.00289,66.13158,57.75764,258.2128,69.79105,36.14609,24.191484,65.36888,19.889433,75.90361,60.484253,Attack
49.092575,26.76047,31.672806,47.456814,54.98628,48.183254,70.54714,22.15608,208.38318,19.912794,56.578827,24.721891,38.348343,32.092575,48.85691,43.506172,25.913263,51.866714,247.53192,28.627941,42.73938,16.072737,70.44714,61.35223,22.474066,36.640896,62.720123,52.819958,29.591358,17.370293,32.18782,57.47152,19.442387,71.65251,23.16042,24.979944,32.00282,58.637413,74.3386,25.175564,82.5364,61.00205,57.09383,252.37567,75.23303,35.817593,39.868965,63.36435,30.077042,75.300156,65.885,Normal
37.888172,28.955353,40.417812,41.85296,63.05747,44.502377,81.65637,32.274483,215.96796,24.483168,49.813087,36.16851,33.38198,21.227837,50.880985,50.91095,25.549452,57.018314,241.17574,27.954441,51.484158,23.345127,74.77597,56.811886,18.646406,47.996433,65.99683,61.750317,20.808838,16.294165,28.485441,62.474277,28.368435,57.446777,32.60429,28.428585,32.980824,44.69268,73.52648,22.713331,79.90667,61.63829,63.59948,257.6158,68.50524,21.136415,45.31847,66.62806,25.844175,75.17629,61.805824,Normal
42.707684,28.658533,32.24696,45.695103,54.772305,57.729717,68.39892,24.109346,206.38101,19.22267,58.923004,26.770586,41.877007,28.134111,61.855034,48.441116,20.915197,55.829937,234.52005,27.655615,44.283733,16.656242,73.33182,66.413376,19.623281,40.285404,64.2143,52.00646,13.564367,28.240843,30.024996,63.293625,21.657347,68.226135,29.356705,31.48589,36.214222,55.233917,79.854164,25.446766,79.98235,63.81054,55.609455,255.5947,75.88282,29.745481,40.14733,71.01171,27.622755,72.97887,61.460438,Normal
53.64606,25.482637,32.14383,54.728893,52.479294,43.043613,70.43106,30.105885,202.39026,26.96231,51.401516,34.645676,45.211796,26.428411,52.98304,40.86723,29.975492,61.390923,243.75128,26.4206,50.630245,29.45729,75.258,63.600956,23.615543,42.543957,62.324425,58.188484,31.89817,14.494655,35.104313,70.237724,28.279371,58.805,25.865625,38.129284,46.57941,54.47746,76.84129,30.977879,77.07165,64.27367,61.445198,257.3271,72.77947,26.290901,34.993507,59.925373,22.155338,76.80355,66.41487,Normal
40.190823,33.569653,41.594654,46.358997,59.12641,61.99782,80.52786,29.699385,221.7952,24.526943,50.74769,24.888515,32.40515,22.709837,57.46533,40.95877,17.677532,59.463394,264.96158,25.46689,44.889988,33.32977,70.70955,65.42304,27.280758,41.041332,68.43187,60.42996,11.900227,22.57814,35.481453,58.779007,30.097315,65.74238,20.463146,37.550243,35.046883,59.516514,72.52295,29.115133,70.60775,56.702312,63.632584,255.92157,70.55751,32.22524,34.516422,73.271484,28.654787,71.617584,65.587105,Normal
44.087593,29.208132,38.755455,50.084023,55.074085,47.9908,78.85533,31.452412,215.68585,26.913204,49.62373,27.185646,44.47347,24.792238,56.77299,42.582607,25.938087,58.468395,278.71637,21.123516,44.72687,28.482067,81.277695,62.404785,25.768887,47.566048,63.205097,57.334476,13.559289,32.228638,24.361332,55.583572,27.574556,60.823746,29.709332,28.652334,41.18869,48.838097,82.640045,35.37328,86.05176,57.596764,62.908787,246.56409,70.53379,38.24241,40.75539,69.86911,18.400326,72.945274,62.719936,Normal
54.233467,38.286247,35.72004,42.0556,61.802544,56.691082,80.89368,27.557219,209.75578,20.713541,50.037476,31.296322,41.84844,22.37629,54.591095,44.24097,17.064358,48.187965,261.46915,22.285715,50.21867,16.561188,67.66512,58.266697,25.094755,50.903233,67.76156,61.739536,17.304024,32.245937,25.178247,68.414536,30.920094,77.00023,21.449125,33.539024,46.94546,42.682728,84.32742,28.4828,79.74101,65.76826,52.84425,265.4559,82.21668,32.369144,32.9144,62.303185,28.71237,76.0784,50.05941,Normal
46.327217,36.07845,36.98841,36.734352,60.03244,43.86262,74.32889,31.237944,214.0545,19.13033,61.649704,37.307114,41.812016,25.32282,57.24214,43.46214,28.476372,53.125988,215.25676,23.013252,43.892197,28.201574,68.31313,59.245193,14.957036,51.11963,65.72421,53.540585,20.195002,24.695814,32.2726,64.97243,18.861593,76.382805,24.168589,31.226553,38.17665,47.288273,76.12161,26.196575,79.26128,65.096985,66.591675,261.57626,75.91978,33.901928,42.07583,69.69916,22.00313,71.05008,63.17919,Attack
41.197548,28.96319,40.338245,60.243206,56.058117,54.42898,75.34691,33.195797,214.36777,23.21282,53.04749,27.115673,39.8649,26.133917,57.125095,51.726856,20.366295,59.99168,260.63553,31.647945,48.753834,27.964708,68.489395,59.884266,23.804586,44.844162,66.52379,60.554592,16.980404,32.79614,26.479853,64.41984,27.546144,68.30082,30.620676,24.290052,48.965134,45.69989,71.55875,33.974464,76.969765,59.735466,62.45957,265.95416,73.020256,30.719484,44.116924,66.75009,22.808626,67.44927,67.11807,Normal
44.81987,34.863037,34.704197,52.771156,65.14598,49.992584,78.911415,29.129246,210.27652,27.722805,55.23565,19.531227,41.132145,15.931464,51.146255,44.935455,28.588182,58.660015,231.61168,24.697382,52.03109,24.062641,84.784966,61.64281,16.306303,55.362774,69.04662,57.68305,26.410051,18.33133,36.258335,70.4057,28.75703,64.63621,24.271189,32.150455,42.11104,43.36006,72.55177,23.95293,72.30128,65.53243,62.29535,254.91708,80.30054,36.592865,35.9553,70.64083,25.11108,70.966805,64.11124,Normal
59.46601,31.292255,34.372566,45.66747,49.195328,58.727528,71.34476,23.518814,213.25859,23.358238,58.776615,35.593616,40.410286,21.752197,62.841106,51.43984,19.201506,59.644768,251.2142,23.941694,48.506767,21.77387,68.34115,59.346466,16.559206,43.035725,67.03014,54.482555,16.731588,20.771627,28.457485,57.31088,25.649334,63.505817,19.770845,32.29215,40.644344,47.110497,84.84362,34.90176,81.15382,62.166203,58.39716,252.21063,74.111496,36.733532,42.97332,73.38719,27.991465,72.05299,56.1794,Normal
46.137928,31.027767,32.031666,37.84106,45.78251,47.82822,73.87961,29.370922,209.46419,19.7602,50.410618,22.34918,44.50247,28.76355,69.684425,44.10065,25.42388,54.91348,248.7345,20.913094,45.92079,20.73781,71.01412,55.237446,20.067093,41.831253,58.279034,66.770744,22.337383,35.492546,25.075832,57.37959,27.217054,65.87919,34.941986,27.083647,48.29116,54.14837,78.24556,29.550606,81.81958,69.04975,64.79898,247.11134,78.273384,36.624664,31.112226,71.57781,18.883883,73.56537,68.34506,Normal
43.504856,30.995274,34.727283,56.7543,57.901394,49.642227,76.02409,21.050213,215.12227,22.719992,52.725803,28.065004,42.932228,24.911654,55.946526,45.386818,25.360802,62.226036,232.07745,25.776346,50.175426,27.004616,69.35009,65.293106,17.12246,38.915306,60.718395,62.506577,27.915955,32.82694,34.363358,71.183044,24.363129,70.62761,25.858479,34.275856,45.125286,52.64375,75.22655,27.60679,80.21904,66.33784,55.052612,251.53064,76.830765,35.575985,39.099743,65.417206,29.752386,79.23787,56.077045,Normal
35.39813,28.690928,35.416435,50.37174,65.592064,58.42862,78.91862,29.99406,226.12387,21.270277,55.087883,27.875872,43.19279,31.921581,67.44478,43.697002,18.16678,59.865517,271.9839,23.472065,47.058525,16.707132,78.0075,59.447124,24.444277,46.943317,55.787766,59.949554,15.959933,24.493177,26.433966,56.377163,29.850748,68.98148,35.43878,29.11335,43.737972,49.331123,82.68883,27.972391,84.41754,66.153465,61.505527,274.63022,74.43412,31.73959,42.152893,74.73252,18.416302,76.02,72.62752,Normal
27.058481,32.704643,39.856068,39.13228,55.715458,55.485706,77.28498,29.67743,229.24448,24.664139,55.90852,31.118652,43.793453,22.189072,48.463573,51.756886,28.28441,53.67276,228.19878,28.306444,42.105354,13.638549,73.52376,64.94384,21.263893,48.64448,59.27488,57.670815,11.022002,14.633968,32.300526,61.91474,24.635008,57.6477,32.40979,31.464144,38.9587,49.068153,79.98197,30.665688,74.31936,57.749317,52.45968,273.0536,77.59808,32.36044,42.467243,62.8369,19.67402,74.63801,57.58197,Normal
39.446724,28.376526,45.737362,42.548153,60.64296,55.635174,70.83094,24.050451,214.77832,23.718195,51.756573,25.947727,41.26702,28.192314,58.775604,45.226254,13.45446,60.727795,277.0455,29.213617,46.465958,26.169329,75.326904,64.17125,28.381748,42.358562,59.129498,61.017548,13.6694145,24.55577,29.78433,54.558403,24.309229,67.805565,26.130232,29.487045,39.764217,42.553047,81.64582,22.320847,81.5623,61.321194,58.57523,255.40967,76.16886,26.528849,34.103374,70.516846,28.728424,77.91828,69.52347,Normal
46.32862,30.21711,33.146976,38.51785,56.108334,50.059483,76.814186,24.41044,213.51886,25.613392,58.65576,30.645306,33.791706,31.52791,60.80716,45.256424,16.964993,61.360065,232.29349,28.793158,52.535988,30.384283,67.22235,56.35937,29.554482,51.9324,67.122665,56.38542,15.541045,23.030725,30.537392,54.67184,28.738811,59.864143,30.415504,26.948006,39.712738,50.5466,75.26527,34.62698,76.76969,62.680176,52.74178,248.85692,77.32561,33.51165,36.810703,71.601654,22.224424,76.26987,62.062813,Normal
41.67296,29.857841,31.812752,55.39534,57.164032,48.03295,81.06494,26.997696,208.26573,20.17902,50.730072,32.2167,39.997917,21.206882,54.52039,43.860374,21.374979,50.591274,240.18509,25.990911,41.601673,26.740385,77.45797,65.96813,20.062752,35.509888,69.95021,66.41716,21.613646,23.119534,25.819876,52.78175,31.411972,65.14077,24.926502,31.95715,35.27798,42.957966,75.605484,34.65885,72.30301,58.5189,62.046566,254.18321,71.22265,33.258053,33.28254,62.136818,30.22701,67.18772,59.132217,Normal
45.68854,33.997356,41.78013,44.539272,62.70828,46.55905,76.565796,30.24011,212.13089,18.90058,57.64883,33.237316,42.187725,27.221117,58.01608,47.030777,19.312054,50.778576,233.94542,33.202477,49.85064,32.39058,71.54637,60.409092,23.21533,47.692883,66.06645,54.03348,25.131569,25.881588,28.500011,65.68517,23.374016,61.948902,24.911207,33.51722,55.723667,57.966743,75.45853,28.824255,68.8617,58.4972,72.14603,258.37244,77.722855,35.753704,45.97746,67.367584,19.09745,63.2021,59.608887,Normal
34.301876,36.189064,40.387024,46.959167,51.325397,54.668034,83.420044,25.33652,229.20981,22.877317,50.865883,29.548025,36.214046,21.824976,58.69468,43.195694,20.832455,53.86027,241.21716,32.572346,45.839535,22.31065,65.84271,58.293213,24.527925,54.766033,63.427155,66.48965,12.620379,21.525581,30.423487,56.21922,30.457952,64.986565,20.996803,27.22308,52.87303,54.572327,78.8578,22.027847,75.699814,62.8182,66.82196,263.30447,77.417915,30.346931,39.420208,70.64643,21.866194,68.18813,61.291317,Normal
45.42743,27.17095,40.365326,47.25471,60.12847,53.88237,73.81467,28.9861,220.62308,20.226704,57.985233,26.335737,39.79677,25.495333,62.706696,48.09556,21.024778,56.171898,252.6871,29.456228,46.81489,26.210115,64.02227,59.060204,21.985735,54.80442,58.920532,52.733585,20.38443,35.54136,35.77003,64.90188,25.476421,66.30792,29.675268,36.85135,34.98404,48.06134,75.670074,29.570004,67.807076,66.71659,58.495792,261.96802,76.21829,38.89798,25.47676,72.31683,23.259045,66.71969,62.75688,Normal
37.115368,41.820595,42.496265,50.59901,59.367672,45.12153,65.250206,25.293707,214.89197,16.182703,52.226597,35.467827,40.158928,28.617235,56.65673,47.893204,25.00456,52.039402,222.771,32.11313,53.110073,13.514177,86.567535,54.770737,25.12053,50.30247,62.660263,58.511776,21.060425,37.087082,21.714916,72.24247,22.842916,70.898415,24.002607,27.981133,39.724953,52.181637,78.005035,28.432323,74.227936,56.70392,63.35028,288.4054,78.90111,34.30653,49.18814,65.62175,19.038778,68.76359,74.28052,Normal
41.39982,41.71966,38.87827,45.157665,58.333923,52.59958,80.58839,24.162466,219.51941,14.372594,47.525642,34.0656,36.44474,18.052313,63.59953,46.284447,28.582348,48.87258,220.65166,29.91425,46.779026,14.777062,68.6227,45.38802,22.064392,38.71762,67.69224,64.91637,22.875828,23.49254,25.50849,61.225212,32.088863,61.37632,25.710363,23.312946,40.148697,55.329586,81.35094,23.883,78.75293,62.841503,58.367184,286.78445,79.29072,39.105118,44.98956,68.96892,23.421366,68.4018,61.602253,Normal
33.148525,37.387794,40.20562,42.02851,54.163494,56.168407,73.40806,24.996956,222.8656,21.911953,49.004684,31.38708,33.673088,32.034374,58.615093,43.115765,25.555101,59.339462,285.08746,30.759892,51.110287,22.974531,74.53359,65.57241,26.048912,39.365437,65.83645,59.71568,14.741002,28.242195,26.346888,63.63884,24.13094,69.2654,19.625889,32.37443,33.49139,51.1648,75.337746,22.599789,73.29478,58.1036,61.501667,242.71066,73.21872,33.933193,47.97624,69.33981,25.362686,69.871376,53.29646,Attack
45.813545,29.558872,38.606907,49.8106,58.399952,49.69363,75.26174,30.081217,203.1052,23.869793,54.000427,25.100927,38.633972,23.278242,69.12307,49.80708,29.539133,55.882366,241.02213,28.256413,52.759792,12.002698,76.46042,56.6574,25.39157,46.775124,59.69717,66.11708,24.02713,25.991264,34.602375,58.31046,29.258474,67.0235,30.988853,31.395908,27.86692,57.342842,80.06265,22.987291,67.94281,65.89774,66.29543,260.11218,68.9011,30.929813,35.898674,64.018364,33.00776,76.732635,70.389496,Normal
43.044197,32.595108,34.602745,56.335575,54.217083,52.856827,72.69535,31.845623,203.74898,19.674772,52.652107,25.783607,41.42971,21.170105,55.486164,50.166534,23.11545,52.899143,240.83908,32.570446,48.800747,12.967949,67.48276,50.465546,24.959845,55.40322,62.779938,66.64097,17.56476,20.227072,31.15288,67.238235,29.614017,79.89016,25.149181,36.752457,38.24048,50.452988,80.80244,32.12877,88.47555,61.075718,59.686115,261.14978,76.13479,30.529554,31.193275,65.645645,37.53644,74.5895,58.44443,Normal
54.317474,33.887817,32.86364,53.977367,58.474155,58.81268,76.08546,32.15353,232.40184,26.93272,56.949738,37.949062,37.16517,21.659235,64.26158,52.79365,24.679771,56.895664,275.6806,32.68854,50.843903,26.523184,71.4975,59.628044,18.654217,49.336952,63.244244,64.53065,15.966358,30.343964,32.269978,62.6653,22.338045,68.74997,22.525415,34.799828,37.605614,45.859398,79.99857,26.015606,90.15835,62.24973,50.536926,278.0633,72.64514,42.97114,42.598816,70.861626,19.638805,67.44523,54.927322,Normal
33.848133,30.853453,42.89524,47.429684,55.57817,59.379482,79.64438,32.28896,222.97884,28.00515,54.280296,38.152184,35.91659,19.12494,64.156845,50.98284,27.11989,59.074104,253.48807,29.443598,46.536694,20.206879,69.92344,59.30375,21.778738,52.055794,62.173042,66.39268,15.871765,27.992474,25.85535,65.542465,32.868423,61.27328,22.306528,36.62623,28.086979,54.879463,82.679794,26.119816,77.730576,59.811016,51.721447,272.28882,71.665634,39.22819,38.430508,64.69068,27.637083,69.22506,62.795082,Normal
49.428127,31.570107,35.64835,53.309544,52.744774,53.797726,76.02028,28.641352,203.83078,28.105108,56.286953,29.964396,42.734318,17.114323,51.884624,42.79608,35.900776,63.889236,237.56346,32.206757,51.328884,26.82406,66.339935,59.937782,19.57465,42.34434,67.42921,51.416096,13.620656,25.95054,29.618456,54.73332,31.792364,72.42784,17.116976,26.97051,38.883488,52.190792,77.77519,36.028404,68.98134,68.55119,66.181496,257.3367,74.728806,31.14606,40.632263,63.081535,21.26274,78.340866,54.808376,Normal
51.27257,34.919266,37.475506,52.273914,48.880177,50.69963,71.5298,29.499363,217.04602,28.014065,56.510906,36.340893,35.877983,29.063477,44.91255,47.544014,13.722275,60.144493,235.3662,30.418863,51.236248,32.822975,79.27029,66.38157,23.839008,51.874348,66.915726,56.20516,11.534257,24.607258,29.740646,66.687164,18.896643,73.41503,18.54032,37.92582,36.782215,53.534798,75.44743,23.158619,85.55895,57.830677,59.39536,270.7587,83.97768,41.656525,40.99653,62.252865,30.33708,79.4526,65.83803,Normal
39.812454,28.713959,35.329586,51.80562,54.544548,53.86078,75.13219,28.472652,206.4794,14.588019,52.67218,24.188404,39.61441,22.086004,48.57697,50.51711,20.556597,51.53106,236.26352,22.27532,43.81272,26.932964,89.353386,49.308018,17.60138,43.996517,59.266644,58.205956,30.09917,36.005978,32.864193,66.039505,30.325922,70.20642,24.327291,32.52532,37.242973,47.311314,75.2103,25.569414,80.65361,61.392998,51.708374,249.06209,71.43543,34.976734,40.080032,70.12603,20.170263,67.18125,57.074512,Normal
37.70761,35.637615,34.811768,51.46038,53.512394,62.380817,70.550255,28.288225,213.7551,15.696444,57.629448,24.895542,38.220783,22.391012,54.899845,52.80275,24.346336,50.691628,244.22098,29.033724,42.244415,27.063074,76.5541,61.262527,23.873455,58.313377,55.57367,54.048645,23.091558,33.126526,25.20482,62.995693,28.082664,67.80426,32.196384,28.746294,44.015408,48.650917,77.16173,27.659992,71.66289,65.66536,64.167,256.6665,80.14772,47.285923,39.43668,67.8231,21.197971,66.96121,57.301094,Normal
44.08435,29.292143,36.246723,57.639362,66.06351,54.112144,70.34763,28.297373,220.45752,19.063162,61.958805,39.621655,36.239845,26.782307,54.348934,42.984116,15.273298,48.95699,233.66803,27.374702,51.719707,21.89261,79.392845,59.247665,19.563864,44.030235,65.022896,54.25923,20.004671,21.475466,25.82197,52.65718,22.144844,61.056084,31.67604,35.723312,37.843292,47.731033,86.11697,25.337584,72.21181,61.220676,64.38275,263.51608,69.77822,37.049652,36.37677,62.530064,17.90179,69.24314,68.34718,Normal
47.070797,28.171822,41.71338,44.743034,60.12173,49.24307,78.081,29.801706,213.17989,17.629862,52.10439,29.195454,35.4101,21.882439,59.079834,49.903347,14.884878,52.361874,248.94904,34.103664,45.770317,18.872017,64.46079,61.553104,18.213976,48.66131,68.40836,58.593765,28.082453,22.89995,30.280655,62.393658,24.977928,63.53421,28.354303,32.13878,33.444347,48.96603,79.837654,31.459631,80.00276,54.774734,62.61126,266.62018,74.04755,35.15261,33.482975,60.199383,16.588821,73.51404,56.38574,Normal
40.20965,29.548622,39.872986,45.664196,58.086163,57.92807,80.297585,23.46579,207.50053,13.78839,56.21336,36.57127,34.163433,22.975521,55.27756,45.50516,16.081823,54.64602,240.88245,23.963625,51.804962,21.25357,78.195076,57.885864,15.74704,49.682034,71.632286,55.14036,17.118391,35.95512,34.043755,58.97984,34.29917,69.2537,22.243635,33.934666,53.50466,55.33747,82.66659,32.812096,73.42061,64.90012,67.037964,260.0883,78.93904,41.6473,41.868786,62.100418,26.797894,76.00173,59.55195,Attack
46.279118,29.288769,36.344902,45.132637,55.328396,45.033825,69.82986,25.151594,211.87024,16.033064,50.504704,18.998121,43.873497,28.46129,48.007915,42.0755,19.468794,52.43194,247.80388,33.304756,47.073345,18.284252,81.274925,74.32075,26.23477,59.53702,67.445595,67.13485,29.412724,17.760317,24.728191,67.980865,18.058132,68.69916,20.644026,35.318157,34.5087,43.45457,74.28273,25.841656,82.37207,59.57066,62.247025,259.92035,71.97994,32.93111,39.68025,64.20528,11.931574,81.445,64.948814,Normal
44.79073,29.299694,40.257782,51.78401,65.30367,54.92455,69.61051,26.296612,208.9664,26.088446,54.00253,38.68432,44.783955,24.850397,58.632404,38.62934,28.275267,64.41748,236.99677,22.99227,45.555817,21.072754,75.44468,56.132946,25.289,41.177383,55.00483,61.870724,27.883753,23.622513,25.405144,53.388794,24.84099,63.48608,20.935286,22.822145,30.223051,57.222935,79.64922,32.702213,73.90903,65.065414,41.824265,260.8274,79.60408,43.849842,45.945465,69.62359,20.587934,68.28714,66.56572,Normal
41.47665,28.527235,32.215485,46.8923,56.00675,56.154938,72.66357,23.427376,225.23062,20.917933,58.877556,32.380245,43.794807,21.702417,63.002438,46.473415,21.21361,60.304455,257.19202,28.127977,52.379883,31.168106,77.36951,65.28547,17.831354,50.956844,65.26811,48.695156,19.483156,16.02311,29.992325,64.349846,22.774294,63.5754,27.71459,32.13818,49.343273,45.811127,74.302505,29.253012,75.64928,63.29489,55.653473,263.7522,85.00809,34.6712,42.363308,71.16481,23.542303,71.81393,58.624657,Normal
40.925854,27.404402,40.282475,45.326004,58.70364,60.415142,79.53708,31.827131,214.84875,23.39745,50.053215,36.474957,36.68196,15.549223,58.98027,51.382755,19.674175,57.849445,248.23305,33.595097,43.632137,18.1203,74.81266,61.599403,14.40892,60.593555,68.39121,63.19285,26.92804,16.959646,30.011908,66.66828,28.930658,67.877235,28.073631,36.182327,35.52849,48.99226,82.87051,29.173458,84.81489,56.592888,56.281178,258.11667,71.47079,34.715145,36.68974,61.037273,23.732748,65.86825,54.001976,Normal
51.3581,26.295767,31.158089,46.59345,47.265026,53.701206,75.98724,31.968718,203.69359,28.883982,49.24564,32.69304,46.755802,25.68832,50.18158,55.80373,29.642033,61.445698,258.5595,34.08473,50.817314,29.079039,72.82619,61.40019,18.86316,43.007042,70.64396,55.234947,14.356326,26.914114,25.697315,60.20601,25.503256,73.938736,30.519615,36.049557,36.06925,46.974007,73.84932,22.332985,74.027985,66.28678,64.370865,276.90112,81.6043,41.316883,36.73627,69.884895,10.667256,77.70047,65.49117,Normal
42.990345,31.043344,41.636368,62.704384,57.46342,44.887604,71.18856,32.48922,222.40555,21.080107,50.881393,35.313595,28.145718,29.958921,55.468685,43.027073,24.825243,54.632866,251.36652,29.959349,43.876095,22.519121,70.67759,62.50695,25.217806,58.57047,61.10891,58.6626,28.062538,21.403568,34.018753,53.73508,24.69869,79.13804,20.038918,29.989687,38.99549,65.76496,70.55863,25.2655,79.818504,65.3457,56.38985,299.82446,70.829575,34.16594,40.258713,71.87517,24.704197,67.0607,64.84746,Normal
41.931435,34.574368,38.534145,45.68339,56.628223,45.40654,81.30695,32.53505,202.31134,20.023418,50.12514,25.919872,41.274235,23.754444,61.250687,49.230675,25.64429,51.769386,235.61824,26.596106,51.701183,20.44665,77.43277,66.43263,21.324934,54.17147,61.661476,59.87015,11.147044,30.026081,30.962595,58.7611,26.460148,56.472984,22.936565,38.999878,36.944088,50.389076,81.52541,23.986723,64.636955,65.64961,64.80982,251.1572,75.71582,41.424465,45.080288,65.48748,22.997042,75.46048,59.585835,Normal
44.613934,29.1602,38.453407,54.153107,57.5854,58.507412,81.30752,26.304007,219.4777,12.989448,61.703274,33.587803,48.338737,27.731682,50.07639,45.678154,20.549973,49.13437,261.67993,21.591805,47.183037,27.61761,71.822044,55.479683,18.892939,46.04296,63.9194,54.16425,15.348139,18.458523,29.180155,71.754005,27.44154,72.7901,29.32958,27.996479,37.72994,41.6308,82.260635,33.426052,88.756516,59.27475,55.724525,288.31818,77.24144,32.978466,44.70704,71.236465,16.919706,78.91489,65.47527,Normal
31.135056,36.418896,42.109566,53.03634,56.640114,52.818478,77.57619,23.168516,206.51309,14.130044,52.174812,33.249966,35.157433,23.15655,60.27877,39.957874,30.46853,52.44955,239.13287,31.612627,50.891113,27.27557,69.37369,64.22692,28.199736,47.087418,69.7926,63.985188,22.71483,28.896095,26.325726,66.501686,32.111748,69.612564,21.049377,20.30484,40.675537,47.09396,73.785126,31.66617,79.96909,66.85213,53.760723,271.07977,70.76046,36.67978,32.426514,66.88481,30.939516,79.10262,59.974495,Normal
46.12827,27.41856,36.595367,50.056343,54.0107,51.46993,73.66984,24.68802,211.69415,22.168169,52.81492,30.220198,46.808483,26.234123,63.487022,45.651325,31.495121,59.070305,262.15692,25.262075,50.699303,31.45473,76.92966,63.778862,15.982444,45.606594,53.18105,54.523266,26.109304,21.654314,33.667015,68.55356,24.175497,66.31834,28.577942,37.465214,44.902843,56.502556,74.45621,29.424023,79.13272,62.860935,61.75068,242.59976,73.81425,32.127716,31.666042,65.49219,26.011393,80.39127,58.876,Normal
38.33722,27.343695,42.580097,58.432903,52.942356,44.630627,80.983925,31.493341,209.16766,29.07074,50.576122,31.772661,39.542587,22.631527,55.662502,46.64226,24.123323,57.59528,231.22665,23.865492,48.978,20.27682,76.51084,65.526825,22.095284,50.260147,68.99658,64.15147,21.398073,26.587149,32.629543,66.28972,32.321743,71.43884,25.173723,30.563843,45.281593,58.15619,81.05799,28.256657,76.69765,64.24319,52.067585,251.68805,83.03454,35.98015,43.454826,70.175575,13.255773,72.42058,56.607635,Normal
60.139206,36.05039,36.23858,48.99437,56.956333,48.67453,71.45551,23.427525,234.19609,14.721311,56.34725,34.998825,35.030334,31.422169,55.02509,50.175446,14.897813,54.529327,241.30228,29.643496,43.76078,24.68674,65.16136,54.95086,27.99413,50.12457,70.0067,56.579823,29.24877,22.127802,25.768024,63.428413,22.895374,67.30703,29.907595,25.351835,40.32756,53.930424,81.34062,24.737564,68.69538,65.90974,57.496655,273.79828,71.80252,38.79562,39.868977,63.81975,24.402254,73.97603,65.438614,Normal
42.852005,38.476475,39.7135,43.400795,54.8213,45.198036,74.39488,33.454113,221.91124,23.86881,59.153137,36.75691,44.032776,22.12312,62.84498,48.40776,15.201106,57.65945,249.90576,29.220402,46.20983,16.882385,72.2153,60.58313,25.077099,43.58469,59.517513,57.517128,22.845533,28.63766,33.51326,60.70623,25.8304,69.359215,26.625753,31.598642,43.7939,50.25714,80.32804,23.041674,84.1472,55.597675,52.46688,251.30954,69.25509,35.0597,49.238045,72.693794,9.49395,71.55335,67.78191,Normal
34.946796,34.741077,40.54304,49.727448,58.998955,56.74638,72.841644,27.341948,224.55801,25.191114,49.190605,31.548904,44.69591,34.241817,61.23852,54.11082,30.389473,60.54789,238.96977,27.855291,47.853737,27.809925,64.15907,58.944374,18.203865,44.956676,60.680737,70.49581,18.063465,24.76691,26.432314,62.086308,23.316528,76.14036,18.883247,33.287964,40.914944,50.557236,73.73378,24.810167,76.94821,62.882362,61.26868,261.43,78.1407,34.76151,38.619118,62.653713,36.283394,78.38546,73.487495,Normal
36.740364,36.117226,40.11352,52.483242,54.7075,45.548683,72.14835,27.849758,236.0822,13.416302,52.17386,33.451443,36.525246,26.968964,61.385715,54.344128,16.778624,52.66034,272.92084,26.111654,49.712215,24.06091,74.09339,66.20514,24.505163,48.139362,64.087105,56.86358,8.8047695,32.95299,29.887815,68.021904,21.792604,66.533134,24.244581,27.0622,38.61819,50.127983,76.25037,28.626896,87.83949,58.41391,57.06049,258.24915,71.796616,27.344131,37.4409,68.41737,18.661629,67.34869,63.26637,Attack
47.311638,37.29937,37.717613,47.988636,64.094246,51.37969,74.65477,31.13336,208.1521,28.79542,60.17022,27.425209,41.451862,29.221878,53.795128,51.46971,33.703094,61.0841,259.96136,26.171375,47.963245,26.016865,77.09414,57.001835,23.185772,50.671974,65.15053,50.707203,16.136433,24.366482,25.816185,59.762215,32.764626,62.441177,25.08357,35.980965,38.162125,45.932823,84.480225,22.40164,70.87345,66.755806,67.575264,282.026,78.065056,35.899223,43.694824,61.5672,25.963387,74.09139,63.494347,Normal
45.093124,32.58185,31.942907,59.255688,57.228275,51.63302,72.37384,32.00156,214.13107,23.150806,51.10266,32.655743,39.72869,31.079752,49.895134,50.399963,20.461641,61.098553,251.74144,22.215126,48.526897,30.113434,65.97982,63.166813,27.71123,52.690094,65.4958,64.08685,9.692833,27.91979,32.71453,71.42276,21.487284,69.05588,21.255898,31.263433,46.20256,51.382053,72.07447,29.820442,81.684456,60.343235,67.870125,251.24074,78.28695,38.90264,35.06365,68.110756,23.912031,75.996605,65.440315,Normal
47.86753,29.87619,32.35393,42.51389,59.52612,56.569897,72.878685,32.302586,205.46701,18.8431,53.930508,30.227661,45.16408,30.258844,59.34705,48.96137,14.179988,55.146976,262.69742,23.42026,49.460243,14.265328,69.67391,64.088165,21.486284,38.669167,69.68115,58.543716,21.02288,18.673409,34.0113,61.094875,22.14908,67.55949,29.452562,28.146885,33.530483,63.25206,85.47751,30.362434,81.428444,60.116528,63.587376,270.10974,76.55003,38.018764,42.97023,71.200584,30.596586,74.03088,63.342834,Normal
46.58045,29.386583,34.279797,59.709232,49.433506,50.336746,72.294235,26.423538,203.9465,20.425772,56.3843,28.109724,43.279926,30.171957,51.934162,45.70709,27.835478,58.727123,238.37202,25.704775,49.712948,20.712234,77.905556,56.90463,21.518694,48.307083,65.24978,60.26101,24.737257,31.657005,32.202602,60.042095,21.838566,62.83322,21.841684,33.911484,34.534454,56.12817,82.82183,28.857124,77.64931,61.958153,51.88759,250.10495,77.763504,38.148613,41.001167,61.864883,25.404278,69.058784,64.48998,Normal
42.265984,29.835297,42.89271,45.20089,61.519836,56.42449,75.0218,26.632002,218.9316,25.275738,48.559967,32.662884,41.75526,24.615616,62.146175,51.372105,29.325768,62.69507,259.19577,31.44206,43.824966,14.943468,68.14905,68.01357,29.145031,50.593456,67.2722,52.328247,10.93126,25.428307,32.778896,55.560402,19.406368,66.01313,27.212702,37.870117,44.0699,41.624043,79.62046,33.447937,78.80929,66.14559,65.16897,274.47592,78.26708,26.456522,36.059578,62.84497,27.578754,72.76766,73.31605,Normal
46.433155,35.981785,39.66826,50.668453,52.709118,57.30064,79.712685,22.491323,209.00504,12.832144,48.95236,27.86728,33.40329,21.615202,54.29947,41.91188,25.244755,52.23373,241.16135,33.7795,47.883373,23.539536,71.694496,59.43394,21.58358,46.41054,72.96641,67.20068,9.009348,27.167007,30.564802,58.90216,27.119894,66.81949,19.584621,21.892483,51.99477,56.01834,80.94665,26.00564,72.06368,62.620335,62.02538,254.7092,80.45627,36.53247,36.78357,70.18311,23.04614,66.53508,59.375275,Normal
41.425106,26.640856,32.471886,52.417664,56.754158,50.943268,72.805115,33.053818,212.53949,18.072147,51.040447,29.733862,45.324364,33.82534,61.302086,47.722504,26.941212,45.008205,240.3826,31.613428,48.907127,19.647657,77.25788,59.097275,22.127708,35.872223,62.66223,61.097797,30.92482,22.676474,31.492458,71.80921,27.21099,65.293724,32.11584,25.111296,50.705376,47.75287,79.41024,26.153004,68.549194,64.91018,60.18774,255.3242,80.5311,33.14533,40.958736,63.57465,28.24179,77.915535,64.294106,Normal
51.882458,34.128944,33.021343,53.915337,62.62281,59.40539,71.886505,32.18777,201.05092,28.981537,54.655,30.140146,46.275528,30.44062,55.284737,49.35822,17.59644,59.82814,252.61688,22.793238,48.03139,23.323502,72.30721,62.901127,22.533354,47.32105,68.835266,56.330227,15.179199,32.876163,35.856346,63.139545,20.413738,68.35874,18.25489,33.635124,38.368214,61.025852,74.55246,28.788937,84.27846,62.268814,62.475925,267.6748,78.67525,36.34432,37.13752,70.86477,12.923956,75.31836,64.858,Normal
45.852283,28.729347,33.544918,52.592113,55.962997,52.062706,69.71449,28.521906,207.62518,23.353456,57.370747,36.415756,39.556145,23.5474,58.38474,49.89156,26.52013,60.631153,248.76534,32.10916,52.943687,34.259247,71.686935,61.18129,20.397932,37.462612,57.119457,55.912334,9.122915,8.673859,32.03832,62.460155,21.722036,72.11929,18.132488,34.545673,36.863758,59.422874,80.81385,24.389338,80.264305,60.35504,53.05184,279.83423,77.10558,37.090317,44.5142,70.559555,26.282785,70.16727,59.880898,Normal
39.20222,35.392372,35.27308,44.642212,52.157936,52.676613,75.4794,31.36448,206.49467,19.340504,53.868896,24.427982,47.091114,23.908241,58.677902,43.95409,24.058558,59.365788,247.9162,24.331678,52.077385,20.347649,79.71831,63.76155,16.953825,48.588593,63.639137,58.765236,25.289656,29.122463,33.822086,57.317986,28.007774,65.23956,25.137997,30.3877,42.865208,51.90084,76.52465,22.19917,81.22102,62.213367,60.338825,273.8183,80.48551,36.344135,44.394943,62.35547,21.63692,71.164635,64.88201,Normal
50.75782,31.64218,31.137665,59.62215,52.132786,48.697666,83.10084,30.194723,213.90532,15.452106,62.25851,33.284676,36.622517,18.798061,50.78991,47.747597,28.656565,49.205315,249.17847,32.36322,41.02506,21.842152,73.665764,53.10408,17.377275,50.93618,67.28063,56.752174,21.173285,16.169676,30.258425,67.076195,29.615578,64.30583,17.594559,29.201496,36.639347,45.92981,78.632675,31.279726,89.66769,60.63608,62.387936,264.77383,77.48931,36.780117,30.686659,65.89004,20.971827,79.178055,64.47812,Normal
46.388405,23.02244,32.886383,40.753998,59.897247,53.449932,78.74685,26.406076,211.34785,23.855768,60.32633,22.634544,35.137733,22.029877,48.61682,39.907764,16.472208,55.553078,255.46515,31.665136,49.843815,15.994462,72.01591,52.582813,15.870813,41.597095,64.41903,57.760727,19.15874,21.424488,25.952776,65.11653,30.720886,74.96826,25.272432,32.20293,33.352932,57.99488,83.26384,36.017437,74.56758,60.435368,49.888336,260.2733,81.75004,40.973827,41.376644,60.936478,25.68152,68.644,59.29137,Normal
46.654926,38.43374,38.220337,53.695183,56.141098,45.703888,74.45006,30.592047,211.28754,28.641563,57.773045,24.426111,41.458973,27.939518,57.19726,48.01166,29.368465,64.3664,257.63007,32.049797,44.787506,22.69422,73.61829,63.087936,18.276564,49.83977,65.61365,56.309963,24.32886,24.352043,35.46632,66.69877,21.26723,70.00681,28.806284,38.456474,48.073055,46.64666,76.16724,30.56181,73.828995,58.058372,53.993656,244.63474,83.948586,38.446354,42.417316,71.44984,27.20601,78.60669,70.186646,Normal
37.138615,32.95679,42.587566,59.867355,42.825775,59.934177,82.532486,26.389986,208.32474,28.950775,50.66612,24.170385,40.472885,20.096827,46.10915,45.77885,24.318314,63.86223,242.46027,25.823587,42.649326,15.303076,73.72837,54.2602,21.661818,43.04717,60.893776,59.350513,15.317286,20.368633,34.85802,59.1864,30.55373,64.816055,18.624613,29.794533,37.155403,59.016384,82.97966,26.55624,72.04806,58.727123,63.27167,247.21887,74.42994,33.91933,44.45508,71.38717,25.209768,74.79856,59.925247,Normal
43.172848,26.16563,40.408447,48.801403,59.470448,45.33009,75.53707,24.664597,198.97058,20.140331,56.106617,37.514854,49.467937,29.188698,56.68292,50.640488,16.815863,50.470028,253.94797,30.972597,48.283512,29.063997,73.620895,59.35935,14.330436,50.84261,59.185253,52.139076,30.459564,24.008858,29.044737,59.421196,27.854761,68.07963,34.086628,26.847761,38.237846,52.151512,74.61327,33.44979,91.29285,61.108616,71.76333,286.87885,78.061386,40.492996,32.046993,67.932785,13.660802,81.006165,57.088886,Normal
43.310104,38.71853,33.641304,45.90133,55.417454,52.477493,78.39643,25.608776,219.96097,19.56112,55.259937,26.439255,43.055553,27.852013,61.21521,39.81983,33.809753,54.96469,241.85275,23.539394,45.9573,11.6249485,77.04181,57.55493,22.225529,51.902428,66.71339,55.952744,28.597292,31.618607,24.55976,53.600044,25.617823,80.097946,29.92016,35.242725,38.502697,53.371113,83.86125,25.979256,74.92254,55.081123,59.131245,265.41342,78.66041,29.683523,44.554604,59.301323,22.059908,69.06738,77.82876,Normal
51.361088,34.63008,40.564518,47.624928,53.87267,56.92245,72.35206,23.142937,194.78696,16.779524,50.316944,25.04545,40.859547,21.988861,57.327065,48.201797,20.4516,61.220684,253.88123,35.010853,40.239468,19.294409,79.84195,69.41344,21.507586,49.78275,65.790535,63.436836,23.42421,32.21758,32.73976,62.58448,24.40578,66.113655,27.291218,33.17746,40.775066,59.383842,83.380646,29.767948,84.7192,61.97989,58.725586,267.6079,64.98966,26.228666,43.570427,65.69308,24.240074,75.83784,59.739857,Normal
36.824383,35.51958,37.801735,56.97517,60.203285,61.285286,74.90057,33.35956,226.54349,23.094946,57.71627,38.158585,39.617676,24.92436,60.175182,45.337673,11.811491,60.276905,233.74013,28.836243,47.497677,30.167229,67.742035,61.703075,25.956362,41.87291,63.228886,55.29764,8.407115,29.136707,31.614153,62.723793,30.144577,65.887146,33.109695,28.863886,31.977537,51.692196,74.779015,34.25978,66.38701,58.663208,58.163902,258.53027,85.339386,36.985966,40.424023,63.390575,28.399065,68.64806,71.03861,Normal
33.264683,35.92778,39.479958,47.269417,60.450127,49.05468,74.77941,21.901411,212.12935,19.690626,49.29278,36.069878,36.437668,22.992697,58.738274,48.792564,30.878428,50.165173,237.85109,30.79894,42.67144,21.302603,68.71123,61.441227,23.278889,37.214836,59.73058,61.647762,15.774751,32.33177,34.033566,57.61975,29.45179,67.90535,28.749233,29.098764,51.7608,46.94488,74.66544,28.171307,81.96165,63.960464,56.247112,248.44012,72.74181,33.698616,33.518303,62.9057,22.05175,72.78578,68.80865,Normal
37.572266,33.502876,41.910114,48.651352,56.97105,53.78785,68.00789,27.197645,220.61397,19.983715,61.131004,23.062943,36.168682,25.83527,55.065407,45.37623,32.48873,61.38786,260.39288,25.270754,41.63979,8.483,65.53312,67.793076,21.627481,39.59058,57.05891,57.363583,20.14816,31.811098,33.635273,65.96071,21.22106,53.924324,31.282936,32.04918,44.7144,48.04673,81.60979,27.222588,85.289734,63.713463,50.801456,259.70502,66.208206,41.409107,44.594425,64.97356,28.759348,63.929188,68.596214,Normal
38.180355,26.396208,39.40054,47.938274,55.151234,57.902306,76.91561,25.207048,208.47562,27.312859,53.339207,29.00818,41.603676,26.512177,52.774796,43.95636,20.125753,57.71446,253.82944,26.429094,47.101368,16.769285,84.89132,61.83228,25.621632,36.61346,58.59581,61.500843,23.18209,16.196838,27.202269,51.934345,22.171827,66.33171,30.337162,35.88065,43.06734,43.34275,82.66914,23.611525,83.64404,62.36082,54.31919,251.7237,71.815544,32.25702,42.388256,72.202095,24.587967,79.14568,67.09893,Normal
33.8435,28.532738,39.472008,60.940727,56.35851,40.58041,72.0237,31.241201,215.57016,26.95387,50.267857,25.912714,36.485676,28.260727,55.838264,49.21865,30.529125,60.896442,230.21207,24.591932,42.234814,15.970592,73.60516,57.418644,25.039286,53.948696,57.49722,63.548676,20.498709,17.14248,32.477726,58.273693,20.809757,64.59397,18.785673,39.157085,43.822735,49.468605,76.35808,22.989466,80.75917,65.30975,61.175346,265.16547,78.5294,32.1942,41.750977,70.95759,20.867546,66.76307,57.20475,Normal
40.16265,31.217604,39.738045,49.00638,58.68553,61.29637,78.00099,31.274183,220.47675,23.57097,53.958008,37.25654,45.94633,31.42357,58.865353,46.226345,13.765518,54.273975,239.20222,26.53982,51.606407,24.554962,72.619896,59.24078,22.603783,36.39154,65.9422,61.41097,15.645597,17.692442,27.90901,55.33188,21.367258,65.36414,22.523893,27.184618,36.575188,55.867245,80.0444,22.802551,75.393745,61.64169,62.667362,261.9508,71.407104,32.9406,32.051647,67.792625,17.07721,75.310875,67.076515,Normal
46.2734,29.30721,40.31356,48.020054,64.869064,48.430473,73.97829,26.846447,203.4803,17.139078,52.48315,25.218904,41.491116,30.426735,58.40099,43.14731,13.955076,49.52568,232.8086,34.64473,45.448154,21.575321,80.67336,64.85709,22.078897,53.09362,64.78366,62.998653,27.813711,24.551163,27.348003,58.837666,18.112318,74.551994,23.081007,34.050056,49.07266,55.12329,70.97637,25.894447,79.759224,61.49532,57.289963,269.83337,77.00836,38.915615,35.557552,63.251152,16.7837,74.62988,63.47671,Normal
40.01142,30.896112,42.905575,61.196297,59.866154,50.33212,72.11226,22.126875,214.81757,18.248594,52.769264,26.62116,34.033318,36.01919,56.455906,51.998703,26.460192,50.756756,243.81241,22.886158,50.846504,24.322908,68.14549,59.918446,22.501009,47.95037,65.285416,60.122654,18.152874,27.177565,33.599026,63.175434,22.064121,72.29295,27.985537,25.64703,27.134275,59.893246,82.14327,26.350952,84.1023,56.194332,50.50098,260.06134,83.13289,37.609177,31.17442,65.89698,19.260202,72.076256,59.825832,Normal
41.652847,29.554573,36.06564,45.87532,54.789158,47.692467,71.87021,24.420128,208.1365,27.386862,57.681763,27.794382,43.791256,36.07699,67.97458,55.749954,30.902994,59.83303,234.42686,23.218132,46.361107,30.186361,65.61423,63.243187,17.817556,42.145096,65.3086,53.689247,18.063253,27.506754,27.1082,64.45286,20.15279,66.72643,22.74536,28.94522,42.13353,52.115814,81.005806,34.02821,73.29241,63.261127,59.4264,250.32751,71.01792,32.76824,37.273598,71.368805,24.940367,68.15622,68.82628,Normal
35.329758,30.676033,39.857006,56.29064,53.855614,58.872208,77.94688,27.287,210.65158,15.451298,55.835114,27.518578,34.09853,26.8305,53.862083,45.086147,19.784595,54.131893,260.5455,23.60656,49.905872,18.499947,74.188835,57.23987,21.511953,57.681244,69.02312,58.292343,14.583273,35.79613,26.518133,54.942635,31.727655,69.9194,18.243948,33.562134,40.88992,46.902496,82.510155,32.121563,84.74354,59.770786,54.43594,282.5182,77.21236,27.0618,40.576668,67.90891,19.366823,68.466415,67.83276,Normal
38.63109,28.597832,39.415237,58.15856,53.462414,54.030537,76.32051,34.329624,211.54016,22.14381,48.998714,28.251324,39.657375,21.070938,63.998814,49.51952,29.084465,52.815353,241.28403,29.156885,49.140675,20.038208,76.04037,52.41401,25.072832,56.744255,60.783882,53.94562,13.198405,25.7827,37.27982,73.18194,27.34762,66.16188,27.521835,40.74362,42.81242,47.032288,81.00664,27.185005,80.519394,57.958874,66.453026,258.01974,70.03766,41.43155,34.360588,66.679535,34.349148,75.15486,57.863586,Normal
45.681244,26.671337,36.481606,52.90177,62.33411,52.705208,76.14701,24.099245,220.29993,16.780529,59.48938,26.152393,40.737617,20.283825,52.555405,51.047314,25.424435,57.257957,248.13727,25.69219,41.786205,21.565058,73.73836,58.940533,28.986214,52.86292,67.500336,51.71183,25.9468,26.28536,33.166595,62.76894,27.884808,68.30275,23.226562,31.05565,36.82464,49.34842,78.12042,23.179161,79.22515,55.731663,66.590126,261.34787,82.98995,39.468555,42.26975,64.45033,21.13623,70.948524,59.388783,Normal
40.347424,32.860622,43.611126,52.209778,47.962654,50.465576,78.08153,29.702656,222.68097,26.59386,51.958546,36.4238,35.900677,19.577862,47.1801,44.761677,27.359978,57.73571,237.386,32.21384,47.693867,20.006668,72.20141,64.160126,24.681652,45.708305,68.764854,58.62484,28.260626,24.754478,28.540995,62.307064,32.271614,75.20401,22.589542,27.708193,39.927715,51.998108,74.55461,32.452324,73.91627,63.31575,58.772793,274.4784,77.61343,33.781174,34.239986,69.54002,19.413574,71.67265,58.528538,Normal
47.270187,27.10606,31.653225,51.244316,57.717747,44.044796,76.060646,27.739758,209.98749,12.099977,49.915005,29.03088,42.361446,17.410181,60.253834,43.93788,13.483563,52.930225,246.03543,30.231068,43.51363,21.29417,70.137405,67.856926,15.965071,39.631638,64.42437,66.31619,18.728506,30.643627,27.801205,60.631805,28.141588,68.35786,18.143839,37.469013,33.592007,52.232807,72.727844,36.60242,77.2075,59.37799,45.70608,244.27106,82.69336,35.934753,30.217716,63.309364,27.26316,67.74495,63.862194,Attack
40.91009,31.60889,32.863945,44.009136,48.43903,42.258278,82.304985,27.408075,204.47575,15.740291,60.140476,24.75355,33.669773,19.928804,54.6672,45.14438,22.725788,49.84841,257.75293,31.325928,43.962936,21.656452,72.97568,62.77545,29.265575,44.470963,66.36324,50.408768,22.629593,23.056051,27.182364,65.302315,30.7886,76.19179,23.258154,25.919529,42.389954,46.836582,70.8535,29.015932,77.794754,56.95343,59.466137,283.68915,68.5427,29.26067,33.117035,69.57301,24.45196,71.391106,61.3361,Normal
29.63039,30.067741,40.625854,52.97705,56.397648,53.877483,79.34965,28.54877,215.40201,24.317019,52.844288,33.564648,35.545227,25.46528,46.326584,45.619663,22.734386,56.75545,259.99646,29.604164,49.933834,31.190235,68.02312,68.509544,22.233347,53.2052,68.03359,67.07333,22.060099,27.029202,32.815002,69.30864,29.40004,75.530785,21.682877,30.790825,40.90117,58.261284,77.76474,34.750683,75.948784,62.56996,53.927483,256.66306,74.82322,31.459349,39.003437,70.91856,23.320803,71.65373,57.845867,Normal
38.771397,28.544065,32.106033,53.294037,52.176453,51.520008,65.015816,24.215267,206.91211,22.51596,56.321537,24.510557,44.158283,28.244066,45.946354,45.862553,15.299718,59.89845,240.73364,29.316286,48.987736,24.67313,69.24583,57.041264,20.350502,50.574177,71.75784,56.410225,31.518831,25.799202,32.96755,55.23676,22.570913,59.970966,18.353556,25.934477,34.208282,52.102116,84.42554,30.693455,71.151375,60.326424,58.721493,254.32368,79.2358,31.190533,39.148064,59.719643,25.450653,71.48385,59.091873,Normal
34.112804,29.56038,36.074684,51.406578,55.88371,50.537804,71.97931,27.833311,226.04028,22.684172,58.17863,38.86951,40.59474,25.021244,54.319096,46.763996,18.14919,56.128475,229.51627,34.406197,41.652042,24.872972,77.478294,55.156635,30.488104,48.691017,63.12815,55.053097,18.46257,25.760983,23.892355,62.921703,19.61285,73.79839,21.617632,39.4475,44.77392,56.212082,76.64408,27.392527,72.98513,65.76687,55.113888,279.81607,74.411026,23.836683,32.76553,69.70653,28.010109,74.37286,69.65215,Attack
41.32358,34.029655,40.807625,40.6487,54.89377,56.38545,76.430664,25.142424,223.79259,18.739147,48.17783,24.937593,40.90049,27.168362,57.912647,48.481052,31.003878,59.122723,239.10123,32.729584,40.708794,19.4239,71.121704,64.53148,17.705503,52.207012,66.60022,62.050594,19.383265,26.197199,35.28978,57.503292,23.24586,68.95558,23.490383,32.438248,45.50943,59.565605,85.950066,31.147413,83.08576,63.85624,58.522514,254.99667,71.693825,32.534836,45.594833,63.921257,18.3597,75.33583,73.30987,Normal
42.118553,28.934788,33.38684,56.06139,57.95135,51.389744,78.244095,26.709898,221.17435,15.2063055,56.384796,26.432388,41.400543,23.157528,55.40142,48.65773,20.850246,52.510838,266.92722,26.908213,40.95342,16.423428,76.45609,54.50109,23.717566,45.478218,65.96436,55.834614,15.971548,26.986383,24.3473,61.943207,27.704172,69.37108,32.851883,35.6688,47.893948,52.36864,80.21064,33.323757,80.943794,56.930748,68.715935,274.37494,78.75504,33.55606,45.817616,66.77618,19.692688,73.86693,62.352413,Normal
40.909164,34.46977,41.19688,57.25109,45.49659,57.551514,73.143234,23.99547,210.33643,13.691846,52.85989,37.036186,47.098648,28.9667,48.468124,45.292385,24.839691,54.346226,243.76233,22.86829,46.800194,25.981123,77.742455,64.85659,11.982005,47.208897,63.274143,54.980606,12.983641,33.03796,33.41907,60.486755,29.304323,66.72281,30.15936,28.963999,44.56667,47.09302,73.01007,24.605715,74.20973,67.143326,61.057644,263.27237,75.77585,38.56309,47.100174,66.39635,27.626694,72.77689,66.573524,Normal
44.106434,31.046358,39.460297,49.786854,59.00341,56.339893,67.99771,25.113096,211.7467,25.98991,54.038334,28.951273,42.76546,25.837397,58.16985,45.222805,24.160902,59.753662,244.45596,26.655575,45.319767,22.381733,76.13057,66.64445,22.412987,41.0822,65.72747,53.204575,27.279926,29.769352,24.817642,57.91171,23.525154,68.10478,22.425476,30.564274,27.506817,47.575294,76.33479,32.118336,78.366165,67.55404,51.689503,265.2189,80.50334,42.861362,54.392185,70.028694,24.653294,69.571266,69.93155,Normal
54.56006,35.559856,35.619236,48.08196,54.913406,47.86403,76.044044,31.206192,223.08237,18.459375,49.090504,26.532484,37.08749,27.599123,55.856903,42.820625,27.03029,55.438416,244.37143,25.108816,44.81328,24.658081,65.73686,61.74959,22.136766,40.209553,56.202045,60.666634,24.224953,14.306304,24.23129,61.831417,26.936289,71.2792,37.19193,33.265213,43.451767,53.635303,74.026695,31.561926,82.69398,64.325096,53.61293,279.30185,81.87601,37.541546,34.10882,70.61995,21.858248,74.58804,66.80755,Normal
45.20499,27.440458,35.646935,53.87723,54.72685,51.79236,78.97938,30.712313,242.95891,15.035067,54.85047,27.779438,37.94924,22.687689,54.845898,53.358257,25.144579,53.569683,248.68799,25.199493,41.597073,25.141394,75.80428,59.17615,29.852102,53.45221,69.96962,55.13189,13.714055,27.956177,27.49003,60.51952,31.750559,60.75903,21.817448,27.37099,46.226715,48.7134,73.63298,24.930807,76.03779,57.981586,66.09795,279.93365,83.60684,38.24069,49.444397,63.373238,20.131413,76.72233,60.27645,Normal
45.235203,29.64153,34.052498,59.758015,65.66975,57.826237,80.39463,28.169142,207.23047,11.661178,51.380768,27.032934,47.695896,21.11948,56.42407,43.673393,18.448687,50.854034,244.35312,33.13481,41.00446,20.212425,68.50788,64.02201,15.028609,38.744877,61.62347,58.110317,25.499395,25.803135,29.981167,58.98112,28.534876,62.08596,23.566757,36.24468,32.63494,50.227966,71.47301,30.771315,69.12976,58.47978,56.1367,253.69849,88.56653,35.157833,31.936398,63.28046,30.439579,66.73861,54.468433,Normal
29.373655,28.82611,40.565914,58.425064,63.80157,49.062027,73.511536,29.81628,215.85141,13.342493,57.93794,33.428307,33.245716,21.120634,53.527515,46.911392,21.256584,55.73099,238.81711,31.469372,50.481113,22.990717,62.55802,59.082447,16.625772,50.670628,66.39713,58.786335,13.242176,15.807891,34.48101,55.282574,24.399778,60.069355,28.522192,32.504616,45.760933,55.110622,76.17988,32.274384,80.12734,58.3152,48.860126,257.12946,82.352356,38.912193,31.59781,66.650505,33.839756,68.534096,55.953705,Normal
41.626167,27.788525,46.244007,55.458538,59.74679,50.371063,80.4528,32.175102,244.5921,20.182827,51.03906,28.79465,40.968697,26.951712,54.195477,52.356327,22.78198,49.45718,275.92108,26.220215,48.338623,20.36026,74.479645,58.08892,16.210175,53.786438,62.995983,57.65744,15.316678,30.291607,25.877024,51.25014,30.428791,71.60262,20.889591,29.145494,46.967052,60.832443,80.62561,35.471962,80.76553,59.409054,57.039875,278.84488,74.100296,34.07773,48.78111,73.42251,17.036856,68.05045,64.471146,Normal
34.362732,30.725573,38.13059,55.20617,59.688873,45.5263,69.12898,21.42459,199.73459,25.778488,53.217636,33.8518,31.65124,25.20479,55.636868,43.247074,16.311012,55.77681,218.77637,26.188688,47.47676,25.839266,81.69381,62.95233,28.738031,51.594112,69.06926,51.156544,26.331488,24.1193,28.719282,61.871292,18.457272,65.36367,30.197546,25.57469,40.413292,51.80728,74.158775,25.103674,80.78895,54.41792,67.782425,259.95636,82.38401,29.08372,46.8838,71.4335,21.096222,78.02327,61.62046,Normal
48.15498,29.19432,35.802116,54.858364,51.340584,51.586178,73.91661,28.684425,209.41919,14.306242,53.294617,31.056683,42.612377,31.135786,58.827286,47.888275,22.011322,54.568394,248.34341,33.19904,42.27034,20.765453,80.770485,63.300735,30.467276,51.37242,66.60334,55.127342,16.603638,19.793932,27.559525,68.74234,15.482322,70.57661,17.439594,30.697872,37.44254,56.49436,72.47026,29.812399,66.93166,66.6723,52.747364,242.74089,79.71211,38.12238,42.250443,70.844284,28.325737,66.099495,69.44815,Attack
39.14582,34.634007,32.474308,43.768757,51.3035,49.757397,78.32433,21.869284,216.29794,17.934845,52.22803,38.801083,44.354183,22.339287,63.48042,47.98599,30.416964,52.84719,271.99872,24.210608,40.161964,20.826996,66.22372,63.28926,19.23868,50.30836,66.5171,66.185425,23.93081,21.838345,31.665215,54.808052,26.166412,58.401234,33.85432,32.07008,34.305157,48.912014,72.782486,30.588129,73.33802,60.928883,57.579224,262.5392,70.45851,41.003468,36.04292,70.63569,17.763935,68.86372,60.82039,Normal
45.755737,38.961575,34.02251,50.487877,53.559887,52.14782,71.92306,26.659355,215.94434,22.408144,52.121384,25.969082,45.40874,21.032585,63.214306,43.101513,22.459974,50.161392,279.65408,26.452711,43.86984,31.465496,72.91721,60.121365,18.791231,52.01493,60.883255,61.869698,25.959103,23.772354,30.836061,59.28568,23.40664,68.562004,30.565914,28.594555,46.47565,62.75519,73.16707,28.014297,79.67247,59.07417,68.946,270.35733,79.37369,30.82444,52.073154,68.05551,23.963724,82.02352,65.54153,Normal
42.870544,37.301365,40.021637,53.743225,53.661858,52.857193,73.722694,31.695686,207.46738,17.975292,62.17455,30.021534,36.62129,24.228277,56.38412,41.73197,17.36111,56.38963,249.3486,24.217613,44.816574,23.38313,73.40453,69.93599,28.715199,42.347595,59.039745,50.355965,11.431704,23.550493,32.159992,57.69114,24.721792,68.809906,27.669544,34.684875,37.935986,57.98435,73.159035,33.78996,74.676025,64.96659,57.706593,243.27457,72.03228,28.306091,37.924236,66.91382,26.29502,70.22846,61.509697,Normal
47.05524,32.215565,40.70595,40.682858,50.05632,48.661373,77.71987,34.578964,226.04607,20.37093,56.024147,19.978594,39.51215,24.859108,60.38587,44.11124,28.924976,56.31191,261.41147,27.163994,45.58785,34.361504,68.12018,53.757008,17.000742,53.907307,70.02185,56.42324,21.73482,16.66675,29.153994,56.389656,25.275864,63.623627,28.58124,28.874668,44.33164,41.824657,73.395615,27.49066,67.41109,60.242058,51.557453,272.83157,71.16405,30.1086,34.852364,61.130096,12.865485,77.40689,57.58462,Normal
43.819653,31.8233,38.829277,38.107395,48.299347,48.358086,66.8759,22.507198,213.27817,26.188934,56.77967,26.208555,33.53472,29.287683,53.428963,41.92699,13.130124,61.8943,240.01358,32.671276,44.12501,16.105486,79.634125,58.006172,19.21585,51.09338,57.80838,60.78563,19.375063,20.602915,23.986446,68.59853,22.6125,72.038734,20.89722,34.79306,36.939556,52.225918,79.970505,32.858723,73.932755,67.36167,67.28166,276.4503,70.68471,34.800343,37.92082,63.257824,27.340408,71.64514,65.357376,Normal
36.53019,36.18088,41.39654,60.038162,64.10052,48.44601,71.99457,29.534275,235.06052,16.354883,51.127377,29.14738,40.042637,29.72915,54.41418,41.620575,26.27862,53.2086,233.37698,28.685417,51.374683,21.978428,80.35093,56.589794,20.845125,52.645176,65.27316,59.535294,22.142916,20.400839,26.13208,69.34533,21.132715,61.57598,16.373528,26.957375,35.754566,48.92226,82.4663,32.88383,72.51163,58.254875,65.75932,278.51407,87.11079,35.787193,46.94944,64.76272,21.291922,75.10831,70.392426,Normal
35.387386,25.664648,42.980385,46.189022,58.222824,49.035423,73.93567,23.359848,204.41406,27.92975,59.324146,32.537323,41.93089,25.365303,47.67868,50.59788,26.50783,64.03698,234.51624,20.366436,40.588177,21.910574,76.49155,64.423225,25.37644,53.065376,62.261192,52.167496,17.830212,18.233969,33.365322,57.285778,24.513227,67.878876,24.765347,37.75282,40.387035,45.89645,85.530014,21.529371,78.15332,57.717724,55.908585,267.46048,80.35,42.583366,53.771408,63.396633,23.77038,77.29262,54.98848,Normal
46.39654,27.06768,35.276608,49.832054,65.34931,54.414715,75.75383,24.304796,205.90474,17.499378,55.15851,34.65926,47.87866,16.920834,66.49559,51.701687,21.595152,53.832264,244.21274,27.184166,42.754864,19.363882,71.78253,54.7758,21.950367,37.387833,70.11257,50.684956,18.922201,23.940924,26.734339,54.38827,31.054607,68.28689,21.497536,40.012745,35.48731,55.056976,70.75065,25.346197,83.90217,57.826008,49.319508,236.12862,73.76889,34.531925,47.481987,72.70858,12.277481,70.01441,55.42643,Normal
55.837208,38.027225,32.73526,52.78741,55.89904,49.80351,79.42334,30.349607,198.21248,19.144772,56.603745,38.84645,34.766666,13.280275,54.949715,47.86708,27.218382,50.55821,250.57794,22.896381,44.98876,26.191568,71.17319,62.796494,19.209963,46.291374,55.6965,58.91349,33.563053,14.677337,36.012203,68.582245,33.527275,65.774765,27.204763,26.923494,39.69479,51.39186,80.485855,31.14372,75.193184,58.526596,62.662716,254.95181,68.38223,37.55764,40.78194,68.001724,23.96527,75.12486,60.73449,Normal
32.53346,27.287954,40.4489,43.249565,57.039387,50.381916,72.32627,20.758944,228.26578,16.61719,59.08296,38.58212,39.01416,25.28655,52.46949,50.531353,26.252653,51.53348,255.08139,31.09794,52.77402,25.402363,82.40828,59.734756,18.489386,49.02202,56.706753,55.623837,27.980383,19.94299,33.191387,55.202835,23.368484,60.625748,33.562622,29.098152,32.688843,50.36312,78.79469,27.752068,82.56299,58.983692,59.39763,262.8506,76.99781,43.774994,48.576286,69.79919,25.979933,68.394615,58.348354,Normal
38.666798,32.599747,42.554432,42.75777,62.594013,44.49012,72.581,29.636003,212.03488,22.605923,59.9853,36.78383,43.61685,33.420776,56.83771,49.155495,24.068436,59.698803,231.4985,26.759363,47.93554,24.20482,75.48128,58.7336,17.203129,53.737892,63.562363,58.307705,20.337835,21.051968,25.795048,65.99182,22.532978,60.28033,14.075523,28.795843,38.367535,56.116184,75.278206,34.556446,71.102036,56.92388,62.577255,261.49048,78.58052,42.09912,27.303097,65.95094,18.759703,71.67548,59.601944,Attack
53.734177,34.69027,34.463425,49.868805,67.15378,54.12493,71.01736,22.741539,227.26558,22.474348,51.14849,27.746986,45.322643,30.537132,56.399887,44.55873,26.754738,63.426624,270.604,24.513288,43.043518,15.456461,72.88185,49.708313,21.8946,55.635822,66.58693,56.417763,24.761396,26.38163,24.391205,59.23766,26.44959,61.017784,38.199738,36.664516,39.50017,53.409847,79.74414,30.170195,77.26402,59.29266,56.720043,262.96567,78.946556,40.626114,47.018566,64.720116,25.75368,75.365074,62.12301,Normal
32.268234,25.050606,43.1749,45.524677,57.664413,53.723248,77.95416,32.898575,216.57675,20.451483,51.60707,33.271244,32.972927,19.808552,67.52824,51.184414,23.172977,61.420864,248.28943,28.973183,44.450356,25.301416,76.311356,56.990284,18.837706,51.163544,68.588844,59.494713,17.34641,27.050905,24.80691,58.8762,28.840912,65.54045,19.079464,37.158524,38.922474,53.114567,81.91358,29.909271,85.511444,58.70329,55.856937,268.47644,78.59135,40.376354,42.15301,62.91352,32.003124,65.75175,62.387234,Normal
38.296227,30.559877,43.729946,54.789013,52.88527,51.932835,79.20931,29.951551,212.02069,23.02536,58.07663,36.38717,43.30546,25.051708,58.33278,48.939644,21.276798,58.127228,232.27788,30.532415,40.666122,20.518703,66.34437,60.26987,27.390326,41.76206,64.47102,51.30614,9.864605,30.978998,35.57647,60.27131,24.523088,62.20377,34.18434,25.75764,43.758415,47.063274,83.104774,27.128706,77.61448,62.10399,59.1388,264.85687,79.61957,33.259506,42.95658,71.402626,20.08604,67.49822,57.660896,Normal
37.21099,28.678015,38.819073,40.782665,61.015648,60.520966,81.56499,31.154467,217.93233,23.007252,52.629986,31.290243,44.34114,21.280218,49.044067,42.17072,27.536606,58.141403,258.95868,29.876999,41.64258,13.162746,75.20169,58.33585,27.22645,54.611267,56.634895,55.048218,14.660403,27.226477,24.787745,60.154617,27.573416,62.36612,22.331507,34.61461,41.623615,53.48998,77.40004,26.592794,74.93362,56.263947,65.9208,273.50812,86.11844,35.119713,34.10137,73.027145,21.787832,74.96064,49.240395,Normal
45.350666,29.831215,38.47144,49.366684,48.700413,44.885914,76.1811,24.712519,213.87347,12.174203,56.12013,26.82043,44.26359,29.267233,54.44271,50.489048,17.954891,49.994884,258.06146,32.378136,48.20425,26.988653,76.635254,56.304413,22.658049,46.643818,60.98528,56.76848,18.914568,13.028685,26.571707,66.871185,29.255816,76.46535,28.681223,30.585455,47.647884,50.222416,81.13996,22.688534,76.80621,67.365776,66.37692,258.81866,72.78136,32.73488,28.701807,64.472435,20.308084,72.44532,74.17362,Normal
55.213745,27.873175,37.49531,48.60598,50.578373,55.747814,68.69024,28.628244,219.09637,17.235012,51.976192,36.613968,31.607357,30.01877,63.352306,56.111294,11.587124,53.077232,269.1462,23.374355,42.37535,31.301939,67.13502,54.22667,24.475996,54.477306,67.3936,56.73684,18.969244,25.398794,24.818134,61.01762,25.635418,65.07763,27.267199,27.918413,40.241726,44.35428,75.47486,28.163933,79.16294,65.66202,44.203594,279.573,72.681656,40.8257,32.3161,63.11387,29.274996,69.16816,74.44351,Normal
34.02268,35.19593,41.63973,45.886448,58.01746,57.76423,69.19017,26.789145,217.16103,24.497677,50.966717,31.925064,35.18327,27.496635,45.077877,51.397602,30.219624,66.09834,249.53333,22.327242,43.498306,18.7509,69.54033,53.003544,20.75457,47.160786,63.729324,61.888645,8.151888,31.64566,32.50993,60.585556,23.711433,58.771595,24.897566,31.98473,45.59798,59.64593,82.031,31.713531,79.84237,66.655495,61.764618,255.48697,77.293365,36.158947,33.823307,71.3632,27.698761,74.322296,63.57799,Normal
46.90686,34.08089,35.675503,48.63336,55.33606,55.772488,75.70175,25.719381,204.21092,20.072311,50.404156,27.752302,43.35746,27.118477,56.91769,41.590416,26.145948,55.43578,244.1253,22.762896,47.55151,20.868591,71.74958,57.707,26.860403,43.093163,65.558945,58.785213,26.510572,33.10109,24.491602,62.651222,22.650976,66.931786,22.365816,37.79613,37.34915,49.90097,83.343735,28.439655,73.47624,55.532745,65.488716,259.5543,74.042145,33.818867,43.3066,59.74176,24.155525,71.172264,66.59434,Normal
45.966934,34.667404,32.259903,50.532486,56.248623,55.514618,73.511604,28.704298,215.74329,21.945034,53.260414,42.173706,39.50086,30.88919,65.96804,42.483303,14.437476,53.916847,256.37982,31.735437,44.69621,20.789711,76.03872,58.73654,31.457178,54.374073,66.37036,60.468132,16.917269,24.845894,30.184092,54.16074,22.349468,76.786934,27.135256,30.774828,30.334217,61.18507,83.26161,34.33544,77.47922,62.067577,58.136845,262.2928,79.508415,31.732117,45.10483,66.617226,26.065317,74.51677,71.674805,Normal
35.79198,37.090096,44.795403,48.90262,59.821293,48.87632,76.89523,24.182936,206.04086,23.603424,52.69491,29.410828,37.768955,22.76396,51.332077,49.4528,24.466566,64.13632,248.38208,31.56954,42.177574,17.378916,75.28554,61.24137,23.31433,45.468563,69.86565,58.237144,18.071724,18.35619,34.114445,54.158947,29.180195,73.47628,28.02528,32.80322,43.00695,41.427727,78.53973,30.312748,74.7604,60.33782,52.43476,241.78711,82.643105,41.49261,35.831764,61.381603,23.736677,79.64469,69.50664,Normal
37.196037,34.524143,42.43822,54.634563,52.2969,49.255917,72.13575,21.838337,224.84595,13.679714,53.46585,30.268637,39.9566,31.486496,61.397213,41.413586,25.459183,50.638996,244.5701,34.933826,50.595314,20.239206,76.51069,58.029682,17.25357,38.65064,70.271454,62.93597,23.367071,25.680449,28.561686,66.12147,22.61853,66.444374,15.899418,37.018272,41.442726,57.927296,81.43134,28.861765,73.75542,59.32845,57.271416,260.6664,76.77989,29.118145,44.92871,70.74772,14.47039,79.663155,66.41237,Normal
42.795914,28.832975,37.226875,52.820347,61.23798,44.596104,66.60287,27.025654,212.12529,10.342857,46.619934,27.55231,45.40053,27.011997,54.058598,43.360413,29.46611,52.72863,242.84018,31.324873,44.161507,26.94079,75.73426,64.593994,21.80046,51.958645,66.98659,54.901268,16.625696,20.672478,28.697033,62.16904,25.208698,69.974014,19.043247,31.363647,45.174572,46.883633,74.223526,27.881603,82.56786,61.21484,58.511017,258.17355,72.01036,39.057827,40.311474,63.86753,19.086906,73.972626,69.07522,Normal
37.14737,35.76732,41.22325,45.93615,50.82484,56.654835,80.897484,29.459545,213.53665,18.99555,50.41216,28.29817,34.756203,14.72078,52.769337,45.061226,28.330755,51.652264,255.30688,30.798735,46.56638,34.777863,62.681404,59.005096,20.961828,44.304718,67.81937,62.416225,20.13245,17.962574,32.22966,56.40449,26.876667,66.51288,22.514818,32.680702,50.41476,46.780247,78.08003,22.258053,76.30933,62.168945,61.531963,268.92456,86.495834,26.563643,39.348003,69.19884,24.972235,70.258415,60.272053,Normal
41.094387,30.888657,40.917625,57.09855,56.190334,45.962334,74.38089,31.206808,224.59909,23.201454,53.588493,39.59416,41.45482,31.577065,64.696304,47.9951,26.326189,61.524418,233.21133,27.699585,40.393745,15.430761,75.094025,51.134487,29.752527,49.289886,66.628746,57.150177,28.443121,22.651766,24.691353,66.48532,21.357466,73.23139,16.583042,36.99164,38.714622,61.770123,79.345604,25.16138,73.518486,61.537167,59.965652,247.99976,70.83736,42.767143,39.609337,73.22477,21.520266,77.363174,72.04755,Normal
49.290108,31.470182,36.114902,60.616196,59.369526,58.245964,79.46088,28.247873,210.50299,25.309273,59.607185,38.925446,37.28514,28.77259,55.433197,46.54199,26.532135,63.344406,227.01929,33.032066,48.716927,17.17934,63.693386,51.29838,30.061806,42.92994,60.42687,57.567127,20.448936,27.016632,25.489134,66.80111,28.77844,65.09671,20.567812,38.649014,37.522858,57.324722,77.02167,25.102343,80.71398,58.37665,49.022804,286.02356,77.99085,31.660805,29.934368,63.825764,22.138676,72.220436,57.70931,Normal
54.170048,25.429554,36.99592,39.350056,60.74531,55.26118,78.755585,21.702719,223.21753,20.560345,58.66622,25.991148,39.588676,13.998529,60.782864,42.566326,26.523037,53.72112,241.40904,27.603899,47.874214,17.2474,65.58672,64.1792,15.946029,45.695843,60.389015,50.43486,19.309689,19.110508,27.593487,65.91339,25.210752,71.32905,22.734941,38.19458,43.57205,55.604126,78.391174,34.3857,82.53084,59.830032,54.160244,257.84644,80.557175,36.02873,46.75348,63.556675,24.964674,69.63937,61.789867,Normal
39.2764,26.6534,39.196396,47.90062,69.41931,49.14413,70.25767,22.3631,198.15521,23.681925,60.597755,35.993763,34.239704,32.61046,46.852043,49.80845,20.329962,63.822487,223.48338,25.566044,50.257046,19.711054,62.793247,61.825207,25.508692,41.96131,62.177723,54.134426,15.83814,24.947578,26.215385,68.96309,26.028095,73.07943,26.086216,29.81639,38.293564,61.735023,71.40957,28.70138,71.22992,56.823803,61.051502,250.95769,76.18228,39.56082,38.038094,63.027473,33.6872,75.75804,51.11983,Normal
40.39394,37.818962,37.22111,47.08371,52.758728,53.725723,69.77619,28.43328,226.53908,21.625393,54.992573,34.898403,31.09899,30.518751,57.239754,46.44069,25.200665,52.99927,246.70226,28.134539,48.489445,30.538004,71.1835,58.888588,22.980946,54.683064,66.26046,58.251465,30.310942,28.278194,33.127853,60.576847,25.568506,64.526764,28.326708,30.107363,32.74562,55.909084,74.128845,31.253683,86.41312,56.450428,53.832092,276.1568,79.31804,39.1108,39.04188,65.72474,28.867308,70.070984,63.79111,Normal
37.888172,28.955353,40.417812,41.85296,63.05747,44.502377,81.65637,32.274483,215.96796,24.483168,49.813087,36.16851,33.38198,21.227837,50.880985,50.91095,25.549452,57.018314,241.17574,27.954441,51.484158,23.345127,74.77597,56.811886,18.646406,47.996433,65.99683,61.750317,20.808838,16.294165,28.485441,62.474277,28.368435,57.446777,32.60429,28.428585,32.980824,44.69268,73.52648,22.713331,79.90667,61.63829,63.59948,257.6158,68.50524,21.136415,45.31847,66.62806,25.844175,75.17629,61.805824,Normal
42.582703,31.27406,40.021717,54.454826,56.7596,53.445847,75.33501,25.61378,218.02943,16.06763,61.14996,40.777294,42.108902,29.246626,51.288246,43.919228,13.157734,53.046276,245.85596,25.250832,50.817005,30.21093,78.61976,59.312233,17.714607,45.539326,58.15268,52.046577,18.760368,18.53041,22.603565,47.40408,19.816723,75.18702,30.652884,25.905022,25.217728,61.340244,81.07619,27.659756,75.340546,62.61563,62.28837,259.02313,70.62436,36.59316,40.847923,63.873955,17.451437,70.651024,65.956955,Normal
50.164078,29.117985,31.199354,46.292156,58.139236,52.342796,77.41383,29.309996,210.86542,16.043669,54.676586,31.049479,41.913578,22.939821,65.34024,55.497967,27.741796,50.929314,235.6687,26.874708,43.8442,28.654861,77.84905,59.044724,19.12486,42.853477,71.88668,58.32065,20.571812,17.80015,23.814043,57.456596,29.704653,70.53029,20.048231,36.25976,41.329025,53.10216,72.81116,27.061907,76.7129,60.62901,56.891758,257.94116,71.541595,32.736244,45.00749,69.04285,17.881794,70.09692,62.179993,Normal
46.36312,27.999763,32.454998,48.462986,53.431866,57.74863,75.220505,32.200466,201.62572,20.486715,48.1295,36.146057,38.000896,28.134676,55.66271,40.050667,23.308458,48.81949,233.83578,24.595053,44.639973,25.053997,75.35462,55.54269,28.343452,45.22967,56.123024,63.071686,23.425495,21.886433,27.18541,50.62597,21.330826,63.5476,36.767887,25.503506,39.88807,55.564514,82.57892,24.412111,75.73564,66.03418,52.757595,254.61177,68.40281,29.878952,37.86969,68.37751,27.268282,68.09575,69.05572,Normal
41.315594,29.727774,37.918518,43.937458,47.385063,55.105835,82.812386,22.612185,193.0653,20.064651,57.315018,32.854103,37.887444,26.75763,57.782066,48.97581,33.182365,54.63859,240.85205,26.052122,52.822384,19.987858,75.865456,61.15753,20.22543,46.455486,69.70943,52.213722,22.45695,27.926117,33.735336,60.411903,28.200094,72.2647,21.966293,30.5547,37.356182,54.82336,81.97823,31.2845,74.18715,66.90147,58.711887,265.51797,82.46543,42.47729,40.84072,60.824615,24.973993,79.13564,65.621765,Normal
48.317623,35.559113,44.463852,49.42105,56.977036,49.42988,72.20781,29.795649,218.22711,13.990518,49.96845,31.897781,39.685497,29.224577,49.047592,50.620594,20.496838,49.20773,246.45834,23.221298,43.382904,20.1121,70.93339,65.253365,28.882336,51.579464,57.863476,60.739243,23.168135,31.371805,33.1567,54.637016,26.015547,57.79453,31.672264,26.944921,30.016191,55.85187,79.099174,26.868301,81.84361,61.76668,55.65852,248.44667,77.09704,33.207504,34.86286,61.97186,20.429276,79.12873,59.676903,Normal
45.837273,29.477968,38.071022,53.11412,53.792313,51.13261,76.19523,31.93033,206.38873,19.774773,48.693165,36.577435,45.76697,23.945236,44.51972,56.292046,25.18911,56.066635,230.96457,30.717812,51.191467,23.180096,75.22137,55.236935,20.273485,34.551277,70.72194,58.443172,24.198563,24.936522,26.258347,53.468754,24.874674,74.69133,29.826939,35.836308,40.38226,55.711983,79.89058,26.42122,77.45252,64.747475,58.258114,259.91043,72.527145,35.703945,29.741901,71.92277,19.695919,77.88389,67.00074,Normal
43.47399,30.00177,46.68939,46.420105,53.42163,53.96842,82.766495,28.351719,210.09152,21.368244,55.089157,33.32471,46.300934,15.185529,53.395397,41.42123,35.400333,56.883934,244.21512,34.155148,41.79245,18.438692,71.739685,56.35154,23.339632,56.271027,62.36348,53.172405,17.286854,28.727272,25.78675,55.608585,32.628128,66.3583,23.149103,37.31515,47.33446,55.8448,74.30408,26.424349,79.4759,56.73155,65.275826,255.75166,80.33961,35.41845,41.742603,71.228806,20.607517,76.607216,50.78174,Normal
52.46778,36.029755,38.174046,51.95592,49.83439,51.499325,67.0392,26.723282,209.99521,20.479408,53.63538,24.973167,35.746223,33.81709,63.825718,53.05238,28.588865,50.522182,232.26285,25.487965,48.89303,28.458572,65.60923,68.3871,16.166054,50.51738,58.979904,61.953613,15.0271635,31.087399,27.867634,56.010017,21.16498,73.29079,26.869026,33.579605,43.069122,48.939003,79.17917,26.904444,75.74188,56.343315,51.785328,254.55554,84.33315,38.94602,33.608055,65.376724,26.837624,78.8418,69.99805,Attack
39.840324,33.275528,40.716457,53.932983,69.76401,49.066345,80.31322,30.218359,222.47234,16.740313,53.89705,27.808636,37.44246,23.628542,49.523464,44.407185,18.904985,52.51877,295.64215,23.913118,50.192585,23.661272,73.47729,60.21648,15.339804,55.72458,71.652824,59.083622,12.861154,26.918388,28.874678,52.406124,26.765795,73.4551,26.572065,29.211021,42.76089,62.06344,83.03171,32.594593,79.672295,60.72354,49.990936,240.33566,77.3106,34.512173,39.057213,71.54827,14.382331,67.51261,57.447258,Normal
45.002453,35.28847,36.77622,54.156998,45.248688,53.830254,69.26726,30.325525,230.6116,23.629179,58.86992,29.415361,34.742252,33.51678,52.578156,41.879116,20.22583,59.178986,258.91425,32.585728,51.142464,29.688799,82.105606,61.46015,26.725233,58.24702,64.812706,53.34582,29.295214,21.935684,33.664345,56.005627,22.420687,63.35179,25.195492,39.027065,39.76307,49.07991,77.42191,29.745121,79.770874,56.049923,66.2341,264.54303,80.53629,40.25741,38.3984,62.156197,8.807254,70.16761,68.18597,Normal
40.57823,33.71888,33.47028,52.128407,64.57916,45.75106,72.96292,32.599373,211.70427,27.391842,57.161774,30.052778,39.472786,34.42462,63.0685,42.05851,28.816898,54.794624,255.70958,28.457504,52.125095,24.21984,75.43313,58.862606,21.089224,52.901867,65.871704,58.819138,23.977419,26.170624,31.676167,60.04356,24.038464,63.20515,20.080435,33.20589,39.92117,49.380123,78.80587,31.38913,85.13509,56.35243,60.21946,252.97708,76.89913,41.03399,47.996696,61.84877,28.545122,71.126,67.933876,Normal
41.650932,35.501335,40.861427,39.582233,52.88261,53.54395,77.70045,30.422794,209.78514,18.49735,58.50686,28.509275,43.66345,21.623737,52.970737,51.896587,19.673197,52.698723,228.26123,28.584475,53.680397,18.92555,79.51971,62.212166,24.012909,55.01601,63.61547,50.911724,38.709667,23.275475,30.220772,62.763226,28.396605,67.09999,24.998299,33.426983,35.50811,40.86461,84.02177,28.58016,70.48353,60.3059,55.84974,259.01428,78.75094,33.99761,38.60936,66.1146,16.035435,68.180855,61.603626,Normal
41.866776,36.59436,31.599731,47.402454,60.904156,57.614365,81.13836,30.394247,219.63724,22.290379,51.76854,33.066715,36.536865,20.34679,57.366474,49.5096,16.919859,58.759808,244.00726,30.747242,44.612793,13.935464,70.21845,64.24941,17.555925,47.37777,61.66487,53.735577,18.934565,19.474863,32.854614,58.03624,33.403862,67.49477,26.804874,33.58654,37.87719,59.77712,78.02199,30.684591,78.229576,66.25906,62.205116,251.23914,77.612144,35.441666,36.23894,69.281746,37.214333,72.44571,69.780304,Normal
40.907608,30.520502,38.482292,55.726776,57.539463,38.419495,71.591576,23.468575,216.22368,27.179886,49.868645,25.979458,37.185223,21.856447,54.534927,50.08726,15.820348,58.49603,259.7833,24.818903,42.932976,19.319485,72.200615,56.995003,18.09195,53.325397,59.013847,58.092335,20.766592,22.739302,31.405128,63.848476,21.33834,67.66067,17.9119,38.116558,43.896515,33.096134,82.11565,24.696413,80.28917,67.11626,54.109287,274.60544,74.47556,32.424995,38.755077,70.26161,19.34122,66.05477,63.229916,Attack
39.16035,25.16639,45.800957,48.916462,65.272705,53.038666,73.455475,31.590807,219.13383,23.227718,48.884815,27.989302,44.820717,28.447227,58.618546,46.009018,24.996254,53.371124,237.16086,32.375183,45.882355,19.144966,73.9992,72.22097,17.888119,57.93697,70.68987,60.198895,20.283556,21.297304,31.432905,62.500656,20.252306,61.95754,23.59955,29.561964,47.991093,46.43037,72.37072,28.563004,86.19141,60.09013,61.445854,255.48288,76.58718,46.633938,38.99858,65.59475,17.011324,75.37388,63.14283,Normal
40.659016,30.986704,32.8854,63.807316,55.58379,51.071125,71.959946,27.209436,215.53706,21.778416,59.581417,24.242292,36.03171,34.372307,51.884132,54.100025,19.286604,57.063847,260.7279,20.370089,42.86431,16.594103,71.21736,62.561466,22.873386,46.77941,64.17946,49.846428,12.532584,32.60194,34.54839,72.55183,20.938366,61.183514,31.93312,33.276386,50.50025,42.579163,82.0045,35.13181,80.85796,69.22032,62.81516,266.56573,77.94972,41.4243,31.904522,63.08558,16.84492,63.664467,65.27598,Normal
49.005085,39.731564,35.518486,50.63686,55.16224,38.088604,71.859604,24.739553,215.62094,21.42577,58.250305,27.35462,40.56117,35.79066,59.996746,50.453938,25.288412,59.375343,232.964,31.327309,41.94622,7.8082266,71.765396,57.178223,20.793762,41.28056,70.1748,54.234913,30.093557,22.574453,31.274416,61.39693,21.241634,72.9946,27.878153,34.05527,45.459724,60.338123,80.35996,24.284761,76.90484,64.65245,49.524487,266.87604,75.298805,29.364069,32.304626,67.25841,22.297815,76.14609,61.755077,Normal
52.13151,35.062973,34.559727,52.963917,60.494324,44.472015,80.24007,33.933243,215.31432,25.301159,52.7949,28.798775,47.444683,22.96805,52.286747,49.550964,24.222033,60.156536,244.46104,23.856705,50.39111,25.007353,67.25956,61.370358,21.162077,45.732334,68.84159,58.339672,23.962337,18.374071,34.414074,67.42935,30.400259,58.241184,33.63581,27.639957,44.872322,45.116886,76.01949,26.866642,73.24131,64.975334,60.664085,263.03076,79.73286,30.814453,41.355278,67.894745,20.277168,68.13959,54.71135,Normal
31.432627,31.659365,42.454746,54.482502,56.9885,54.11455,69.13357,34.086163,217.50862,15.025436,51.098724,35.41985,37.333153,31.236181,46.370926,49.461563,15.475908,52.17886,263.0542,24.573261,46.846348,33.385616,79.075806,61.269035,25.136232,43.878277,54.263878,63.314373,19.949514,22.303255,31.019224,66.45249,24.480215,70.50765,31.823105,32.270164,36.70821,59.93997,75.77634,29.536417,78.85906,66.22332,64.13156,260.43958,78.34457,35.955082,36.83935,62.4409,17.185646,77.6031,68.005554,Normal
44.979176,29.760452,37.005962,51.577908,46.98904,39.4795,76.65296,28.248425,198.59819,22.801727,55.458908,24.705196,33.914783,29.283714,51.059757,52.431824,27.925669,54.60564,238.64835,32.167347,40.489742,21.967592,74.41807,61.479008,25.08901,55.79344,57.93508,56.756596,14.2301,16.367302,28.103563,67.414505,26.790773,79.36017,25.377426,26.27663,38.52855,51.76953,84.05266,27.780924,81.88755,65.00372,56.197712,257.31982,75.53974,34.537888,34.65255,64.76247,24.561909,73.392944,65.24407,Attack
37.238598,32.0535,40.81499,47.816498,53.155117,56.91944,70.46174,28.748142,215.51334,16.167334,51.33782,31.864416,43.6455,28.140661,58.542248,48.059326,9.700883,51.424667,252.98978,25.927078,50.213245,14.953969,66.333595,58.359764,16.966549,45.94776,71.362114,61.413,17.294762,21.859001,28.87919,65.11903,22.153349,71.543274,29.852758,26.985142,35.473495,58.15501,82.378716,29.323132,77.73076,58.893322,65.51868,277.8443,73.18292,33.265804,35.880188,70.53299,11.412877,76.21116,65.260765,Normal
40.40513,39.403595,40.699825,39.78365,56.39219,47.897026,64.84157,23.700249,211.95715,22.142096,55.052483,25.170235,39.17181,31.0094,48.625065,47.46148,26.036163,57.238182,280.68555,26.15144,51.817562,23.55569,74.33653,60.859535,26.162682,44.734703,65.44501,57.94236,17.213701,35.01076,33.379677,58.428215,19.875967,70.443054,23.483288,31.356747,51.429787,53.104538,73.89907,35.6967,81.27569,54.543602,59.61397,263.25336,86.653824,38.91652,42.602528,63.802284,23.243595,75.36384,65.28435,Normal
38.96175,29.375917,44.238308,50.023827,59.423786,52.948875,72.5769,23.1739,208.70494,16.486485,60.868526,26.007336,42.586086,23.54091,60.94056,48.56528,16.939795,51.56783,246.19519,30.786015,51.529373,7.3322396,71.18314,57.248245,26.068983,48.022438,59.62115,54.524048,22.735115,30.625753,32.512367,49.015007,20.65481,68.64984,23.99125,26.04671,44.580463,57.52471,83.21796,23.957335,69.98912,60.159042,60.231068,270.48672,69.98453,40.876556,46.29665,65.29689,27.220545,76.56095,65.688576,Normal
37.17915,31.113436,35.07511,55.312252,55.222332,47.935326,74.876335,21.611038,214.41173,17.183199,53.431118,34.65762,41.145176,21.92766,53.61049,50.63538,23.592813,51.74202,246.70152,28.753965,47.028328,25.046144,81.196,61.031925,16.963884,50.649883,61.39856,52.84385,26.253746,16.845333,28.97882,63.361618,25.091537,71.10326,32.955822,27.511526,46.879395,49.12321,73.6637,27.988476,70.21803,55.428543,54.04179,272.97253,74.616425,42.99348,41.98233,69.51004,27.205027,67.94864,63.651096,Normal
48.463253,37.130447,36.914196,49.289974,58.32651,41.139225,79.04283,21.994593,220.11398,18.41313,50.12766,37.650135,47.74044,24.24808,51.235943,51.47928,28.414171,49.869728,252.80484,27.977537,51.9619,27.408714,76.02289,64.23861,23.69643,44.341908,65.85376,57.552856,28.572937,20.51133,27.819204,61.91556,28.73387,70.118965,23.101414,32.358532,42.85533,59.60346,82.782394,27.81081,74.034096,64.69941,55.415455,250.7124,79.15682,38.251713,40.78676,71.95725,24.974264,72.15722,61.78896,Normal
39.840324,33.275528,40.716457,53.932983,69.76401,49.066345,80.31322,30.218359,222.47234,16.740313,53.89705,27.808636,37.44246,23.628542,49.523464,44.407185,18.904985,52.51877,295.64215,23.913118,50.192585,23.661272,73.47729,60.21648,15.339804,55.72458,71.652824,59.083622,12.861154,26.918388,28.874678,52.406124,26.765795,73.4551,26.572065,29.211021,42.76089,62.06344,83.03171,32.594593,79.672295,60.72354,49.990936,240.33566,77.3106,34.512173,39.057213,71.54827,14.382331,67.51261,57.447258,Normal
41.88311,39.926937,38.400993,50.518196,55.48529,45.03874,67.26311,34.36757,212.80222,16.632263,58.303516,29.87587,37.50867,24.776508,59.174915,44.00605,35.76733,52.65555,260.83078,23.623512,50.288765,15.459863,63.801968,57.387684,21.66709,49.900795,66.00949,57.62697,22.271023,28.15023,29.079048,59.359467,18.884333,56.61397,14.941861,26.541325,33.681835,50.165035,80.71634,33.442646,71.77553,55.580265,49.503544,246.01947,79.68546,39.47295,32.700222,62.49784,22.315397,71.463646,69.19721,Normal
40.486492,41.08175,32.142105,57.423805,58.33401,39.740757,80.99886,29.975958,225.55692,20.394257,56.238102,28.582933,42.239975,18.869036,63.481853,52.968987,20.59721,52.522984,253.75023,31.003843,47.520756,21.446959,72.43707,65.95492,25.963972,52.93393,58.60103,59.186367,28.562843,24.760923,32.33356,55.678394,31.025526,72.44573,26.202694,32.1584,43.173576,51.830017,80.34805,27.826357,75.85685,65.29801,65.37429,251.00471,75.98636,34.656715,47.176697,70.964615,19.774841,72.551315,58.15455,Normal
40.305565,30.598902,41.420315,54.631474,52.31975,51.90281,69.49119,28.775085,232.1529,14.408234,57.14875,27.477673,44.176155,27.671854,50.046585,47.405792,16.637398,49.12525,246.57909,30.567402,51.817677,19.7592,82.73353,62.861553,23.467932,46.366432,61.40591,60.705757,23.909838,29.576756,34.64215,54.016212,23.89194,70.61223,32.270847,34.837616,37.156536,52.822857,78.49617,30.898586,84.10698,65.0796,66.497734,263.44278,81.93066,33.461456,39.47113,62.883034,27.241993,77.24868,63.00171,Normal
37.905247,30.456804,41.720604,45.750328,57.317234,56.570915,71.96092,26.422129,207.40489,21.238274,62.30743,21.073187,43.063313,31.665485,54.357918,48.312107,18.671356,58.143875,246.44571,23.706316,45.604336,27.337545,73.996704,62.31013,16.954187,49.43176,63.655388,49.041245,13.37233,27.089745,36.70905,69.00264,23.38075,65.92521,28.550726,32.34634,33.995274,53.61062,72.84422,22.69991,72.71227,63.57943,55.16922,249.49931,80.81869,36.28233,37.580902,59.82917,23.063627,68.31056,72.59631,Normal
34.548576,25.16215,45.002697,47.65537,62.13662,48.84545,80.76732,27.988771,197.7407,21.127388,53.46647,39.956097,32.18273,20.582975,57.51648,53.21873,23.186,48.52358,237.01297,24.415482,51.283985,26.111393,74.225746,57.44509,23.583065,52.676342,73.50688,61.17927,22.349344,27.810312,30.11176,54.946083,28.312607,72.44016,26.530823,32.542854,35.6928,50.526165,76.40134,25.796635,78.75513,62.391342,61.52548,254.4857,67.88646,39.233906,37.47421,64.96786,26.00669,77.1001,60.47307,Normal
45.66135,35.52978,33.255764,48.656548,56.147205,52.788513,67.25221,29.520144,223.4826,25.641386,58.93477,27.467001,37.31634,23.43546,55.41828,48.51674,23.628489,50.46468,253.74904,22.217304,50.381382,20.18056,62.428886,54.33231,12.171286,51.442627,67.05312,59.882908,17.95371,21.261,27.958906,60.22409,19.62816,66.466644,23.867594,30.594658,37.508785,50.801064,82.51492,33.774845,84.3117,61.37391,49.82682,255.06708,69.30097,45.40255,43.885685,62.523247,25.764303,70.53148,64.41493,Normal
37.707893,31.45906,41.680374,50.976982,52.21991,58.062145,71.34981,32.372463,209.24875,21.835005,46.843014,36.411537,35.99599,28.040632,55.21243,47.36479,16.477377,58.77425,256.34796,28.10826,43.511257,17.695856,69.742035,65.04842,19.530397,55.401077,66.912865,61.28072,24.544943,20.085468,27.08636,55.945618,19.558273,78.56896,25.717598,28.919462,39.713196,54.684772,85.86125,24.777905,73.8294,66.25885,65.099655,276.32532,70.45685,37.499992,35.95949,63.566113,18.555338,75.932365,63.963875,Normal
43.507298,34.61919,38.21207,50.006634,57.658627,39.52281,81.36413,23.979359,215.00027,16.83831,49.316685,36.65623,48.460213,18.74167,51.93149,48.733242,28.351032,52.001045,221.58115,21.600447,51.248253,22.38685,76.597664,64.809235,26.606215,44.22098,64.99991,59.514908,25.242455,18.919033,27.833487,60.080566,27.816898,66.77094,25.897669,33.034904,45.26595,61.711544,84.50602,25.00183,71.39597,66.759415,57.998543,261.93195,76.48578,37.247326,43.317986,69.78271,18.293415,74.546326,64.470825,Normal
40.605686,33.614353,36.599133,46.12963,53.316616,51.501873,78.508575,31.37597,231.95425,21.129211,54.64305,29.152582,32.50015,23.901892,62.42521,49.948685,21.21014,62.80759,271.89728,31.844917,45.069683,22.663877,64.9334,58.724,33.358685,54.767223,60.56783,58.509712,19.571674,28.891125,27.191322,70.93323,32.869106,59.07786,20.601929,37.507595,40.99759,62.060036,73.55883,20.255238,79.38258,61.335373,53.596024,261.80347,78.33513,41.47938,41.20472,60.901978,9.080869,64.58113,56.854885,Normal
44.79073,29.299694,40.257782,51.78401,65.30367,54.92455,69.61051,26.296612,208.9664,26.088446,54.00253,38.68432,44.783955,24.850397,58.632404,38.62934,28.275267,64.41748,236.99677,22.99227,45.555817,21.072754,75.44468,56.132946,25.289,41.177383,55.00483,61.870724,27.883753,23.622513,25.405144,53.388794,24.84099,63.48608,20.935286,22.822145,30.223051,57.222935,79.64922,32.702213,73.90903,65.065414,41.824265,260.8274,79.60408,43.849842,45.945465,69.62359,20.587934,68.28714,66.56572,Normal
38.76084,31.079887,40.25362,49.7143,59.98487,56.06013,77.576866,27.013382,215.95593,21.424135,53.08619,29.660145,42.577293,20.050259,57.15342,37.768353,29.433987,59.806107,246.60915,32.597145,43.190994,18.573156,65.30049,63.524258,28.645296,47.045498,62.06465,59.733257,7.9426327,24.81558,27.938768,63.472733,31.24972,64.025665,20.588543,36.556988,58.73611,50.674698,73.95015,27.624975,73.9283,56.25699,68.53748,266.78473,78.68728,33.771404,30.56763,72.53636,21.809196,78.2085,58.86299,Normal
46.502445,32.878853,33.937416,50.85687,51.908497,50.15278,77.71477,25.988247,208.47278,24.617367,49.40096,31.92636,45.763626,25.648588,47.265648,52.16741,21.67447,57.001316,230.71472,31.357462,51.317467,25.2848,73.98477,58.47985,24.153997,45.25259,70.460686,67.71775,25.100437,24.594357,28.489119,57.547234,27.457203,60.96562,31.898966,37.929623,40.241158,52.371216,82.39063,30.548468,73.98206,64.74157,55.516407,271.22174,69.575165,36.146793,44.604256,72.60959,33.988445,71.68338,49.89308,Normal
50.197727,38.883705,34.236343,47.33461,47.661537,55.25945,75.88491,28.627205,227.255,17.69909,51.90152,25.630997,37.6363,26.311884,59.550407,47.568905,20.102543,50.53143,270.22025,31.996893,43.95663,28.721567,66.577576,66.02203,18.822708,51.306168,63.596436,69.77348,16.632101,17.775164,34.321785,53.238667,23.472853,72.79365,31.182182,29.721052,30.03093,46.248447,75.12557,34.25866,81.75767,58.016994,48.672745,251.38318,75.5586,31.67964,38.99694,63.98309,14.503376,73.14278,58.713955,Attack
29.952635,28.973345,42.057743,56.62851,56.543243,55.197548,71.831985,32.142963,223.70122,26.01304,52.94545,34.377907,46.541008,27.668854,50.22847,45.463272,24.150925,56.38074,247.18771,28.820656,45.55469,32.05441,81.55077,59.801205,14.729207,44.681103,58.812992,54.983635,24.336855,14.757161,33.077175,68.53152,17.074793,71.921104,25.176527,24.994959,34.623337,43.979874,75.846344,23.327238,69.70862,62.010418,66.380005,262.30267,72.48287,36.338963,49.41527,64.02136,27.907469,73.916336,65.38277,Normal
40.26442,25.20726,32.031197,55.59049,50.72986,59.03875,72.5145,30.854456,210.13867,22.733227,49.089657,39.938095,44.88663,14.746729,47.081398,51.26682,27.697653,58.37732,258.3797,28.796625,50.37434,28.040686,80.92316,55.40004,19.297287,38.421158,72.618965,62.20089,18.69028,23.78338,24.51833,56.642735,23.003885,77.06121,31.313969,35.372383,29.495537,43.500954,74.40701,25.60737,69.47873,65.26428,57.281033,273.61664,80.108955,37.752815,34.587936,70.046104,26.69836,76.59004,64.47202,Attack
45.012962,28.968891,41.72326,51.64576,63.45667,42.64222,76.32726,25.475863,207.43417,17.88917,60.811405,34.224785,39.732895,24.454453,57.897556,47.688988,22.274294,53.218575,239.9809,33.001923,46.749115,24.579748,71.56424,61.78753,20.262995,51.657455,71.788284,52.175785,27.612507,29.156492,33.664864,60.38253,29.509674,66.08259,24.210314,28.020315,45.101524,56.727654,83.76529,22.465265,77.38333,58.535267,49.67949,283.45697,77.729034,45.784245,37.832253,63.075645,22.755259,73.39143,58.415276,Normal
43.732754,30.772654,42.302864,46.02197,65.38568,51.036907,69.3129,24.097109,216.52931,17.80449,56.27246,34.81126,37.025345,30.942566,64.061195,53.614277,20.969507,50.998352,243.75854,28.967304,51.544106,20.260508,72.79743,60.465214,20.83078,50.572384,59.06247,51.071037,27.225327,19.02114,28.171146,64.33744,21.5841,63.05473,27.448074,32.062344,34.850594,47.608604,82.93201,34.63521,75.38063,56.638668,57.729053,256.52933,79.70747,35.458702,41.500645,69.73003,25.494484,65.83525,72.0234,Attack
37.46449,34.57724,38.33547,31.555027,55.185448,49.20562,77.18707,32.290165,210.79953,25.095716,54.558475,20.831537,42.28917,19.552237,51.04342,48.961967,28.20671,55.709663,235.52736,26.386145,50.936867,22.250069,68.75114,61.62868,26.346313,51.322422,70.47677,55.710934,22.56716,9.9569435,33.942883,68.82942,27.73296,60.551613,27.08817,31.256186,31.560629,48.511738,77.87749,27.279905,74.27138,61.065224,66.33047,263.79358,83.539215,36.82161,36.851036,67.44745,16.65409,63.86433,58.724754,Normal
29.120173,37.88843,40.601006,41.13891,51.756737,51.548813,78.67937,31.907314,208.22308,21.832558,59.690365,37.70962,42.208153,33.376167,54.395203,48.605507,25.78063,58.983463,265.18854,25.395115,45.353817,32.77351,66.24972,61.84047,19.829239,42.372643,61.88509,51.49309,28.958572,32.305927,32.62536,59.385048,29.355917,68.679565,25.947653,31.871822,34.827988,51.03974,75.37227,27.012196,80.4403,56.88282,53.109238,268.00452,76.150604,35.134872,38.510086,67.97537,12.0930605,69.59214,70.74894,Normal
38.053417,35.109646,36.500786,48.71859,52.574215,48.488293,72.61219,30.78224,215.87392,14.441158,57.565033,36.084366,34.39577,28.528212,53.50948,40.864063,22.651892,51.218884,268.5185,23.782557,49.1954,19.217781,71.315,62.877712,16.247078,57.8162,61.247063,57.366634,26.994335,22.424835,31.503317,57.776566,21.413368,63.30651,20.778395,29.289114,38.921688,60.305775,76.19396,30.403675,81.36974,59.309647,46.74768,265.8024,80.88356,41.236816,36.608917,62.87981,29.577446,69.15174,64.354256,Normal
43.309643,30.538145,42.860382,56.54002,41.588646,58.056625,71.496925,31.63948,199.88556,19.986395,55.198647,24.747454,35.084007,34.245876,62.884857,53.3218,20.413689,60.660645,231.69652,23.15355,41.027073,26.887096,73.4323,65.10352,20.52201,41.59319,70.53911,59.14991,19.857536,25.442247,25.374546,54.42024,24.689322,63.371933,23.159018,30.53355,45.722477,49.97211,82.6109,28.477444,77.496704,65.7578,56.343575,248.69469,75.5102,39.418793,30.824568,65.58141,19.747997,76.48495,59.123337,Normal
41.224983,29.230583,42.963398,47.311924,48.325996,62.049816,70.772865,28.802229,222.16774,26.84343,56.915737,23.57736,32.583313,30.816471,41.472332,46.42522,17.07392,54.693195,261.6721,33.50751,44.763916,24.40073,73.33858,56.48674,21.94419,42.40815,59.717728,59.41321,18.492481,12.355761,27.842894,63.141037,20.671309,68.98317,21.939775,27.655993,46.41256,59.666832,75.073814,35.06766,72.990654,66.60408,65.59026,259.42224,78.58572,36.830643,46.362183,61.875233,29.959518,71.94148,66.71769,Normal
37.601624,33.18348,43.84994,48.384212,70.00034,57.54416,76.747055,31.774574,210.8189,12.731801,61.66309,28.49423,50.72886,21.219122,59.271603,46.12571,24.848225,49.78533,252.0075,22.509447,50.764683,15.643019,71.65407,58.28412,21.241814,45.719006,64.29028,54.243385,30.739902,28.924742,24.742508,57.992744,26.619055,66.571434,25.401361,26.861095,36.806797,59.86655,81.71287,33.872246,71.98198,69.0859,44.96723,270.35547,66.615814,31.37369,33.507698,62.839077,19.469028,75.98366,64.57206,Normal
53.817135,35.03071,37.259083,37.015167,59.298004,43.19488,81.48967,32.167614,204.63782,25.775515,53.19595,26.244303,41.3533,13.623091,62.404675,51.525593,20.166605,50.64526,241.28424,21.42603,40.91636,27.845121,81.84767,62.631622,16.885807,46.000706,67.02636,59.687748,20.39922,16.163038,25.435463,55.6664,27.235079,73.708954,19.749245,22.724367,32.410973,53.484127,81.77801,30.712677,76.13385,59.12141,57.945995,251.78442,76.97257,32.94696,45.561707,66.50975,27.694555,75.91758,65.06966,Normal
32.9889,30.792927,38.919514,52.17724,45.123203,58.52255,79.80059,30.629261,212.64684,23.033941,57.465595,32.023262,34.77724,19.877743,54.283092,47.020817,25.353874,52.977325,247.931,26.098516,50.852226,21.641085,72.22295,60.947033,22.513077,47.420097,63.39397,59.302895,17.63143,25.41341,34.470493,60.617126,30.759209,61.59703,17.138868,27.028093,36.686012,46.161327,75.89901,24.182285,70.065765,65.46778,55.492954,276.0722,76.086815,30.23368,26.43195,64.84244,23.744577,79.42824,55.250317,Normal
50.867348,25.261904,35.75315,50.376984,58.718513,53.542015,73.80104,33.166557,207.60374,25.452555,53.661755,22.647257,34.655724,33.233192,59.35501,42.958824,18.741138,60.418156,268.86618,23.339275,53.341785,23.471094,80.97078,56.751247,20.88704,45.668663,66.066154,56.426876,22.314981,20.181992,27.891617,68.90981,27.59189,68.51281,28.351822,25.07207,42.870438,45.218494,73.43194,21.81325,73.50358,58.21069,53.834908,247.31158,77.01313,38.16747,36.376385,65.184845,15.309314,68.876114,69.185776,Normal
42.14198,27.93099,44.276443,57.192856,47.524338,52.090866,70.81022,23.985891,209.49231,16.274439,56.638466,28.857471,43.835754,29.764181,58.227283,51.996906,26.843164,47.87355,251.17126,31.92409,46.82558,22.914349,71.12662,57.439247,26.30553,45.83225,61.629402,55.22674,17.731115,17.718515,28.09488,69.07033,26.59308,72.39045,25.157898,34.263287,45.444412,54.968803,81.95064,23.37175,78.76415,67.716675,57.69359,258.29144,73.36151,29.306831,30.2168,64.92591,22.832613,72.418365,69.027374,Normal
42.755985,25.633701,39.09638,50.605656,49.029045,49.650978,76.08739,26.148018,205.19255,24.504477,55.93609,25.054996,42.471,27.434671,55.39204,53.85151,27.93211,60.001785,241.17505,29.100893,42.003452,19.168148,70.615906,60.54716,24.52318,50.657436,58.47288,52.602474,19.435606,18.092873,30.833712,66.16847,27.579071,70.940346,29.706602,26.870243,32.293163,49.349102,80.947876,27.23736,81.416016,68.36521,48.266266,255.40457,72.7528,35.148155,31.968752,62.170486,15.556334,73.45838,60.831837,Normal
40.436626,24.06041,38.411945,48.41147,55.228416,45.127926,74.05266,26.293545,205.10194,25.372398,61.294945,29.72012,38.17673,28.117813,59.29217,50.50526,27.085388,57.92948,263.169,25.196297,50.4692,25.521263,73.98097,56.64644,29.188892,50.522846,58.395924,53.385223,19.878006,28.30792,31.497583,59.926773,24.253418,66.694466,30.272547,32.474724,43.652256,49.367607,75.3562,26.948664,81.606064,61.48334,53.274494,242.58612,69.73051,35.965115,47.930733,70.86373,20.054558,71.33342,61.277264,Attack
31.99042,33.13162,41.470295,57.019825,54.653988,45.12897,81.71398,26.813915,227.90828,22.427116,48.185833,24.85547,40.19246,15.392073,60.652355,53.31742,24.043098,53.994415,251.33908,23.243607,44.712307,33.32991,76.11465,54.275684,20.609781,62.634087,67.73061,65.56538,16.976192,18.621492,24.444736,55.147243,29.396276,74.69321,21.78046,35.18284,43.229866,42.186527,76.257095,33.049362,81.61974,55.076256,70.69491,246.36298,69.53734,39.485638,43.706207,59.72096,23.701145,77.11398,54.972305,Normal
33.14054,31.489672,37.02656,54.36563,57.753616,57.359966,71.23441,22.992832,221.40825,20.85077,58.39637,29.08742,43.517166,27.727379,62.591522,49.813152,29.202026,54.801308,221.81384,33.10045,51.719208,19.949318,65.270386,58.76416,27.70912,56.233315,62.1391,55.627716,19.666859,25.839033,30.521782,52.31738,19.430712,72.700066,24.013384,25.069794,46.247425,59.77203,75.59696,21.329454,83.72755,58.25743,64.98697,260.19513,72.99158,43.14027,37.23081,66.41589,19.283794,78.86153,66.11082,Normal
44.600277,33.43783,40.784565,48.95271,55.804955,52.6719,71.63087,28.067616,209.93828,15.558181,46.989075,36.457726,38.498688,31.368624,52.03705,50.38151,7.3459144,49.4779,225.84055,31.489998,51.032032,15.788716,81.29792,49.337418,22.979027,43.134865,67.17183,63.749588,17.2584,26.87067,21.569506,67.711006,25.814997,71.4483,23.165545,27.498032,40.24393,45.294693,79.66626,27.539326,79.97587,57.699738,55.61101,258.8525,83.36752,38.728252,40.62069,63.920635,16.908442,67.3863,66.20898,Normal
40.045036,35.600487,44.815323,49.923378,56.486485,32.11848,81.19173,26.425482,206.29195,15.587996,53.043045,19.548529,39.879078,18.26225,49.420975,46.878864,13.044455,48.775208,251.69434,20.388813,51.77001,26.980827,76.74525,65.50683,24.67186,34.715073,66.30942,61.079567,23.57977,12.353747,33.728104,57.253063,26.633198,59.078255,26.831125,29.16425,41.45621,50.86432,84.43933,30.898008,78.894,66.8136,54.39319,251.09683,74.257965,35.69699,42.655827,64.02391,28.399872,73.14584,58.516087,Normal
42.43351,28.243984,35.502342,56.526592,61.324913,46.463245,77.71911,31.834553,212.66522,14.654259,52.833523,30.460394,47.726604,20.981886,54.45863,44.184765,19.903969,50.30758,233.48047,31.271013,42.31031,24.248184,66.25723,66.69677,16.149044,54.28789,63.134552,61.759735,23.303299,25.658218,32.201294,49.150753,31.47023,56.855286,23.931358,43.590775,38.35687,55.966305,73.23012,28.900156,74.89979,55.868355,52.1836,255.26062,80.64392,35.722897,31.739357,67.01736,21.202675,71.691734,63.748486,Normal
49.26972,36.81353,40.232456,50.215263,58.69037,47.32634,70.86437,26.818233,217.17995,26.33559,60.83838,17.981583,40.754913,31.464497,63.07272,46.210545,28.089344,61.153473,262.1347,31.093962,43.78347,28.68566,76.39581,61.85035,23.46542,50.179848,64.80132,53.719894,21.493862,24.096737,31.077534,72.06981,23.680101,70.72385,32.880287,42.797836,39.936386,65.61024,76.753426,28.634644,75.443344,62.715122,54.83102,261.94598,81.71427,34.664795,40.990097,69.67686,21.227575,75.87582,68.65874,Normal
39.840324,33.275528,40.716457,53.932983,69.76401,49.066345,80.31322,30.218359,222.47234,16.740313,53.89705,27.808636,37.44246,23.628542,49.523464,44.407185,18.904985,52.51877,295.64215,23.913118,50.192585,23.661272,73.47729,60.21648,15.339804,55.72458,71.652824,59.083622,12.861154,26.918388,28.874678,52.406124,26.765795,73.4551,26.572065,29.211021,42.76089,62.06344,83.03171,32.594593,79.672295,60.72354,49.990936,240.33566,77.3106,34.512173,39.057213,71.54827,14.382331,67.51261,57.447258,Normal
47.750156,34.75959,35.641136,55.34147,58.362854,57.424835,82.377106,27.94011,215.56207,19.499762,60.422337,34.752647,37.1345,19.490997,53.509346,54.18566,21.205982,58.092987,258.1881,24.560493,49.334496,25.273546,79.293045,59.09239,29.542767,55.318565,62.337154,48.412037,18.97214,21.822248,26.700026,64.264,31.584356,66.53431,19.104458,32.819477,46.80871,53.18047,72.315414,31.588465,78.15091,61.309223,52.17811,281.82068,69.12735,36.374763,45.742283,68.908676,30.570192,70.67127,61.65785,Normal
39.28761,23.415102,40.35714,57.102776,53.347748,57.303646,73.890594,28.88636,223.98912,19.160751,55.017467,31.530285,41.153427,30.643448,69.27431,51.788654,20.386904,49.852203,245.94823,23.25821,42.073833,26.017553,64.592026,65.66687,21.902384,49.32341,67.741714,67.253685,11.613011,15.379208,24.14174,61.364357,21.15724,58.962685,24.58184,25.567509,40.500755,48.987457,76.72487,33.519424,74.71457,61.21035,58.65202,252.1666,72.29693,37.657715,27.464817,66.159294,24.893791,75.77873,65.55885,Normal
50.154778,29.278667,36.60172,56.773483,61.12682,51.495182,78.19434,23.953413,224.66345,26.433102,59.093643,37.188213,37.79782,25.411345,49.676765,46.289803,33.46203,57.834354,254.49326,30.093548,46.764572,20.6363,72.71872,55.77911,21.884869,43.157764,60.129837,58.236847,17.83697,21.649105,26.008114,70.13652,29.42178,60.343273,12.410687,29.722591,34.09055,52.451885,81.72925,23.242275,80.0082,58.26901,53.611496,260.4276,82.075554,29.877838,32.12532,66.251175,25.072725,74.65378,59.174747,Attack
36.71075,31.519695,36.58234,47.23214,64.47294,58.08105,79.970535,32.30682,216.68872,23.335032,49.144295,29.444384,39.9978,26.49449,56.183765,52.073906,16.381649,56.812046,223.4179,35.49606,45.79655,22.051373,66.322334,63.947803,15.758579,55.400524,66.129616,61.64706,15.033848,18.449387,30.74367,63.83953,30.443388,69.02893,31.237095,39.641064,37.086235,41.329597,80.85822,32.58794,79.64125,59.099403,53.38106,265.049,73.55884,41.086597,36.349106,60.969425,22.525108,70.21631,66.875755,Normal
35.882313,34.27298,42.310623,49.757336,59.07512,42.40322,73.09053,27.658966,200.60986,22.090979,55.867428,32.91361,45.35633,30.860905,54.06129,41.93034,23.547325,61.64404,246.9833,23.142895,44.320744,21.208963,72.32108,61.61743,24.203463,39.766747,69.253944,54.473293,26.824049,31.4494,27.670595,63.714195,20.391586,74.52098,23.258156,34.873436,38.750263,57.7501,81.20793,22.598618,75.99691,59.09177,47.79275,270.2151,75.749115,43.682285,43.989983,70.96828,26.119234,80.18311,63.794178,Normal
43.650505,30.581383,41.316788,48.704502,57.040394,55.10394,78.755775,24.025314,221.18808,23.255625,56.05512,36.58673,37.101486,22.727316,68.0445,46.024036,19.726215,57.6448,255.14067,34.11882,44.04752,19.274117,63.669456,51.53072,30.065125,38.070583,68.447205,57.315964,23.26161,22.682058,32.713734,58.670372,28.785036,67.124825,29.278923,30.860222,37.77462,42.35691,80.61424,25.054651,84.42207,62.742783,62.782486,258.49442,80.95441,38.923088,27.603258,71.538246,17.290005,69.74469,61.999565,Attack
33.54646,32.595314,43.294334,48.431595,54.66407,57.20011,77.15012,31.331467,225.87863,18.671293,55.10715,30.253836,41.027985,22.068123,59.301327,46.2752,14.941572,57.200302,242.51741,27.885431,50.944096,32.99894,68.526886,62.624424,22.32548,52.144974,67.459496,57.660686,25.023478,22.223282,32.04335,50.859863,27.30237,75.21598,33.542393,31.979242,43.92855,62.109177,75.12138,33.749477,71.87429,58.591503,62.94513,260.85098,78.808754,40.83505,36.43659,65.805916,23.291624,69.08685,65.00029,Normal
41.041504,29.895481,37.16022,54.373283,58.47592,50.905243,77.32947,24.5575,224.45454,15.976659,56.07361,32.141106,40.97542,21.700552,56.258396,44.374523,19.035353,49.795498,258.88004,24.235504,45.504246,27.78896,75.55184,55.56012,19.80267,40.42206,62.241543,49.44716,13.961622,22.45889,31.40841,67.23807,30.318483,60.873356,30.49212,23.347095,36.795162,49.31934,81.908356,27.550875,78.79431,56.447662,49.758575,260.8134,68.27628,37.466232,39.37478,68.846344,25.728073,76.637794,59.264427,Attack
39.31598,35.51244,43.392944,49.303654,55.455215,43.689304,74.930885,30.16576,209.278,21.433947,63.33639,31.637138,40.089714,20.304184,62.730972,50.51736,20.833183,62.01144,261.8556,27.460318,41.35968,24.600182,66.46819,67.47367,24.932735,44.69864,61.052437,51.06766,10.347033,25.541979,32.74607,66.991684,26.718765,67.673355,29.231993,25.402752,43.6555,54.557625,81.105255,28.901398,82.15135,62.972073,58.883816,268.12488,78.84909,29.693779,36.163315,67.80289,26.584604,64.11833,59.259895,Normal
41.429516,37.178986,44.94278,46.216038,60.318172,42.282074,70.6263,24.618954,222.2045,18.576143,49.572372,24.6449,41.076965,30.953117,52.703617,46.831253,25.09468,55.097935,266.45227,25.919012,51.83804,21.489153,75.35828,67.58596,27.00906,47.32723,72.62084,53.279076,29.37569,36.900444,33.737156,57.011356,20.838736,61.22955,19.3448,29.606333,39.46589,49.843582,74.52674,35.735645,79.38401,62.276585,59.55334,267.97937,78.02436,29.353476,44.2191,64.984924,30.051048,66.59321,71.30173,Attack
45.28741,31.407516,36.47606,50.764545,56.69933,50.465076,73.94941,33.030437,242.0192,23.97423,47.75962,33.51672,42.740032,19.503834,52.547726,40.236267,16.970346,52.296932,260.10236,24.197323,52.406345,18.961674,72.47092,60.435574,16.94503,30.783106,63.124783,55.8371,17.639574,16.116787,30.413889,64.608536,22.14854,61.099236,21.180784,27.365606,33.044712,50.685642,84.249275,34.386707,74.44377,60.0254,60.81585,265.83292,79.134766,36.334286,31.971315,63.69952,30.413046,70.80402,62.819614,Normal
42.1209,28.068163,40.34723,46.560738,53.87022,54.180275,79.05075,30.951893,236.36823,28.183731,52.92863,29.156939,38.197937,22.57808,60.844193,48.938046,21.905636,58.76049,240.06213,23.282194,43.88125,22.328604,75.222595,63.4012,28.379723,40.100006,64.61094,58.993385,13.029721,24.475163,33.2921,55.310696,28.11668,64.586075,23.476286,36.176773,32.025524,43.491222,79.37741,31.745377,78.80589,58.25987,55.641182,259.92532,73.610794,35.5912,46.23018,70.82282,33.024643,73.87289,59.24076,Normal
53.406258,28.07757,33.090572,55.041317,62.412014,48.244743,69.67321,22.196445,221.50858,14.012913,54.82663,28.263004,46.146942,31.261734,50.19168,52.605797,30.908497,51.400764,246.53021,26.488104,44.109615,24.227722,81.23463,55.324486,29.204882,48.418854,63.065556,56.50395,13.517463,18.692184,28.85504,53.137276,21.965567,55.898758,27.408813,33.56006,31.268421,54.887466,75.21649,30.759214,72.13398,63.823593,56.142075,276.38965,83.00368,36.22488,32.61244,70.63818,23.995365,74.06006,63.213585,Normal
54.166492,29.282095,34.634716,55.031662,53.40644,50.500034,69.394424,25.925625,206.40483,19.46629,55.744026,27.152287,40.545925,24.779318,50.088013,46.210377,19.895195,55.143215,239.67383,28.563093,47.210712,12.893381,76.00942,57.99644,22.852606,36.408714,65.83697,61.10876,29.537687,30.568058,32.79925,67.96837,20.800945,71.10761,21.343811,32.397034,39.999683,41.889015,82.7002,31.22281,82.31302,61.943695,57.87846,251.03592,81.89249,36.60301,44.241287,61.616764,23.770441,68.70949,63.530342,Normal
45.450817,33.55974,34.197147,49.996063,52.16365,52.84961,79.17891,25.653639,197.79735,12.388748,56.83567,37.060375,34.865223,21.351725,49.072407,43.536392,24.523071,48.268936,236.63539,25.988281,43.955257,22.440805,68.86316,63.149128,20.449167,52.445034,57.87507,56.381775,18.945473,18.327429,35.92866,65.12855,26.76326,63.043594,26.536716,23.356178,36.4115,44.12894,83.41271,26.564375,72.778046,60.635025,63.169674,260.88507,76.84802,27.23115,44.397816,67.32438,16.195486,73.64415,59.262444,Normal
40.323833,37.03216,40.181137,42.751945,62.523926,51.132298,73.54893,30.356443,206.09222,24.19113,52.201614,33.51378,39.049656,27.56369,48.852077,44.97844,21.129671,59.23239,240.6451,22.724617,42.208134,26.317205,75.73771,57.753548,13.774853,40.26827,64.31552,54.86265,11.778296,24.80654,23.877783,57.19109,20.386463,71.28245,29.836357,37.66221,42.10773,50.87103,74.85915,31.994173,80.24178,66.2829,60.169838,270.0779,82.52339,42.75229,38.84026,71.586075,19.551483,69.58559,67.1912,Normal
41.03091,29.408012,42.346848,55.345284,43.257893,43.9042,78.680275,26.103878,214.90111,15.432434,52.363686,30.528374,34.283447,20.357931,58.043194,43.22047,32.10903,58.08157,236.29463,27.548265,48.314274,32.308346,69.835335,62.845615,27.563969,58.521667,64.94366,63.215443,14.340285,31.369236,30.310604,65.03156,30.270828,74.067924,20.03041,28.585657,41.903915,55.501644,76.08217,33.47054,74.223145,62.954025,45.908028,258.53568,71.498,29.145247,36.595932,67.40872,20.724669,69.61598,56.93334,Attack
40.190258,36.85035,39.28677,56.42744,69.58193,47.95761,78.19191,26.743858,201.43114,17.529406,51.986042,34.67831,38.908375,20.45667,47.733955,49.94765,12.52465,56.848396,235.97986,26.290209,40.439285,22.617393,80.79347,59.45121,29.702782,49.190636,60.456196,61.11581,26.844648,32.668026,27.70353,59.326653,28.551815,62.250546,26.097095,34.842777,34.789387,43.989605,72.90772,34.09528,73.997284,60.413586,58.019733,257.50146,77.58018,36.601414,50.724625,73.2699,21.902256,74.4562,68.86302,Normal
43.10616,36.382866,42.01775,46.00391,51.328377,56.919537,74.87376,26.191095,216.61066,22.999344,56.497253,30.0845,46.608288,33.14817,54.107513,49.737995,26.58338,54.052517,256.3921,31.691412,44.767216,25.721506,71.72495,51.782467,20.390783,49.990265,61.732635,50.773357,17.310297,18.483221,23.382605,72.60197,23.060064,59.557568,31.469177,29.551455,43.92887,46.83114,75.92526,32.3251,75.04126,57.22207,58.986237,260.19177,73.86596,30.617775,46.225903,68.05983,25.633505,72.69722,66.47198,Normal
54.698612,29.879404,36.060684,46.455906,51.881935,44.037643,70.38689,31.956766,213.60051,19.159128,48.829285,35.932613,42.909622,33.009075,61.152554,50.881535,6.9597178,54.15224,236.14865,31.184265,44.81509,18.458712,81.82029,57.171272,26.974533,40.254898,67.198654,63.85857,23.71151,20.495283,34.498333,60.950333,26.866955,69.09864,25.427544,30.219017,49.518116,54.834003,82.43893,34.502983,73.91265,67.08619,51.936165,249.49948,81.69999,26.474863,41.468956,64.61914,18.137068,70.16343,68.08253,Normal
43.330593,36.316017,42.270996,50.675674,49.927677,57.67831,78.16046,20.719948,221.33707,15.654713,54.81321,41.871193,40.74992,23.055622,65.61269,50.238983,30.843624,48.3704,247.8271,29.118288,51.222275,17.000729,69.48017,63.951668,25.039154,40.808643,59.241566,55.119232,14.754916,22.649471,34.525017,52.93857,26.521626,80.24041,27.06841,36.971138,45.19068,55.861782,82.24377,34.542377,80.27001,64.4695,54.30853,270.5866,73.94247,32.99631,32.931293,63.693523,23.633959,72.0715,59.526722,Normal
37.290577,38.443565,40.61124,53.208042,58.987534,51.63796,81.44273,28.05339,232.2034,20.42106,53.356518,33.980186,29.91395,22.294514,73.40557,51.35365,25.547668,57.012157,251.5288,26.089895,41.528862,19.78973,79.62426,61.79229,22.68014,45.364105,68.96779,60.310154,31.343813,24.230371,31.740423,69.171684,30.365902,67.62713,25.031525,29.103413,42.693626,55.38593,79.044815,23.493446,68.81502,58.534023,65.62039,257.54886,73.299515,32.27529,43.66458,60.5117,18.618017,72.65124,62.52769,Normal
48.249332,27.04244,30.049198,50.216618,49.58265,45.396267,71.83619,27.78171,211.87445,18.17931,54.34337,23.30334,40.622723,26.353546,53.475895,43.74944,23.57381,61.435772,239.94061,26.406809,49.039978,23.137245,68.99218,60.395885,23.236925,44.570797,66.544914,57.934254,23.123043,22.625572,34.353905,60.147522,23.4336,69.93805,25.6311,28.626097,34.559113,48.326427,82.14439,29.948786,75.74775,62.85806,57.45981,247.9219,74.701546,34.978878,39.535164,61.780598,21.270426,70.11431,63.900536,Normal
45.512993,35.002094,42.414837,49.490826,53.260136,42.80324,72.03852,21.18925,228.37378,18.58278,52.001556,28.769094,32.320667,32.18787,65.90169,50.38601,22.941772,59.888462,254.08746,25.087381,48.883823,23.958076,65.77046,52.124477,26.09184,37.993336,59.714455,63.430748,30.66539,22.274235,24.662863,60.238434,18.69578,63.328094,24.14774,34.61031,45.57376,60.768654,74.58647,32.9626,76.67587,60.62707,59.392906,290.82947,75.826454,44.99654,45.5158,64.51202,19.397333,74.29161,65.73076,Attack
51.986088,36.40959,32.477043,44.144245,50.644787,39.601547,71.311356,22.80954,205.65082,22.424274,48.677666,23.054583,40.49942,24.993294,48.502937,52.81028,22.508326,58.874096,247.7723,30.956087,48.82944,27.981274,69.1989,66.35001,26.529324,49.11735,60.83534,63.13902,26.642744,34.15376,27.771248,61.77357,20.723204,65.765335,32.13632,33.602787,35.983578,67.18911,82.72244,34.579742,79.59852,58.242146,64.899925,258.30756,79.632866,40.51765,33.803856,71.50158,18.094593,66.90987,70.56325,Normal
30.157751,37.802536,43.662468,45.96578,51.376442,48.64772,77.45234,31.290215,202.38318,16.389309,62.706818,38.292957,41.832394,21.009079,50.593487,45.163136,21.16409,56.79411,238.59013,24.603144,48.093086,26.943153,72.033356,69.20775,23.416286,47.960266,63.13712,54.62424,27.139336,21.684902,30.944845,56.132973,25.667076,77.74404,25.150171,25.78311,40.816544,52.02209,74.21618,23.807653,76.24262,54.628517,52.811977,272.3139,69.532295,29.363857,46.03109,67.80923,22.238642,70.31001,69.81011,Normal
36.48053,29.334532,40.235165,48.97896,60.422493,52.881226,80.22777,24.446428,240.99654,22.421267,60.328228,32.891632,41.315582,18.338348,52.41333,47.95774,21.76524,61.050674,265.41495,21.451601,40.4481,20.586502,77.18338,64.803215,24.195148,56.401855,63.065098,49.20046,22.38884,26.15717,33.547256,59.375298,25.350145,67.83125,27.436861,36.89669,40.443176,52.527645,81.5903,24.577772,73.80849,55.569416,66.33993,271.75378,76.94808,41.574867,38.973747,64.58676,18.88366,79.160545,54.832703,Normal
43.69495,32.06473,32.952293,41.985962,57.584297,64.645645,70.64957,31.205835,220.03804,26.215633,55.707695,31.242525,37.44789,32.242397,46.430553,48.77053,28.982132,57.596016,243.60461,21.445305,50.26999,22.860476,72.33462,61.92346,23.742111,45.38455,71.75599,56.961315,22.19885,16.111736,32.43956,65.59951,20.197247,74.9102,28.72036,33.0974,44.365524,61.906036,84.34558,29.519894,86.98403,61.118057,62.038406,275.13672,74.63193,33.478436,29.538713,72.68056,28.902508,73.90362,64.514915,Normal
45.054756,38.367737,31.912315,49.70333,53.34899,50.235,73.08364,31.916334,209.78284,19.555859,60.194107,37.622334,42.36849,27.98689,50.746014,45.641083,26.225502,53.2172,242.80571,31.196108,45.679966,24.182163,77.29453,57.199863,20.16857,52.85891,66.15743,56.61164,21.813698,27.533518,24.697626,60.76952,18.30875,59.460274,19.330484,29.78677,48.870308,37.966,81.64332,35.017345,79.11344,60.601555,66.449165,254.83965,76.938484,36.255318,39.256195,66.65438,24.685703,73.484726,60.027527,Attack
41.468258,33.460228,34.394096,48.392216,52.265423,55.532345,76.391304,22.319418,220.4646,17.455807,57.762867,35.195385,41.498306,21.483152,61.640705,47.821224,26.416836,51.275997,256.55908,33.305183,41.948166,38.434166,70.163445,68.07072,19.163193,52.47814,57.176083,55.47017,15.209684,23.123262,34.25463,64.28019,29.958517,66.344826,24.27784,36.397152,46.862717,43.68943,75.82937,24.030334,73.14235,55.721622,71.31543,256.32477,84.13752,29.849464,35.77604,69.239655,30.321665,81.32558,57.840908,Attack
44.00568,31.644268,34.07342,61.34112,55.09338,53.954914,73.005356,26.89343,209.58124,29.461378,48.792988,24.670757,38.071968,24.528807,57.539482,40.61057,32.065567,63.22734,232.352,22.157297,50.712135,29.9164,72.19122,62.623894,28.353493,53.85227,60.79476,59.903633,24.936615,26.840487,32.449295,56.748188,30.43136,71.32979,31.226875,21.627533,36.67457,49.79497,76.453735,29.439674,73.7081,60.743793,58.342922,255.83002,71.2472,37.85364,42.182957,61.644188,31.652252,76.09349,68.66376,Normal
57.47074,29.49102,39.091488,43.02363,52.606842,40.01619,68.956055,27.005419,211.66087,14.871791,57.984646,25.864891,35.10413,28.239773,60.81461,42.5101,25.047848,52.846176,232.63622,30.306625,42.110588,29.459524,71.57229,56.32849,21.913815,47.468376,57.17539,58.438694,17.536692,19.838614,32.08038,60.88874,22.391987,70.36963,27.395727,28.678305,37.01779,52.556087,79.63851,22.367115,79.159935,66.87471,59.739803,239.01923,78.29434,34.96054,50.88614,64.286545,26.841408,75.20666,64.497154,Normal
39.483284,37.888344,33.808933,48.98266,62.833294,49.607697,73.10241,22.42654,221.53964,15.332864,49.474094,34.076157,39.352234,26.320642,63.690216,50.832924,19.295504,52.09142,256.88702,31.1479,43.137268,24.898544,81.7249,61.560078,21.278986,49.64035,64.94755,60.487064,19.631285,28.113552,33.54975,59.861115,25.533445,75.20529,31.27386,36.140373,32.800056,50.89938,72.654,26.231167,79.64803,63.587517,66.29036,257.68176,79.30237,27.806211,49.380688,62.285572,24.2116,69.77483,66.41148,Normal
33.954967,29.016165,43.905567,57.696686,62.9604,44.46103,83.44556,27.122023,211.23038,22.98977,56.53744,31.479946,47.522823,21.730667,63.473557,49.344265,26.527647,62.554203,240.88086,23.45063,41.95327,15.520094,74.76622,72.87224,21.656578,56.62623,57.42895,53.393074,24.337437,27.855679,32.137016,67.95978,23.318913,68.70194,28.522442,36.644157,43.76127,57.123806,76.28343,29.78264,69.84732,59.274845,57.028957,252.89044,68.5431,29.77936,49.72277,60.8577,32.7619,75.545074,61.079388,Normal
41.80653,32.061665,42.004616,48.285828,61.7616,47.347744,69.88678,30.600515,236.54785,18.51667,51.427933,32.943153,44.31197,33.08128,46.985325,51.634106,20.394144,49.24426,264.7542,25.489319,46.70683,28.115925,63.093437,56.684708,25.945446,49.06067,61.83075,63.473236,21.000446,29.25251,34.16179,65.342514,23.45962,60.58868,31.030493,28.835003,36.964153,55.780373,79.1373,29.669558,70.23107,62.611458,64.16368,246.13235,76.7715,30.216608,37.71382,64.85959,15.861368,75.74301,64.7586,Normal
38.00943,36.54437,35.23807,47.474583,57.631092,42.52413,71.34301,25.832912,213.93631,17.422628,58.28995,27.947323,34.121773,30.468433,61.515728,39.86551,21.023327,53.187225,243.9045,28.849934,45.32576,15.507964,73.64775,64.47421,21.770582,49.90309,59.067474,53.20441,27.00659,34.118526,24.838036,58.599487,22.025196,67.77391,33.08933,38.4884,35.75095,58.481995,76.76609,26.35441,74.84478,68.04228,60.551136,259.34735,80.93315,34.08103,35.174187,63.566475,23.866322,78.93317,60.09702,Attack
35.161373,32.714752,40.184216,48.471054,58.90998,53.71097,72.44322,23.242544,210.31006,15.104696,60.12826,27.079567,39.05008,32.244633,47.798008,51.26797,16.611158,59.479233,242.23743,22.529194,43.129677,25.972721,66.00945,56.60296,15.423399,50.1936,64.9251,53.540775,24.460321,27.533936,33.931927,68.26184,22.290152,71.185844,24.817028,34.897373,34.12319,61.20266,72.969124,23.98763,73.144135,63.850918,61.360283,258.77026,81.453766,35.01902,35.091656,62.106503,18.674883,69.980354,63.91739,Normal
41.50511,26.851736,41.87531,59.468914,56.72549,49.741547,79.78146,26.062696,219.33154,10.682941,61.579067,33.87053,31.949354,24.470055,60.6115,48.948383,23.86525,51.965,228.92612,30.484545,50.311287,25.816393,74.609825,61.243958,20.616795,41.995747,67.41651,61.74818,18.884104,27.79616,33.034473,58.477448,32.80997,65.105774,33.09554,30.563892,48.931305,53.047653,78.806725,27.760862,73.83362,61.567802,58.89315,256.251,70.613365,41.859344,39.69932,69.68156,25.660603,73.13512,66.683975,Normal
46.381462,27.900028,37.72477,53.43211,60.384914,47.503708,77.00411,30.134563,207.64993,30.81501,50.747894,26.98904,45.711193,31.847588,55.055866,52.36527,22.212719,60.364384,268.17178,30.809301,50.174744,19.19752,79.669914,56.825813,20.99766,32.42534,66.06955,66.83564,28.807312,18.261446,25.85662,68.008736,27.57561,62.324272,26.132195,32.960876,48.365265,52.44764,83.47622,28.861296,72.9513,60.10493,63.41663,282.66638,79.11225,42.14931,45.55798,62.645977,18.75484,81.124855,74.94374,Normal
36.66662,34.919624,36.75694,52.95793,59.539856,53.565918,78.839615,32.67188,226.85553,22.83287,52.5862,29.784575,43.781815,21.220373,55.189182,45.49973,25.185287,55.32569,265.8421,22.914824,44.048817,16.995838,73.96461,47.81395,18.180292,56.62266,58.46674,57.466545,24.449244,12.353948,24.22715,67.88443,24.977358,72.46361,29.808874,31.573631,41.713543,54.7124,79.725746,27.964993,77.10932,57.536148,62.27014,271.51883,79.96653,31.87659,29.54282,70.77474,34.165276,74.992355,55.605354,Normal
49.046886,33.48435,33.893295,50.140255,50.10641,49.283066,75.64951,22.372175,217.42004,29.642715,61.1803,36.044895,34.456448,16.522228,68.93562,52.680832,21.267134,61.648365,279.5349,27.155197,49.14607,30.04103,76.88745,59.40599,23.904114,44.631546,70.48374,53.426804,29.28256,26.411856,29.50886,55.034878,32.267048,72.43793,22.813734,40.17527,36.171154,63.101536,75.10339,33.357098,75.63379,61.897556,51.254837,276.09433,71.58305,38.94039,40.740868,69.279015,28.747616,67.95328,62.738415,Normal
39.307663,30.902319,37.455944,43.96136,53.222794,51.634758,75.94789,23.772406,203.11162,24.265173,56.149376,32.415405,34.186954,25.476,55.38994,49.959263,30.483173,59.872116,233.39046,25.650377,50.500946,25.549994,60.41467,58.776684,28.399172,42.09301,71.694,43.393032,12.973441,25.353634,25.685303,58.75983,22.127947,65.836174,22.486158,24.08147,46.73275,61.185753,74.343315,26.676247,74.87368,58.43116,50.4258,257.22675,83.85807,39.504105,32.86605,61.354935,27.244852,75.8263,61.08926,Normal
36.40855,30.6233,42.06302,44.29218,56.17287,45.08179,78.01167,32.273228,206.1487,18.12525,51.47729,35.606346,32.514187,27.825378,56.100624,50.78703,15.780854,53.113377,245.42435,21.997938,52.1634,21.3471,75.22311,48.5807,22.496622,62.331993,65.14336,59.79354,30.671406,18.618168,27.441446,66.28631,32.292896,62.309166,28.376955,25.60955,42.50143,46.26576,73.36966,25.553337,74.65837,57.986954,64.51337,246.78943,66.4406,35.43464,43.677937,68.37341,29.153942,77.48126,63.455338,Normal
43.11408,32.04269,35.250996,44.159504,58.640812,46.786255,77.43471,30.861296,218.36964,25.945951,53.42885,33.9886,41.06338,21.22314,48.525112,54.30264,31.659332,60.64343,243.0075,31.863207,50.50692,22.854412,82.946335,56.441772,12.58534,39.236073,67.68944,61.0981,20.139614,25.96483,29.78365,68.04748,25.087065,77.66587,33.354393,34.785877,42.162914,53.27473,73.20965,26.111164,74.40172,66.86458,62.870888,253.87152,83.67969,35.49761,38.11558,71.77405,23.099783,79.746635,58.516136,Normal
35.84515,33.237667,43.854977,54.487625,63.565052,48.46778,68.02257,31.911652,206.36195,14.060574,50.412636,35.45002,36.66377,22.962254,52.267315,50.919037,25.404825,54.220547,228.82135,28.562592,47.935417,23.470339,71.77328,65.54142,30.04846,46.141045,66.10412,58.244354,12.92933,22.037237,24.367641,57.424534,16.599655,68.77956,22.431112,37.396294,47.44431,57.838657,74.37037,32.359604,68.756775,67.75904,55.13409,251.0943,75.877525,33.040787,38.637627,69.09843,16.577518,75.80037,49.74781,Normal
56.045135,37.091545,36.2583,48.869522,61.574,46.840378,73.309456,33.3694,211.048,23.819769,62.252163,30.925743,36.01382,25.465055,57.806595,46.41504,20.245777,60.132107,243.25928,23.51797,45.02836,17.288055,83.57533,55.680084,20.970158,56.95122,62.244183,56.550587,24.405266,30.738836,30.873808,62.676273,26.751795,66.8168,31.426744,27.866556,29.201385,47.22586,77.404915,30.042328,78.92254,61.748055,55.117508,262.00986,71.659805,40.443954,40.31993,64.95074,26.134506,68.15935,71.731735,Normal
39.111694,34.46839,45.725876,46.643295,59.65227,52.05997,78.99939,29.215218,216.8415,16.596272,60.9909,33.23654,43.97604,22.865421,56.423775,45.96187,32.06778,55.586235,245.59163,26.631481,52.061344,22.812292,67.02446,54.37137,27.312508,43.376175,62.08892,53.80316,18.74225,22.847673,29.255056,63.9099,31.334164,75.79318,24.709803,31.035788,40.04312,53.391907,79.68701,29.53591,84.27435,66.70005,59.75949,250.19429,75.657196,38.86927,35.225033,66.540306,22.67763,77.70683,57.38838,Normal
34.902893,36.707783,42.846985,56.175484,50.473488,51.10607,75.00081,31.495752,213.85313,27.91656,62.30078,26.615158,37.831593,29.903837,49.42444,47.181156,21.032309,59.09338,250.15163,26.064623,42.219833,35.928864,69.39201,59.692623,25.750366,45.280724,64.331276,55.09465,15.67199,21.733316,34.59796,62.00363,27.250917,61.0789,26.438778,25.236963,40.91559,54.93071,82.546005,26.915577,80.35239,63.27248,59.020485,255.5213,78.68466,31.37038,26.102386,67.71194,26.091288,65.27495,57.189507,Normal
43.38493,27.429466,41.12054,54.402775,58.615517,55.031265,70.31085,29.566092,208.17609,24.17439,56.930344,34.53806,41.664173,27.396822,52.85628,42.223316,25.662228,59.21644,250.7786,31.241806,46.161083,19.970064,74.93966,54.455257,14.765523,54.446648,57.57899,59.565716,22.799297,21.440845,28.546007,71.18143,22.644379,74.57309,22.579988,31.025337,38.664505,38.84659,82.270164,21.712093,70.40898,63.333374,67.16571,261.1306,76.83125,41.532578,48.552048,61.33977,27.196064,77.998795,62.69306,Normal
49.30212,36.873077,33.2334,51.02599,60.35366,54.41353,78.87058,30.88727,210.05989,22.171835,51.17294,33.593197,42.81936,16.229155,54.275593,50.225555,25.555567,55.05465,241.68286,30.916042,51.0277,22.621828,75.710045,54.893898,22.810661,52.554157,62.150658,59.239784,2.01368,21.66687,31.305689,65.99952,28.29764,64.10844,26.435461,27.20228,45.246334,52.14971,78.26348,33.49391,85.99488,59.51657,68.50707,248.83325,72.53525,34.312355,42.82614,67.54345,26.68981,69.79512,63.73311,Attack
48.738373,28.325008,34.84444,43.550827,58.562263,55.223446,72.637985,29.90446,212.33603,24.322947,54.197166,30.92264,38.27906,30.458706,62.971104,43.00697,21.509665,60.70567,249.79266,23.056677,52.033062,26.406384,74.10449,63.359592,29.399855,40.099026,63.866512,59.13291,15.985583,26.210041,31.018293,56.499958,21.051077,70.79168,36.15849,34.18245,48.983055,55.73798,75.0143,22.868431,68.788826,58.722446,54.112614,269.82623,74.81718,31.007137,31.20849,62.99256,22.965382,66.58301,65.58463,Normal
45.757305,32.33698,37.91002,53.394478,55.097992,52.759727,77.5123,33.64532,193.96332,24.961061,51.169235,32.41519,35.239582,23.884218,57.226025,51.2147,26.146166,59.876907,249.26244,33.32221,50.997463,29.947037,73.44746,59.237152,25.384075,55.593685,72.11771,59.41874,18.761726,26.639444,26.29557,55.17976,26.97404,65.9893,31.06292,25.156763,29.116255,52.581764,75.8031,27.212242,83.20286,57.175186,64.66258,258.2275,75.407234,35.087994,36.130356,69.45952,12.016115,71.346596,71.12017,Normal
45.38605,28.990702,33.047924,59.38938,60.06179,54.61403,76.76611,23.433142,211.55737,21.300106,58.109077,32.43209,43.426044,26.209444,41.976593,41.08285,18.693153,56.90388,270.89392,29.471272,46.22788,12.58671,67.85693,53.644207,26.873503,44.280663,60.521698,52.199287,19.751757,18.494474,24.44855,69.20749,32.128544,56.371906,27.662436,32.65925,32.10728,51.07744,80.715515,26.407581,82.18186,57.576023,53.03546,262.68625,76.36636,29.38835,30.750525,64.00874,20.50477,73.2016,47.202175,Normal
48.468502,34.172752,36.128105,46.469227,62.88,54.74689,73.539185,24.899057,204.1277,10.81235,51.719418,32.32455,39.582558,30.917507,53.612164,40.335487,17.192106,56.469894,270.92416,26.971397,44.212982,21.348358,79.83932,50.75754,26.126133,46.40951,69.75444,52.876663,25.996319,30.087307,26.566128,56.68071,24.727753,74.324005,31.01332,33.747295,37.171837,57.303986,82.01959,31.008455,76.11097,63.453506,56.324234,238.67038,82.5725,41.33475,49.7845,66.185455,19.994415,71.13994,61.707546,Attack
32.27887,33.34185,43.702705,45.617565,60.033234,54.361275,80.059006,22.413113,209.17735,19.789799,50.23133,27.303968,33.094337,32.04083,53.40721,40.41223,24.92554,56.76289,242.12808,22.840597,43.179413,15.460875,72.59255,65.963974,22.879248,46.91796,69.49591,59.846153,16.944736,22.465918,27.039253,63.472645,26.725256,59.380527,26.8862,36.001118,43.035973,42.16019,76.64119,24.242437,86.36981,63.566746,54.812035,246.18759,70.567505,33.743176,40.30898,72.89883,22.223923,70.70738,69.464165,Normal
38.420147,37.39208,43.9049,48.37454,57.844246,50.249607,75.66895,24.889004,223.09665,11.575008,56.664715,32.79383,41.847946,22.769136,68.05523,50.616276,20.683882,48.14487,253.94736,33.988625,53.24629,19.44103,69.90482,55.431374,28.219315,39.02682,58.878727,60.83403,21.121899,18.909609,33.25444,64.07797,29.432703,66.227,22.215115,33.157047,41.14854,55.30464,80.2425,34.918114,87.15681,65.70033,60.62723,268.5772,80.57228,35.462696,42.01865,63.50794,19.832048,73.230774,52.17496,Normal
47.662216,36.763462,40.995724,53.04092,56.952415,54.89667,75.20943,22.595953,214.61885,19.575111,59.61043,30.470625,40.458027,32.142597,58.558422,52.59407,27.713488,55.85592,245.07254,30.620956,50.44877,16.765633,75.66013,58.87393,26.744463,53.500927,58.510536,53.76835,14.993104,17.93989,29.736317,54.87928,19.314123,73.78327,20.036684,28.846687,42.25523,55.73231,78.66576,23.955538,75.333916,58.697147,58.182007,246.03217,76.69469,38.74719,43.488037,64.432655,20.28383,74.34818,69.248245,Normal
50.841034,30.40543,34.433754,53.370636,58.981827,50.98463,71.651375,22.57823,203.10455,20.375044,58.011078,33.644917,38.595394,29.994228,50.36534,43.5094,20.315325,51.15608,222.0909,30.487253,44.685455,17.24508,78.76865,61.3102,26.923857,52.101215,60.392345,54.206608,22.734093,31.704784,25.703587,65.577774,18.73009,75.92773,27.646772,33.381268,25.604805,56.23213,81.06646,24.662748,70.50608,67.6383,65.397766,251.81349,78.585075,28.10254,43.956036,62.68583,19.209648,78.32685,57.820415,Normal
47.381016,33.627094,42.76873,44.157036,52.205093,44.900864,76.69318,32.175842,223.35817,21.938759,53.68367,25.854794,46.39695,25.76441,65.09799,46.863132,30.736395,55.525375,260.19653,28.490547,46.581738,29.634804,61.932747,66.08863,15.668532,50.863297,69.98174,56.731995,22.1189,26.810568,30.628477,58.35958,29.227316,65.1804,30.922647,31.378864,39.413662,51.973537,78.89403,23.787277,73.35502,56.446533,58.52575,271.0025,70.21363,31.012726,37.574528,63.017357,11.510892,75.72635,60.765278,Normal
45.52834,31.406706,40.228928,54.74455,61.204414,47.779434,76.42631,31.53879,221.1836,23.721659,52.2882,31.630669,40.026253,22.10082,52.9887,45.67133,25.235357,60.919792,269.5079,26.864933,43.14094,15.913681,61.330837,54.78224,17.189978,57.625484,61.364822,61.59185,23.615942,27.993238,25.383068,53.174744,29.494638,72.24525,34.359844,41.030975,33.559418,48.101574,83.90258,27.232065,76.508514,59.524303,62.539047,239.56229,79.11546,31.79991,37.71824,71.25593,28.34202,75.713776,58.34073,Normal
33.987984,27.41463,32.00767,47.22935,58.310192,58.454777,66.89179,32.963554,227.3448,27.166636,54.367443,26.948935,36.021503,27.155252,56.108955,47.41274,26.271252,60.357403,253.7456,20.139925,49.94048,25.259214,70.73652,61.413097,23.53201,51.705803,69.34834,61.41414,16.134483,29.564386,34.71364,62.26766,23.529226,71.60025,20.458853,34.865696,42.584156,54.85691,81.22561,25.807512,76.00575,58.888412,56.938778,286.6667,75.305244,35.15689,45.981075,73.283516,26.625732,69.59624,68.27227,Normal
38.48694,35.704914,41.853912,40.850468,52.138035,44.114517,66.74791,22.278845,224.3655,15.463259,56.924553,27.51567,38.34718,27.944178,61.70588,43.180836,28.405724,58.533787,261.26953,23.049313,53.527477,20.684776,68.15768,62.845158,23.748009,46.883583,64.74683,50.30611,30.885874,28.525724,33.846493,52.51981,20.642206,66.294266,25.972061,33.436466,47.343132,57.55743,73.48778,33.57664,81.80529,57.195637,60.307484,279.2921,73.952835,33.674515,35.47273,64.36853,35.892647,70.233765,63.635742,Normal
50.197556,37.29522,37.55413,54.13582,49.778465,46.468376,82.82307,20.557028,205.24455,12.210423,57.179764,36.43192,33.05963,18.19367,53.1238,54.946598,25.109238,55.123787,227.08948,26.568403,43.638935,20.926428,73.421005,59.960518,19.703854,43.12148,59.785976,57.964684,18.461882,30.628277,26.876612,54.687466,29.027292,67.99103,29.70707,29.267565,46.047657,50.15676,82.85472,33.618187,80.66034,62.187454,59.81939,268.66818,73.02298,41.395218,39.528126,66.037254,22.238562,70.11934,54.585636,Normal
39.584286,32.870453,36.26419,46.628853,48.820576,48.19528,77.08171,24.545868,208.84546,17.183922,52.282757,34.089478,40.347332,28.312735,59.002525,45.20974,20.220736,54.994396,240.36063,25.425358,43.5995,20.730335,70.16496,55.051853,24.443201,45.612427,62.677837,60.523827,25.36381,22.392527,28.909971,53.22754,26.436195,70.434975,30.016409,27.018122,38.99543,47.300674,78.85215,31.194645,81.717896,60.69599,61.09736,260.8599,72.95357,26.477852,43.157604,64.831726,24.900505,70.1476,58.140182,Normal
31.91965,33.54635,34.2369,57.151688,55.976295,49.276363,78.6833,31.37077,223.68068,26.614937,58.952003,34.496964,38.950306,21.983717,48.522606,42.42283,28.242771,60.8204,252.7303,31.79664,45.228664,20.740396,70.25644,66.35226,23.131721,46.867134,56.94461,59.310856,22.832996,21.659142,23.770693,68.175095,31.050314,64.10338,21.36182,33.67943,38.172707,64.58296,73.62511,24.70413,79.68947,60.530865,49.757946,269.76953,72.50545,34.38728,32.358997,62.10136,14.58495,71.13219,60.94397,Normal
43.344337,34.19991,41.7841,49.684185,62.118404,54.683136,72.07932,32.149883,205.5757,19.35794,57.49528,34.201214,46.81938,30.197529,55.1924,41.177776,27.456347,52.942947,233.9481,25.64059,51.700825,16.03998,78.89779,64.75467,15.594799,43.537075,65.60021,54.978905,30.410095,24.410746,27.288158,54.823757,22.747484,74.42166,31.528183,28.4095,40.447845,49.06902,73.42385,26.293678,77.27067,56.11237,57.653908,255.94412,71.187515,32.853916,46.97774,67.57942,19.75965,69.697815,54.745495,Normal
38.455135,34.178764,34.626728,45.07116,60.522743,43.768063,67.2428,21.520233,226.1097,22.82593,55.558178,28.661884,34.890594,30.015106,59.25838,49.60788,11.82318,55.21095,250.78244,30.557371,41.64538,18.815884,70.44799,54.876667,22.805483,43.94151,69.957306,56.664112,29.107214,32.001133,25.211052,51.99694,24.52282,69.94336,28.514746,31.16167,37.909847,62.256294,82.36213,25.87599,66.19615,62.70497,57.469494,250.9572,72.85331,27.585203,28.919138,65.25747,24.197847,71.105446,68.8667,Normal
43.69495,32.06473,32.952293,41.985962,57.584297,64.645645,70.64957,31.205835,220.03804,26.215633,55.707695,31.242525,37.44789,32.242397,46.430553,48.77053,28.982132,57.596016,243.60461,21.445305,50.26999,22.860476,72.33462,61.92346,23.742111,45.38455,71.75599,56.961315,22.19885,16.111736,32.43956,65.59951,20.197247,74.9102,28.72036,33.0974,44.365524,61.906036,84.34558,29.519894,86.98403,61.118057,62.038406,275.13672,74.63193,33.478436,29.538713,72.68056,28.902508,73.90362,64.514915,Normal
38.532513,38.792145,42.335957,46.58811,63.132366,50.27734,77.71785,28.36077,227.71141,20.02319,55.00068,23.442839,42.11816,20.515915,55.89359,47.975845,22.493883,49.836147,277.31622,31.409637,50.82683,16.972511,73.35133,60.76424,27.259693,53.121063,59.358044,52.88242,16.9796,23.160381,24.382542,69.38495,31.76955,75.4839,26.60247,28.002007,51.336983,42.119434,80.91492,25.240318,85.55206,66.44628,53.912346,283.83572,80.53145,36.312744,46.346134,70.2828,19.07605,77.287415,59.83844,Normal
41.67834,39.68245,38.004036,51.226547,47.87812,53.219795,67.314705,34.9503,206.03835,17.360806,61.72332,29.018198,42.31371,32.36783,54.73493,42.439526,16.25452,52.57571,229.2631,30.485651,45.063858,29.274494,77.83323,57.610577,20.901941,42.679253,72.181404,52.759163,30.855064,27.716322,25.479504,63.19349,21.025797,60.418674,24.798729,36.567757,40.86249,42.408722,81.98705,28.058147,72.64071,63.091618,58.613377,255.72484,74.67488,33.18673,46.226295,65.24216,25.835617,69.92444,65.07858,Normal
59.46601,31.292255,34.372566,45.66747,49.195328,58.727528,71.34476,23.518814,213.25859,23.358238,58.776615,35.593616,40.410286,21.752197,62.841106,51.43984,19.201506,59.644768,251.2142,23.941694,48.506767,21.77387,68.34115,59.346466,16.559206,43.035725,67.03014,54.482555,16.731588,20.771627,28.457485,57.31088,25.649334,63.505817,19.770845,32.29215,40.644344,47.110497,84.84362,34.90176,81.15382,62.166203,58.39716,252.21063,74.111496,36.733532,42.97332,73.38719,27.991465,72.05299,56.1794,Normal
42.988087,27.06412,33.980583,37.386578,51.131687,58.24529,80.69427,26.036894,217.32834,21.340298,57.106102,29.811018,37.582394,21.853004,56.532764,44.682518,24.334564,58.86823,255.36319,31.982456,48.7445,22.621973,62.66175,53.909714,22.9932,45.86785,60.226223,53.992302,13.314401,25.416138,26.386251,56.669125,26.943619,67.89604,31.26431,33.254227,38.828876,55.503597,80.88534,35.1699,77.672905,62.136845,51.747242,269.16068,75.58953,33.200558,45.415966,61.47768,25.66022,70.64429,62.970768,Normal
47.364063,34.874367,31.208895,47.511368,48.65852,42.12048,77.29512,21.186752,202.9031,13.695631,56.741142,37.16545,45.414948,28.21511,47.492054,51.573406,27.859966,53.583298,271.2153,28.43671,43.175335,32.259296,73.002815,60.549904,21.342377,48.053993,62.08368,56.798103,26.906336,28.650284,25.76923,66.660515,31.97911,70.77771,32.449318,26.252867,42.063995,40.69831,84.20013,31.026968,75.18385,58.524406,56.73416,285.3306,79.994835,29.992878,35.355473,66.46745,8.139117,76.69775,55.782093,Normal
51.996532,31.534752,35.90202,49.37974,51.773613,63.89144,78.80037,24.200802,204.60255,21.406147,56.746452,30.41476,41.262726,18.6116,52.184456,45.702374,31.83324,57.64841,245.91684,31.869406,52.160282,33.818607,68.384315,64.327774,15.772383,45.721153,65.07162,54.548065,18.332796,36.68944,32.772346,57.718384,24.243584,72.86868,21.132622,31.878761,49.480755,54.198418,78.5874,38.122444,74.14796,65.05366,60.535248,252.84946,79.70076,36.209415,42.869423,63.12777,18.227667,73.87921,58.10076,Normal
34.518295,30.54907,37.421703,48.150826,54.15992,57.999775,80.15489,26.88187,215.06834,14.644256,51.093517,34.602318,42.38034,24.488346,56.347633,42.352,13.635616,53.97835,260.30984,24.034077,47.258114,25.951674,77.65407,63.320133,21.638742,40.848682,69.22687,61.323715,16.081646,30.374716,36.066143,61.93589,31.59601,62.69153,34.657585,31.058048,41.302456,54.43465,71.85778,21.305286,74.77064,63.99525,63.390175,283.383,70.877266,32.77681,50.91838,66.23076,15.42666,78.43471,67.705986,Normal
43.845234,27.787252,40.906765,58.27179,52.715137,54.506798,74.148315,21.173979,196.2985,17.288015,60.566917,30.817474,45.795605,34.828968,58.671135,43.160187,22.347748,55.996838,285.99594,23.554737,49.99866,28.02712,77.06861,57.43714,20.24683,52.6596,59.50368,55.976673,12.390423,31.631882,28.073965,58.39111,26.709679,72.38532,30.062874,29.457935,41.04574,54.445004,75.47718,32.011005,78.637955,66.36413,64.54549,277.4743,82.86491,32.8497,32.059437,66.916725,27.323917,73.91915,64.19751,Normal
49.168415,28.785011,37.1546,54.852516,58.968616,52.399426,71.53502,31.504658,233.28275,27.450655,49.841717,37.884377,42.441326,24.435762,52.06625,39.545685,28.934185,53.16718,232.70732,25.23089,51.42548,19.591402,70.672455,64.60235,21.88031,51.21879,60.518665,64.91103,27.596413,19.306217,30.412855,66.7583,22.852093,67.32381,26.61144,33.11841,36.695686,51.46378,83.32879,30.80699,76.226295,59.931446,67.98094,251.54126,75.519714,34.75537,49.921406,62.708336,20.848234,72.98287,63.946705,Attack
45.571556,35.384315,42.181988,45.41105,61.280605,41.636463,78.896965,21.013557,221.63739,14.454843,50.40832,32.640892,42.193413,17.175884,47.53567,52.811108,24.486464,51.18405,241.5238,23.277082,51.694756,21.98956,78.198814,65.87357,30.957035,59.866764,65.821594,62.29947,25.417755,15.270928,32.345722,51.6267,32.00834,56.92498,24.754486,29.790611,42.97043,51.328293,77.69104,23.105644,74.69332,64.532,52.75916,266.8124,84.997406,33.074795,39.764683,69.40625,17.566002,76.5231,62.757877,Attack
49.72696,38.851463,34.045418,51.865715,59.298393,55.60679,80.42917,28.970615,212.20668,21.319422,52.12767,32.05393,44.908466,24.555153,53.562363,43.595055,17.407423,49.648254,229.09631,26.19692,50.867756,14.206265,75.03505,53.2737,27.092413,54.750164,71.0558,57.416504,17.987503,14.74807,25.887173,55.35579,28.296112,74.21363,24.457518,30.088324,42.96972,53.693073,83.98217,27.029314,81.87679,66.00767,61.093033,271.24,69.44291,36.08809,30.27756,64.14377,29.252048,80.13358,54.014133,Normal
46.204697,35.68729,36.26934,57.48063,58.72852,55.670033,70.47519,32.785957,210.43842,21.424006,49.37872,38.75946,46.077408,25.367752,45.970432,48.9216,12.899821,65.56337,235.08224,23.879738,48.67914,14.91921,71.732086,64.459595,26.424728,45.70074,64.87106,58.243404,27.810675,25.997303,33.8072,67.45565,22.345728,73.11292,21.462543,27.356426,45.485126,41.31889,76.29387,26.749296,84.54769,64.3121,58.94565,263.01352,78.95003,37.371937,35.323143,71.19521,27.796389,78.78938,69.62598,Normal
32.268234,25.050606,43.1749,45.524677,57.664413,53.723248,77.95416,32.898575,216.57675,20.451483,51.60707,33.271244,32.972927,19.808552,67.52824,51.184414,23.172977,61.420864,248.28943,28.973183,44.450356,25.301416,76.311356,56.990284,18.837706,51.163544,68.588844,59.494713,17.34641,27.050905,24.80691,58.8762,28.840912,65.54045,19.079464,37.158524,38.922474,53.114567,81.91358,29.909271,85.511444,58.70329,55.856937,268.47644,78.59135,40.376354,42.15301,62.91352,32.003124,65.75175,62.387234,Normal
36.81237,31.82283,40.318806,57.23936,53.350452,51.12656,79.24919,26.596422,233.2654,17.921438,52.316273,33.51088,42.18303,22.329311,59.344204,51.83265,27.44975,53.557644,241.66435,24.443142,42.265217,35.773754,79.48974,54.060852,26.014303,49.479336,60.941788,57.295708,22.46634,19.189426,24.939825,62.762974,33.943737,73.28496,17.178337,33.465748,42.986435,47.26814,74.37106,35.533356,75.86191,57.43176,68.13195,267.7154,69.29299,36.24125,43.43427,60.636208,13.061698,73.761986,55.04145,Attack
46.862495,35.558884,38.87067,52.40087,59.750935,58.680714,67.62998,29.774845,238.28055,16.082424,51.88883,39.69648,37.729633,34.35939,64.46958,53.65595,26.072477,51.82236,242.53745,25.665035,50.404392,23.511988,64.358444,60.51769,24.885962,47.62808,57.14303,55.529743,14.708409,33.05757,31.118435,70.32735,25.97578,71.76061,21.392765,25.56026,41.429993,46.65194,76.07832,30.509983,72.86352,57.54405,60.72749,275.6074,65.34422,31.488123,40.40406,69.43051,20.44557,67.019264,66.76454,Attack
58.296734,35.669342,34.72776,45.609047,59.35482,63.893932,81.54852,25.534605,214.37859,25.65113,56.786156,26.888052,38.68518,21.691496,59.201885,45.290283,33.56247,63.056705,234.96265,31.84816,50.445972,33.065067,68.186195,66.46311,15.405172,42.27777,71.598434,57.433666,17.414186,33.01631,33.620014,63.71872,28.128555,75.61084,16.925165,32.294907,34.387222,54.179714,78.263176,31.12392,73.91506,67.985306,60.567444,239.54153,81.69944,28.036253,38.322945,61.987038,15.90873,75.93962,57.7493,Normal
34.853382,29.889679,44.522266,56.143524,61.59538,56.55755,79.5385,29.708622,230.46045,11.353672,52.822113,26.04969,36.38913,25.537066,49.666943,54.77868,23.86288,53.401016,246.55286,23.467926,48.97403,20.292242,75.145004,57.624336,17.040613,52.94607,60.86111,56.951748,12.732377,27.070887,25.360342,52.485443,31.229603,66.55833,20.730429,30.164324,46.03431,56.831,81.4674,35.296726,75.90659,57.620697,58.279755,263.16595,75.998634,34.411907,46.192566,70.347694,25.221087,69.11433,61.18394,Normal
37.624466,26.62297,41.06231,56.522373,56.670223,42.73307,77.066795,25.64593,199.03546,13.827492,58.85809,24.63509,41.20487,30.62996,53.051907,53.816895,27.765673,52.48653,238.0362,33.817135,45.23908,25.775434,72.321495,58.54237,25.557522,47.438778,66.51285,52.231785,7.697317,31.26871,25.23304,64.177635,27.490213,73.07808,28.597195,33.942284,43.24718,45.505383,79.87464,26.743279,81.87888,68.04139,57.419376,267.76074,75.49719,23.375114,43.502472,60.494022,23.850094,69.59792,71.36237,Attack
55.372818,28.655025,39.74953,48.76416,63.013695,56.424202,74.87832,23.948698,211.43457,14.866532,55.683506,35.571037,47.31825,23.451601,61.179184,47.46991,18.83253,52.540897,241.67226,30.33544,41.9275,14.957351,73.28663,52.13842,20.835522,48.913727,69.243546,63.370792,24.053085,38.020473,26.838959,60.701782,29.493034,69.230316,21.264942,35.098213,45.516,54.266243,77.37622,18.209164,79.96182,57.71555,57.03331,253.28316,65.51273,32.85866,44.417267,71.74097,22.97425,68.04094,62.886898,Normal
45.094494,31.980524,32.50959,43.776264,50.940968,50.63748,76.68516,28.987587,246.42297,15.576003,60.731018,22.397232,34.03093,19.202082,49.211704,46.114616,22.810747,54.07684,237.9863,32.72272,43.175243,13.835952,71.693115,50.350655,26.746557,47.339367,67.35367,51.136387,14.984574,23.925129,24.918512,62.629383,30.640604,71.76461,22.29144,26.288261,44.62142,57.037346,74.20341,29.55816,92.023254,63.25172,57.9113,253.46228,76.24782,31.365175,39.033688,68.896416,23.235075,69.37673,58.187813,Normal
40.708023,38.05232,45.144314,42.392963,51.20465,59.675407,67.84938,22.02401,216.39505,16.612658,53.453247,22.632622,41.478905,30.189602,62.37822,52.16564,32.18824,52.957867,240.49178,18.808817,48.29918,31.931158,65.753426,67.65448,19.507202,42.403107,64.137985,64.77716,18.795757,27.630709,26.601973,55.77391,21.29288,71.23718,24.309597,36.025005,39.530643,46.048645,80.53077,21.884125,77.07504,60.087013,51.097225,248.93744,75.82988,46.137215,33.766495,63.534336,26.367777,78.23824,67.060074,Normal
43.95261,29.167315,38.24742,58.87461,57.948563,54.157394,75.81324,28.754654,209.27295,26.91999,52.155853,23.804146,36.502834,23.980478,58.515205,45.475403,27.582325,60.32668,252.08649,22.055807,51.021084,26.413073,72.852806,66.883736,26.451605,51.841827,58.52931,64.134705,22.68421,22.076698,29.270159,65.90097,25.58329,77.80907,31.89957,29.95976,35.47836,45.798573,73.933014,30.245491,82.09185,59.708733,59.749207,257.23502,75.00319,36.500057,38.88383,61.634846,27.361334,79.27209,76.85666,Normal
41.012142,31.103838,42.684456,49.71308,51.67794,46.454205,81.781006,25.967995,216.33438,19.86933,48.43006,31.198318,41.11022,17.462742,48.611908,43.13284,23.609869,55.59639,220.89525,28.356873,48.503525,24.24902,72.33906,59.670193,25.268948,47.293316,68.810524,60.807865,21.424847,22.439905,29.347824,63.93347,28.916365,75.636406,24.871128,26.884579,37.56903,57.37872,76.12788,32.145275,78.856575,64.32381,60.38385,256.231,76.89197,38.92526,31.30576,69.37967,23.551283,77.28679,56.42188,Normal
44.90012,31.806568,33.114735,48.422134,56.707695,55.469997,75.68021,30.88717,226.30902,24.605684,49.463505,28.152706,36.62386,27.974878,53.132458,52.86617,26.450462,55.494244,261.56567,26.513018,50.769962,18.260609,72.21863,69.29727,22.071928,42.379448,72.29674,59.892445,18.495571,12.205031,32.846497,70.8636,22.357239,74.1705,29.651463,36.71306,48.65367,51.43551,83.02233,27.505905,88.010445,56.966072,51.209328,259.25174,76.43912,25.826992,44.66381,70.506035,35.689857,70.07861,67.026474,Normal
45.68616,32.517242,41.056038,51.74256,46.699074,53.72512,75.30189,27.416124,252.69293,29.493359,64.10623,28.686953,43.631844,25.860905,50.32946,46.9158,23.933395,58.647926,253.27873,25.912134,46.87333,23.230595,80.25123,56.669098,17.306103,52.441082,65.52568,54.340523,22.671453,19.030756,23.646896,55.964764,29.323006,55.730927,33.838165,34.715565,39.459953,38.547245,82.38839,25.793392,77.625175,63.71001,65.07115,273.52606,71.27508,28.134369,36.42653,62.839058,27.767761,76.17418,54.408333,Normal
36.095238,32.497257,40.562035,51.247852,56.7651,46.26173,76.97318,25.998613,220.40945,21.844303,59.727203,26.684313,39.019672,26.608992,47.117054,54.248013,30.062248,57.902264,238.41898,27.859911,45.626698,27.462687,77.24937,52.21577,21.685326,46.40322,59.60746,61.905773,18.313364,26.342257,24.916689,62.955463,26.141462,71.96337,31.070246,32.47412,36.29375,60.414303,75.311745,31.10684,73.27985,65.98668,58.826866,262.71375,87.39271,37.603695,33.805595,62.670975,9.944035,75.09204,68.81854,Normal
41.134514,30.712303,39.026768,52.402626,54.11161,58.86371,79.14414,20.429821,217.06775,14.340658,59.78999,40.83053,41.91407,21.904799,67.41746,52.88179,20.328304,57.13201,249.39957,33.337517,42.11191,26.373798,72.66164,57.405865,25.048058,52.71661,67.4586,52.314034,29.936333,25.51594,29.099293,48.002247,28.289974,63.309765,27.020908,32.356136,36.970577,49.656296,78.65769,21.460373,78.37227,59.27611,62.648457,246.7826,81.277084,38.60031,42.791748,72.33089,19.199703,70.26717,63.41253,Normal
45.18682,29.967781,40.03401,41.402153,53.694847,58.184387,73.277214,28.463762,213.36877,23.970581,57.584812,29.203701,38.313103,25.260096,61.51244,45.64556,19.917646,54.587048,255.02698,26.610634,48.796265,27.962816,64.263306,59.07875,18.101524,50.077263,59.90861,56.612213,16.32786,27.095232,34.26575,63.474117,23.524168,69.155815,33.587517,40.65814,24.806469,59.127914,74.47225,21.131845,74.62351,66.57474,68.64973,255.90674,71.87545,39.402397,38.59812,74.11244,19.771473,71.96181,61.559784,Normal
41.75928,37.126114,35.48691,53.352802,58.876705,51.431473,68.46467,27.310553,211.26929,17.1943,60.620953,30.485483,36.510185,29.408867,68.46359,48.93581,21.581606,55.079796,244.45702,26.364468,49.994083,17.130568,73.94942,57.92956,25.555193,53.513836,58.27751,55.14576,11.897307,37.083652,28.354298,60.468643,21.784464,71.797646,16.459131,24.93475,44.824707,63.387695,72.95324,23.298632,76.059044,59.152916,64.2551,260.15323,70.23538,38.32258,34.81831,67.64523,27.068962,75.45159,68.53547,Normal
54.975704,33.76444,37.946926,50.53539,49.009167,45.66618,73.34318,32.863255,218.78543,19.488272,61.27757,34.767197,35.37602,29.87932,52.541206,53.598324,7.227152,56.876156,243.38892,22.173668,48.932907,26.205864,64.65449,56.09087,25.845385,56.11181,61.01736,50.148144,27.247274,20.597874,21.96689,59.044994,24.751896,65.26709,32.233967,35.93761,41.054783,45.630688,78.19313,30.12464,73.4946,56.217075,65.18205,250.19998,84.51787,30.127972,36.07638,69.585236,25.7454,67.883446,72.42857,Normal
50.891296,30.118807,38.3314,49.800713,56.318928,59.459007,81.49671,31.40996,212.33029,18.056482,52.75934,28.419601,42.17217,24.792225,66.86392,50.35405,26.128849,54.70838,235.59534,23.317434,38.63365,24.95611,77.23161,60.033653,15.811191,52.780342,68.571915,55.417496,23.490725,19.083582,25.96651,52.40222,29.691687,74.99885,20.348438,30.912088,34.15036,51.1158,76.10789,29.02394,82.73329,56.66902,59.33857,244.89337,69.14487,29.606813,48.24314,64.0102,22.919401,74.376656,61.604897,Normal
33.185127,42.383247,43.67919,46.438213,62.8383,43.422,68.15755,23.695297,230.90826,14.057151,51.689472,25.731289,36.77413,31.244818,45.40634,49.10632,22.281826,47.076385,268.39053,23.696955,53.558216,23.987104,72.65715,63.447433,25.912937,42.741077,68.265976,64.234375,24.849745,22.064058,32.042145,55.199383,16.915686,68.528755,26.75595,29.542643,44.3821,53.627377,75.353516,33.52156,82.10559,56.750782,64.69077,265.55853,80.26554,33.164806,35.619007,66.63415,22.437916,72.163055,67.18103,Normal
39.035057,40.274643,45.0255,58.08422,59.885464,43.18984,71.57753,26.506016,210.93433,14.038084,53.7428,21.968494,41.78435,28.302492,55.194508,40.17909,25.41132,49.995476,250.92526,30.901442,46.46665,34.444904,80.68562,63.972347,16.09133,49.489708,60.95352,58.382435,19.353165,22.951162,33.28234,56.463554,19.085539,70.30364,18.699257,33.730606,36.787827,44.412716,79.60654,28.136978,88.03579,62.561108,50.167526,256.19247,70.53193,24.943254,49.49657,70.10392,22.119406,67.78899,67.25839,Normal
43.16122,36.890198,35.256573,51.89553,60.042137,63.099216,76.9323,24.492664,225.09433,17.985323,54.3464,36.704163,39.16252,25.069973,56.07574,47.218044,25.650389,48.605522,243.51724,25.334808,42.75743,30.978312,68.19058,62.054317,19.419783,46.087395,63.004105,61.891735,17.198408,15.795878,28.160322,52.915924,25.287657,60.64671,31.417885,33.34836,38.864727,55.336246,73.8504,28.688297,70.99036,61.548737,63.038193,257.57455,69.62653,37.41327,36.35986,72.04239,18.90844,69.6935,58.02273,Normal
41.24807,36.890427,31.503752,46.102623,56.070618,49.9579,68.72693,30.547003,215.88576,18.631414,59.198833,32.85362,45.699795,29.644466,50.38592,43.428795,23.694511,61.43019,259.3108,28.75535,51.15849,19.66341,76.842636,58.303555,24.095205,56.503803,58.86779,52.85832,25.608522,23.088242,24.22546,61.56251,21.818707,65.19699,29.155838,24.959816,40.01621,48.691097,75.704315,35.61058,79.14945,63.30934,63.856995,255.73746,75.98416,31.450817,45.559917,65.81599,28.121593,76.25373,59.340298,Normal
42.176613,32.09979,40.15374,47.12596,59.53784,56.307587,71.75714,30.450464,209.15997,24.735058,60.029488,36.967545,43.782776,31.959993,55.682823,41.44348,25.990105,56.925774,237.11737,29.774496,51.841602,26.106176,75.85322,67.00207,17.37316,44.43665,67.87526,54.081997,24.650394,14.674668,30.496834,54.50552,22.519667,65.99065,21.7527,35.757313,40.596832,51.345703,74.0147,22.509838,87.06571,56.698082,56.534607,254.55429,76.40512,28.288969,44.077225,65.04978,27.620157,68.89718,59.962845,Attack
41.62703,29.315453,40.012665,53.61482,63.340984,53.0549,82.38722,30.779953,224.73909,16.635538,51.66799,28.482653,37.017467,29.372892,56.83479,51.830864,26.766228,51.327873,221.47995,23.172829,51.114178,22.136963,73.95721,59.92664,16.151922,49.46193,69.509346,54.521786,9.985945,29.933468,26.650873,55.468567,32.402145,69.73416,14.522326,25.160845,47.15954,55.38126,82.45325,35.028347,78.16529,59.81334,54.293415,271.37006,73.28746,33.46072,42.25536,69.443,16.903645,68.24795,65.78659,Normal
35.68902,28.126205,45.057934,51.564438,59.98603,46.973415,79.01308,24.34743,222.96333,23.656023,54.74411,29.505241,44.756104,25.67393,43.69984,52.23191,18.926828,52.2169,240.85776,30.78512,44.485485,23.80232,72.55531,60.063267,17.95846,54.314747,62.514324,51.801804,18.53312,25.814034,25.95919,66.71611,27.227144,74.48054,33.65483,36.797348,43.334625,52.549847,73.23779,31.154041,84.13267,66.15778,53.604343,265.44812,82.07817,34.620335,36.646816,60.184013,21.737823,67.25756,77.43822,Normal
42.639137,36.0364,35.16402,48.834244,52.715614,56.375893,74.61364,30.9171,204.22063,19.935884,55.6263,23.994745,39.090145,24.810211,46.169243,55.321133,19.275534,52.220345,236.35062,32.40576,40.82677,26.531034,69.946014,60.42576,27.65146,52.41215,62.070984,57.91392,18.17573,17.870667,23.690294,67.61224,27.863222,69.75106,29.423107,26.430103,43.811268,51.398525,79.22429,26.660753,76.80092,64.83676,62.379093,252.75832,80.288025,42.27153,34.883244,66.536835,19.604702,69.975204,51.697453,Normal
45.837273,29.477968,38.071022,53.11412,53.792313,51.13261,76.19523,31.93033,206.38873,19.774773,48.693165,36.577435,45.76697,23.945236,44.51972,56.292046,25.18911,56.066635,230.96457,30.717812,51.191467,23.180096,75.22137,55.236935,20.273485,34.551277,70.72194,58.443172,24.198563,24.936522,26.258347,53.468754,24.874674,74.69133,29.826939,35.836308,40.38226,55.711983,79.89058,26.42122,77.45252,64.747475,58.258114,259.91043,72.527145,35.703945,29.741901,71.92277,19.695919,77.88389,67.00074,Normal
45.837112,34.97805,34.87759,47.943108,52.305935,51.657925,75.85075,22.490126,210.75653,23.99335,49.39685,31.719738,35.473804,29.03104,58.548847,50.973057,18.204874,60.46396,231.1177,30.986256,43.786503,13.468103,79.79154,61.601486,24.709602,46.93093,57.355843,62.905327,25.209963,23.98664,31.410572,53.770832,29.112144,73.51574,31.631351,31.569994,44.442463,53.81715,81.77169,24.273916,73.1351,65.916885,56.703716,254.61029,82.96541,33.63741,43.180954,72.228195,25.01703,73.82754,59.239445,Normal
50.5058,33.65459,33.71842,56.110752,53.070786,55.098373,73.1711,34.081448,210.8193,21.93309,57.727623,30.06597,35.382915,30.157883,58.66109,48.827633,22.973015,60.27955,239.20015,29.49054,51.34698,16.008379,72.743484,59.64983,18.360695,46.099606,55.1039,56.255085,23.934788,17.18914,34.85558,55.584766,24.482307,63.832714,35.00728,22.628607,43.316128,56.05929,76.426346,32.82823,81.60919,59.84024,55.553276,247.5773,82.61322,32.707153,36.151657,70.22203,24.88841,73.75151,59.31402,Normal
39.797718,32.04225,39.847363,45.19004,58.777706,54.515293,71.88733,24.614075,209.02701,22.221128,53.54883,29.723124,47.130047,29.752321,65.49839,57.77879,30.927017,60.84226,264.99,31.425049,41.940147,23.478054,79.18421,60.961624,20.95831,50.92093,61.701363,60.291042,18.042738,26.143433,33.926025,63.036053,22.599024,61.065353,21.677063,36.172836,51.661743,61.541004,83.911995,32.073215,81.1354,60.95015,56.303032,284.41144,76.58501,31.847723,48.98747,63.79856,17.910164,74.69856,71.04409,Normal
51.510883,32.424408,36.435078,42.90629,54.306053,51.290173,76.91751,24.768566,209.62811,20.63698,54.01001,37.316875,45.13171,25.248823,64.88572,46.116302,16.520262,57.83062,241.82918,26.127466,51.968945,27.604773,68.28342,64.61285,29.640783,46.428112,65.82418,61.072887,19.17647,24.229036,33.41088,59.590763,26.585457,72.143425,29.024578,41.138546,44.687557,50.261425,79.26849,25.578407,80.68351,61.281837,58.540764,262.74817,84.047676,33.97157,34.14201,61.414852,25.629004,69.41262,59.11461,Normal
49.81408,38.056625,30.523413,53.16566,53.10309,44.293507,76.34097,26.008938,218.68219,19.030441,54.52045,28.194162,43.151077,20.07621,69.602806,44.822742,17.952955,49.885746,264.98227,23.900953,43.702812,34.481888,78.25857,61.81198,16.88018,58.98125,61.880184,55.349445,21.490032,31.66336,30.301857,53.658756,29.905783,67.23845,32.18414,27.550503,37.39076,49.590137,75.95432,24.715918,80.74334,59.56782,55.03571,267.55786,71.429436,38.37398,40.442585,70.75884,27.767288,82.524414,57.091423,Normal
35.840137,31.169575,36.657887,49.826794,57.680355,45.02928,75.80872,24.488455,200.88884,13.613121,51.866714,32.23354,43.64308,28.9464,50.198013,50.004585,29.588207,51.761906,255.7752,28.81356,45.24583,16.02083,81.64847,61.142418,26.519814,39.473583,59.191654,62.80441,14.434584,22.536531,25.435104,59.987923,31.264372,72.42258,25.494675,25.957094,36.512394,53.954613,84.03543,31.784285,75.05858,57.99895,57.54127,272.13522,81.1855,40.474243,32.966183,66.655525,19.223902,77.888756,68.19148,Normal
49.385548,33.57959,36.90945,56.17522,57.332283,49.55336,78.32851,26.453169,222.98015,17.519281,53.083126,23.737844,42.022266,26.508942,53.189213,51.004314,24.126484,59.739845,266.8302,25.469053,45.66136,22.972445,85.04202,59.274117,20.30691,42.026875,64.73425,60.661022,16.103445,15.311023,32.972435,60.125816,22.978418,59.12503,28.21912,35.383472,43.250988,65.73906,77.6877,23.973215,70.42072,58.942753,51.96947,242.58504,73.25548,39.500927,45.264786,72.00653,19.964563,69.57784,54.43662,Normal
43.896374,33.611134,30.497717,56.814724,51.66414,50.30437,71.35288,33.0923,202.4473,21.216822,48.63771,30.599577,41.451393,27.395021,48.853313,52.32057,21.688845,59.55475,235.51634,31.724247,50.392754,36.701637,70.99361,58.65074,19.93061,44.751293,67.72834,62.526028,26.326971,26.369473,25.049747,67.20264,26.960789,65.57306,28.358952,35.12997,43.476353,54.326153,76.640724,32.235367,76.79983,63.998062,51.65995,252.64389,77.823006,37.14079,42.871468,72.01962,24.726416,68.00917,56.62262,Normal
49.10974,34.05806,35.30637,47.804783,56.26373,44.05788,82.036385,30.381971,218.63757,23.016562,63.70568,21.41684,41.993465,22.439352,57.931984,53.65542,23.314327,65.884186,232.02509,22.673462,50.078278,26.358898,70.629105,60.667694,17.454098,55.07988,54.401352,48.77477,23.486454,25.592466,26.9375,62.31379,29.783056,63.560917,18.61082,27.109442,40.033573,48.641087,75.26793,23.64434,76.6658,66.91686,53.53777,258.0601,85.02156,31.793676,42.38676,70.73574,26.698122,79.436874,62.551575,Normal
49.165356,35.31642,35.480125,42.95456,63.67361,45.847157,79.552986,31.001833,214.37996,21.644526,60.43044,32.337322,37.352127,19.122097,50.96382,53.408897,17.162807,58.629826,241.46597,21.378788,45.95014,21.569212,75.2388,62.61494,16.377398,46.909195,56.95484,52.017803,16.77929,20.911133,34.94535,64.56565,32.261635,67.02826,23.295773,26.838589,28.787607,54.983257,82.19583,32.1566,68.946976,60.830418,56.103615,265.94617,70.10706,33.434143,41.044262,64.20914,30.13838,74.75938,52.61943,Normal
55.216507,28.01723,34.906322,51.352833,57.77852,41.291298,78.74806,34.048008,199.57161,22.09013,50.251812,27.477924,44.622025,30.211401,49.165184,51.690094,14.125502,64.307465,239.38794,32.827232,51.18831,22.55583,79.55071,56.749363,24.217323,42.005627,70.13401,66.647484,30.116377,20.8794,25.241045,68.56162,24.634705,68.178535,34.7207,32.96734,50.24056,50.666832,75.30045,32.84777,77.59226,60.942753,57.312283,252.95856,76.4394,32.123287,37.203365,67.6938,21.672796,68.100235,57.6345,Normal
35.63023,34.691906,41.057148,39.273216,57.457375,49.6752,72.689026,33.68961,211.4967,23.21167,58.82597,29.916254,30.928606,27.747766,66.47012,46.275723,26.083536,51.97797,243.08334,29.229607,44.50156,33.623573,79.319984,58.110165,30.342957,49.667633,67.36228,55.339424,34.648376,19.935368,33.32442,62.106518,20.632359,81.64401,24.546402,35.155045,41.38342,57.50692,74.83463,22.008873,74.978615,66.4352,60.393826,261.0926,82.172874,39.71294,45.002613,67.14536,17.717161,79.65114,59.126476,Normal
38.013016,32.117992,40.613136,56.746,57.107624,55.225544,72.55402,25.876219,215.53056,12.073551,60.058994,32.310806,43.37299,22.895014,63.35866,43.108788,18.230812,50.95342,262.10046,23.018225,43.80316,24.09374,67.38719,59.657417,19.964054,52.420963,58.181908,56.352356,11.380037,21.554302,32.000584,71.070625,28.322346,74.444374,34.705696,30.757889,47.45745,46.057198,78.01756,31.818794,83.62492,57.28031,55.098255,269.65417,77.084694,38.37481,43.032322,71.14563,24.175657,78.61123,61.613464,Normal
33.14531,36.847233,37.4135,55.65795,51.94465,52.434246,84.67268,22.543861,209.79074,14.650441,56.11786,36.591927,33.2953,19.684397,63.55846,51.807384,17.300985,50.757496,248.82536,23.434652,45.246677,20.043264,82.692604,55.170902,23.516197,48.55348,63.62716,65.23774,11.158233,13.574572,26.070513,55.57738,32.226955,74.56796,22.540699,28.933062,41.026623,55.159275,84.66672,29.874487,78.49323,60.752983,58.411373,258.42032,73.477844,25.032007,44.39164,64.60087,21.719923,71.65258,57.93379,Attack
42.882782,31.825865,39.813435,55.450752,53.453568,50.558254,76.62819,31.449715,201.64526,21.20088,54.203003,33.612694,37.808914,26.880415,46.698967,51.72219,24.627691,52.039806,231.78418,25.489004,48.26479,22.9529,59.324875,50.82394,26.749107,41.333664,64.72188,62.938305,11.517394,22.44523,27.953718,54.57233,21.281813,63.445503,26.202246,35.17978,40.92823,47.06289,72.96664,33.00865,76.97616,69.05875,59.42233,242.4006,71.65519,27.983877,41.12801,64.583015,21.04956,78.11313,67.77245,Normal
36.78829,38.217575,43.197216,48.18567,48.760384,42.164757,76.874435,29.572256,204.34851,22.15431,55.122253,25.108885,38.789238,19.9422,47.05042,47.848694,23.80793,54.23409,261.02332,26.06569,48.794262,28.308481,70.24263,61.89605,21.38513,52.808903,55.63691,54.924397,25.305868,14.043699,33.05161,65.47192,27.2451,71.719734,21.030848,30.312216,42.78812,53.584694,78.94259,26.526627,74.9919,60.37911,55.657482,252.66116,70.961716,42.739628,41.253567,61.85198,20.61349,66.96552,54.470467,Normal
49.23467,28.292356,31.923605,46.017204,49.8103,48.90801,77.55341,31.301968,216.80377,21.167667,62.749912,20.99453,37.77829,23.324516,58.748173,47.968426,17.266037,54.93375,246.78882,31.785501,43.383457,29.8483,70.79102,52.637608,23.02222,44.04574,64.14404,53.83102,25.379128,19.018707,25.72126,68.2323,34.06592,71.135666,16.484444,27.825918,38.480015,60.5875,74.342186,27.18706,83.06793,62.8581,59.16985,270.3135,70.37664,26.505775,26.285646,68.97534,27.191002,68.533646,64.260956,Normal
40.347424,32.860622,43.611126,52.209778,47.962654,50.465576,78.08153,29.702656,222.68097,26.59386,51.958546,36.4238,35.900677,19.577862,47.1801,44.761677,27.359978,57.73571,237.386,32.21384,47.693867,20.006668,72.20141,64.160126,24.681652,45.708305,68.764854,58.62484,28.260626,24.754478,28.540995,62.307064,32.271614,75.20401,22.589542,27.708193,39.927715,51.998108,74.55461,32.452324,73.91627,63.31575,58.772793,274.4784,77.61343,33.781174,34.239986,69.54002,19.413574,71.67265,58.528538,Normal
44.048725,37.745213,41.042934,45.40771,60.25836,53.11786,78.91441,33.32407,216.32367,23.027182,55.4989,20.699425,42.406532,23.273138,44.925865,51.905403,17.850897,48.605545,241.92717,28.190506,52.51052,22.12601,74.46314,62.602974,23.951899,52.700577,72.58007,60.522953,17.973024,21.260038,32.296265,63.287968,30.14021,69.00087,27.238474,30.70469,42.469246,54.73272,79.13833,31.151611,71.43318,63.081738,57.271767,246.51172,79.28113,38.00097,44.661766,67.460754,19.2328,68.94554,57.1728,Normal
40.190823,33.569653,41.594654,46.358997,59.12641,61.99782,80.52786,29.699385,221.7952,24.526943,50.74769,24.888515,32.40515,22.709837,57.46533,40.95877,17.677532,59.463394,264.96158,25.46689,44.889988,33.32977,70.70955,65.42304,27.280758,41.041332,68.43187,60.42996,11.900227,22.57814,35.481453,58.779007,30.097315,65.74238,20.463146,37.550243,35.046883,59.516514,72.52295,29.115133,70.60775,56.702312,63.632584,255.92157,70.55751,32.22524,34.516422,73.271484,28.654787,71.617584,65.587105,Normal
39.049732,29.79747,41.006943,46.860714,52.127785,63.80607,78.76896,27.959642,226.81775,23.45171,58.434273,30.5468,43.607155,22.110537,58.834377,44.647552,23.08138,56.329086,267.89444,25.968342,48.408432,27.48415,63.010616,58.383602,22.721775,57.19775,57.924324,44.837025,17.692583,22.539875,31.90238,58.781292,24.942215,67.8017,36.817616,35.844707,36.650192,42.56678,78.24335,23.76596,68.43037,65.879776,66.039955,255.75839,71.382324,41.001167,29.99162,71.05522,17.02622,70.95475,67.08154,Normal
53.061245,28.849092,34.535854,46.563168,50.682606,58.39198,71.804855,32.060596,208.94652,19.773705,53.71364,37.791462,37.562992,30.196157,55.03096,43.109844,11.89532,54.928036,229.41,23.79667,43.88246,17.773903,72.913635,55.262283,26.76839,54.51676,63.826656,59.463676,18.186062,25.836596,29.56949,55.21555,24.411825,58.735424,27.53037,31.266874,35.89816,58.29266,80.38249,23.864857,70.83486,69.02844,56.733566,254.14331,76.226326,36.51102,42.225983,65.99756,23.208862,69.494225,68.64549,Normal
49.81408,38.056625,30.523413,53.16566,53.10309,44.293507,76.34097,26.008938,218.68219,19.030441,54.52045,28.194162,43.151077,20.07621,69.602806,44.822742,17.952955,49.885746,264.98227,23.900953,43.702812,34.481888,78.25857,61.81198,16.88018,58.98125,61.880184,55.349445,21.490032,31.66336,30.301857,53.658756,29.905783,67.23845,32.18414,27.550503,37.39076,49.590137,75.95432,24.715918,80.74334,59.56782,55.03571,267.55786,71.429436,38.37398,40.442585,70.75884,27.767288,82.524414,57.091423,Normal
50.87866,34.219376,33.207523,49.436176,52.6366,46.587307,73.39324,28.552015,212.09656,24.728168,57.649075,27.63268,31.03572,30.76861,56.818188,42.332623,23.775398,63.30761,256.44867,29.989258,52.483223,22.871223,75.29384,65.306984,27.67796,50.733498,68.23488,52.530052,13.390444,18.47968,36.824013,65.27938,17.33891,56.33552,23.687496,36.49309,39.4104,51.79684,74.45846,30.177692,77.91642,55.111267,59.579235,252.67184,77.37471,35.834023,47.36089,63.187798,25.369305,67.3345,63.400955,Normal
45.916096,33.354134,37.52033,43.832314,56.434654,55.087193,80.424614,31.28358,226.57867,26.276093,49.88551,31.83527,41.621902,24.397614,58.841312,48.934334,19.3236,55.13542,251.27249,32.28632,43.43793,16.271883,77.82217,63.873573,20.822514,45.112892,67.44678,57.976948,17.45349,14.380266,30.440506,57.673653,30.024311,64.334496,28.502295,34.936565,50.086533,53.782658,81.4097,32.06754,76.63551,56.97682,53.64097,262.2719,71.14021,38.50872,44.11024,63.376507,21.634369,69.44251,55.300957,Normal
28.864746,29.520359,43.311142,48.88942,52.31015,52.30303,80.17334,26.836842,211.70465,12.533889,52.00748,33.661636,38.68106,24.619911,64.84352,46.66399,21.187843,52.161804,241.47556,30.645695,52.674057,32.089146,67.56833,54.662052,18.410345,55.969585,65.01782,62.65216,11.1957445,21.651937,25.563547,58.364136,30.357517,72.767784,15.80548,35.977642,39.493073,58.471207,83.03112,29.949654,87.80031,67.82304,68.13443,255.59204,70.81439,27.43788,30.839043,70.64637,29.060606,75.29364,59.359177,Normal
41.03091,29.408012,42.346848,55.345284,43.257893,43.9042,78.680275,26.103878,214.90111,15.432434,52.363686,30.528374,34.283447,20.357931,58.043194,43.22047,32.10903,58.08157,236.29463,27.548265,48.314274,32.308346,69.835335,62.845615,27.563969,58.521667,64.94366,63.215443,14.340285,31.369236,30.310604,65.03156,30.270828,74.067924,20.03041,28.585657,41.903915,55.501644,76.08217,33.47054,74.223145,62.954025,45.908028,258.53568,71.498,29.145247,36.595932,67.40872,20.724669,69.61598,56.93334,Attack
41.235806,35.58164,41.208107,52.32809,63.254326,62.945145,69.18931,22.804232,205.68658,18.37844,60.01503,27.327227,38.920147,30.922739,67.694756,47.749165,30.317297,54.76245,231.19737,28.750753,49.68417,26.3024,70.65839,59.490185,28.32388,56.02713,65.46848,54.888557,9.75304,28.728575,28.93097,55.920418,20.666857,76.84564,18.179329,28.80079,45.96959,52.2369,78.05354,24.07921,87.91964,61.46686,55.17945,274.01636,81.121864,37.73959,31.87188,68.54954,24.171377,75.344086,66.32506,Normal
51.882458,34.128944,33.021343,53.915337,62.62281,59.40539,71.886505,32.18777,201.05092,28.981537,54.655,30.140146,46.275528,30.44062,55.284737,49.35822,17.59644,59.82814,252.61688,22.793238,48.03139,23.323502,72.30721,62.901127,22.533354,47.32105,68.835266,56.330227,15.179199,32.876163,35.856346,63.139545,20.413738,68.35874,18.25489,33.635124,38.368214,61.025852,74.55246,28.788937,84.27846,62.268814,62.475925,267.6748,78.67525,36.34432,37.13752,70.86477,12.923956,75.31836,64.858,Normal
40.578632,34.240993,33.507885,48.943745,59.11947,56.747086,78.5434,25.564379,217.41226,17.636234,51.62116,29.70117,44.12186,27.712296,55.06517,42.783432,29.271376,59.20428,241.77805,24.50132,46.084866,23.299498,76.204895,52.926937,25.370134,44.453636,71.64436,59.7215,18.72376,22.544756,26.8929,57.196274,28.716318,67.34714,24.03068,36.94992,36.06174,46.554386,83.84802,27.786133,73.33646,57.868374,60.281834,261.72266,70.45866,35.747627,32.317257,62.619053,20.725395,71.42057,69.5242,Normal
51.159103,36.99417,33.724762,48.528725,61.48484,60.12935,76.88387,27.073854,209.97261,20.092735,50.745945,31.074614,43.300274,21.286888,51.50115,40.697426,27.654526,53.6084,242.13095,25.814249,48.842163,20.840754,75.685455,53.65464,23.818665,45.778736,67.54905,63.591785,10.114755,19.94392,24.865192,65.3292,29.294828,66.34752,20.217726,35.9631,49.518852,58.799816,82.65597,28.578163,88.09826,62.6249,53.895298,268.8389,76.00784,37.08342,37.581978,64.93431,26.58561,81.42767,57.816837,Normal
32.156487,37.89687,38.053413,39.072292,64.04759,61.160492,71.87828,32.583942,206.18745,20.683044,56.23099,32.475903,36.507027,28.589287,50.819817,45.642616,23.389511,56.369125,246.72176,32.23144,43.5211,23.447197,76.80241,52.70403,26.656355,43.3786,70.09841,54.95033,25.995684,24.694557,34.41487,60.82939,23.057934,72.194115,31.846191,35.05549,41.558052,58.69773,73.09025,25.03616,79.04775,64.41494,52.708824,249.86469,76.1887,40.926647,45.094852,66.27363,19.03591,76.61319,54.337498,Normal
45.475056,37.16852,34.22998,47.694706,61.906765,54.880604,77.77117,28.607084,232.41158,20.496,53.698936,27.23615,43.309353,24.769667,59.518906,40.521984,14.162292,57.989273,250.15582,23.051815,49.725784,20.59596,79.853745,52.785038,24.97705,55.927353,67.333,68.059135,13.958266,23.409563,28.324778,61.86201,31.524616,71.51956,30.68492,36.73324,36.95058,51.980453,83.22835,25.797184,80.78081,65.0455,64.98378,265.74524,81.55708,36.134663,38.65272,58.573795,23.971758,76.36193,59.012604,Normal
32.62743,30.954266,43.740643,53.42392,58.697258,62.71713,69.437485,33.03477,223.88873,26.553143,50.223484,38.33271,35.254925,31.677124,59.106583,53.762672,22.014894,64.19,240.1513,27.097994,42.71505,25.176207,75.14117,58.232735,17.778084,50.00363,66.693474,61.504494,16.681452,28.768648,27.757513,55.01644,24.250492,66.669624,21.993921,29.80695,55.94933,51.04721,83.596725,25.404457,73.75798,65.48048,60.90875,260.1286,70.711174,37.4106,42.640232,61.797527,19.202852,71.49159,60.238598,Normal
50.777313,26.514017,44.865818,47.52869,56.219666,52.568123,74.27694,30.292126,206.53372,25.483776,60.726055,32.533585,40.81183,30.569546,56.30611,51.94901,27.184055,63.7517,229.40677,23.491598,50.477654,35.1456,66.98884,65.177864,15.858709,49.89746,64.70108,58.92513,20.594288,19.809025,25.535954,66.72839,20.541605,60.96498,23.174809,28.114773,38.08892,51.30572,76.728424,33.567055,78.07155,57.997154,56.765354,254.45848,74.56926,35.4192,29.67457,69.59744,15.367458,67.49343,64.32979,Normal
38.198444,29.325123,45.060616,45.561817,58.223816,53.248154,75.39609,21.594204,203.99171,21.99447,61.70576,36.189762,41.399433,23.034616,46.110626,48.882317,26.310707,58.91362,293.16516,21.497849,43.18595,18.075062,75.70648,65.83229,21.04606,51.91445,63.956524,56.69619,19.418179,25.45142,34.00082,63.785393,27.839832,67.02,33.85698,39.980125,52.985207,49.52771,82.48225,26.130707,76.077576,56.680634,63.449944,279.85934,82.345535,37.546326,41.103287,62.98337,22.066895,74.893005,60.595684,Normal
46.07116,29.298758,35.412815,49.140392,58.502144,52.657455,79.439125,24.595709,210.71043,18.44326,56.189877,32.81645,46.819187,24.995092,57.55944,49.673,33.748714,55.329575,248.23567,32.03984,42.58308,22.371014,70.21014,48.42551,22.557045,40.766235,62.443806,52.497715,19.85943,29.488619,30.52056,59.688744,23.60947,66.82772,28.953728,32.257816,50.680305,48.546005,77.04371,21.129513,80.211044,60.895626,59.248913,250.45518,80.9162,35.53249,39.68936,71.667755,17.808008,68.79005,55.45746,Normal
35.875957,36.82215,38.391445,52.927402,63.338284,53.21391,86.18925,33.151947,225.69603,26.65451,62.35491,30.64328,38.947643,25.696505,48.044228,50.485664,27.05644,56.475346,263.1796,24.602125,47.515446,13.844105,72.336365,62.15306,19.290089,51.404194,64.583755,48.72645,21.429518,21.544458,27.594301,51.219883,29.716911,68.161606,17.887234,36.812176,47.537018,50.725933,82.36793,25.220541,77.336624,68.73068,59.63855,251.551,80.51756,30.274456,46.95236,61.969868,29.995071,72.92232,58.434685,Normal
41.394466,31.812069,42.500286,53.24154,60.352345,46.034184,71.0329,29.606897,225.63385,13.773329,51.187157,36.09629,40.563934,27.269114,52.554565,44.019054,14.039168,51.148388,260.41577,29.86328,50.32269,16.888453,78.53727,57.915768,21.929724,38.538807,61.655533,63.50867,23.639093,23.43739,24.186121,69.03558,19.407742,67.37005,23.04057,26.432678,39.941643,49.118534,82.35557,31.889715,72.70925,57.00717,53.890175,265.58636,81.40931,38.704723,34.89299,64.16039,16.226673,68.18237,65.22812,Normal
29.5416,32.295807,44.28654,57.84908,54.64253,55.251476,71.007744,31.076199,206.42952,27.172165,51.671783,39.45385,35.38375,29.622744,57.233765,53.425137,19.783566,57.07002,259.3932,29.898577,41.87755,19.663519,68.60536,68.318855,18.924263,47.377483,69.63217,62.20863,15.64547,31.022717,29.485758,58.556267,21.724741,71.03656,21.17452,32.59591,46.86448,59.29382,79.556984,24.020428,81.95505,67.40694,53.4451,252.08066,71.798416,41.91899,40.858883,61.62589,16.2975,73.755745,62.455902,Normal
37.546635,30.627064,43.462303,57.40176,66.20228,43.847775,73.8088,20.895384,211.21037,28.270329,52.441544,30.692678,35.02247,26.606018,56.8746,41.22157,23.828773,62.474083,238.55756,25.060997,47.898113,32.550488,77.63905,63.29553,30.75786,53.26477,62.968315,56.53555,26.784903,15.881476,29.88713,62.829033,26.602869,68.14243,29.963133,28.23132,43.721157,58.174133,72.68853,28.222342,70.71936,57.270298,57.33409,256.24704,76.92788,33.249413,38.36058,71.15418,24.320763,78.49324,53.018913,Normal
41.480186,29.685686,36.60282,54.881554,64.09231,43.44733,80.45633,22.572344,208.40065,14.885032,57.66947,34.131138,46.84911,22.076487,45.572075,48.175358,23.696344,55.133064,242.829,21.993298,43.532078,21.770533,76.74804,62.332127,22.635504,41.98564,63.468224,58.17307,13.134643,29.079687,34.668217,70.5665,33.012947,75.310684,20.619244,36.614544,44.79525,50.57082,74.76202,35.601406,72.697334,57.175106,53.953056,257.61914,76.52384,42.09496,42.24373,63.142624,29.70273,74.53466,63.54777,Normal
44.51447,30.758501,31.706894,50.912033,55.246098,47.324394,72.06258,23.183802,215.93878,15.077972,53.649303,30.507696,36.530952,33.304214,59.69067,53.527847,21.144264,50.533787,253.7945,26.818699,43.03452,29.041431,69.22263,55.276794,23.496674,51.456253,67.69587,57.8196,15.044323,21.482454,25.974674,61.656532,21.891176,73.35574,20.040901,32.43887,35.913467,60.8277,80.04732,24.089476,64.828705,64.983536,51.41019,257.1257,75.020386,33.338264,28.82426,65.250046,31.30763,65.60802,69.7563,Normal
55.25404,30.055576,36.475735,48.260544,47.34566,50.574608,70.68467,29.628647,216.23181,21.449783,51.036015,26.791363,45.995388,26.1177,55.43798,44.695778,24.546839,56.389004,272.46814,23.095507,41.25816,22.191513,78.112434,54.186504,27.302198,52.46651,61.28816,60.86701,16.3818,24.959875,27.482681,55.188194,32.070713,66.778885,22.925966,28.170229,39.37913,57.228428,82.09296,34.259514,89.21427,59.346653,72.961845,251.73907,70.43027,30.769943,40.562447,66.177635,19.853382,70.09576,57.415695,Normal
44.5734,34.95328,34.76027,48.127472,66.46348,49.384384,77.652214,30.317417,214.98074,22.381645,61.147053,23.9158,37.721905,23.761042,47.725086,46.695152,19.838194,56.586735,278.93716,25.795254,44.773502,18.396158,75.42103,63.012276,23.350706,46.616184,61.103428,55.080044,2.5342028,22.58828,26.94163,51.588684,32.017895,75.641426,25.965363,36.97592,48.141502,53.105244,80.663414,24.317438,72.36758,68.10649,66.15662,270.42526,83.25882,36.8714,48.965553,64.18913,30.900213,70.51636,57.225792,Normal
39.89198,29.17587,32.103706,46.34618,46.663578,44.45736,72.58728,22.767681,207.59645,27.360764,55.926792,28.092398,43.876812,33.171394,55.348007,44.17839,16.902924,60.819973,235.09209,32.508995,50.860176,31.201511,79.79604,61.859364,17.987074,50.14196,64.199356,58.1772,25.872229,25.6803,35.554817,51.400074,22.630976,61.97187,19.09636,28.101305,31.343884,49.32572,77.472824,25.420612,82.45708,59.11553,49.028706,248.29126,77.12132,36.604496,43.35359,61.922417,17.623093,69.41648,68.68895,Normal
43.183426,32.56711,39.409946,58.00928,57.651573,52.60094,73.68454,26.412373,232.58084,27.51521,47.775833,25.931736,38.932926,30.458433,58.068226,53.505177,31.23449,60.503834,252.96463,31.35368,49.654556,21.311758,78.75184,62.383118,17.714376,49.308475,62.46375,59.82351,22.502607,20.597633,26.611574,61.65052,28.103842,67.926506,31.218815,35.823772,49.006474,47.512936,75.58166,32.48068,83.05779,56.287323,54.9692,279.85498,75.01261,38.411602,34.02989,71.486015,28.039978,72.982506,74.2413,Normal
33.466995,34.721043,42.32599,55.675167,52.65564,51.09176,76.536736,26.437511,216.32504,23.91144,49.64529,28.619726,35.101498,23.918259,50.672905,45.54369,15.892931,53.967,252.3647,30.277061,47.05844,36.94804,72.87018,58.547424,23.064426,43.526234,66.699234,63.9179,18.322529,16.95057,32.40523,57.260315,28.138922,60.15803,25.303782,36.112526,49.377476,58.777912,75.16295,22.15272,64.94696,61.703716,59.779934,264.98563,82.47703,29.927128,35.706123,71.89718,24.754808,67.61421,52.40471,Normal
41.966988,32.404316,40.309803,60.25209,53.697258,49.81491,79.46812,32.638138,219.61311,19.35074,54.182316,37.80515,33.798237,23.991571,64.38505,47.55219,29.86661,54.748135,292.2694,22.738386,42.695133,22.541002,76.153824,65.95178,20.956577,46.36892,62.61303,57.37316,17.036358,22.386156,33.060844,65.26024,29.310986,64.38568,23.314106,29.361195,36.7231,42.371944,79.84095,23.02896,75.84816,62.20891,58.84408,271.03058,71.13657,46.53229,41.688282,60.95389,18.106094,71.831154,61.567818,Normal
46.897266,25.792072,33.646793,49.562386,42.499073,57.520718,76.88894,26.014603,212.27795,21.820902,50.174797,32.26847,46.106514,25.86126,64.89103,40.658585,30.495853,63.831116,243.2319,24.571943,50.510014,25.587896,69.86484,58.741997,20.047699,49.45977,56.41326,64.879234,20.253721,28.643942,35.397038,72.64591,22.2542,63.06686,28.296679,37.18258,40.934425,51.186367,74.12631,29.70365,81.164444,63.598824,59.645916,257.0326,71.05421,25.152218,40.18388,64.766174,23.70907,74.272865,62.129337,Normal
36.097492,33.61698,44.52522,51.34637,54.76281,59.974075,79.84181,22.80522,229.28488,20.907066,50.615883,31.335438,47.875618,27.687471,58.77703,44.39113,22.65925,58.235565,255.62016,21.976149,47.01547,34.850933,74.175285,67.488045,20.5101,47.36645,68.230736,55.490776,11.940778,25.091362,33.013046,66.15858,27.924425,66.93792,25.75066,30.409359,30.458372,52.39664,76.706085,26.08883,77.47472,65.79238,59.740025,273.62653,82.53685,41.835785,42.639404,68.79005,20.362816,72.3786,56.777615,Normal
40.792507,36.127754,43.68515,43.765324,60.656975,49.009693,74.94402,32.452446,211.86667,14.990694,55.48131,29.531202,36.673084,20.573446,59.711037,47.14395,24.580284,48.094776,233.74489,33.56089,45.529026,29.186308,79.00907,53.209423,28.499542,40.606384,68.15286,52.468475,19.41582,35.865303,33.09401,54.88423,24.352543,74.63237,26.980234,32.498077,47.38773,49.913353,74.26603,21.594553,76.65688,64.12718,61.07953,239.04694,82.38134,37.859203,44.08007,66.726845,20.754644,78.22692,57.38478,Normal
46.353085,29.71451,38.152645,38.775005,58.611824,59.310272,71.59974,33.984062,216.85225,21.95465,49.533028,39.083557,45.332146,27.489754,48.379147,50.407932,15.716563,57.167747,251.43784,32.94016,51.88272,28.340403,67.02036,56.462616,21.575455,43.534447,63.17433,60.109543,14.884292,22.874756,24.186401,68.629196,23.546534,62.04269,32.069355,39.44191,35.991814,57.547882,76.93458,20.465742,77.09158,63.847168,58.642597,260.80478,75.807274,36.88004,31.258276,70.20074,24.778471,80.70178,65.93153,Attack
49.72696,38.851463,34.045418,51.865715,59.298393,55.60679,80.42917,28.970615,212.20668,21.319422,52.12767,32.05393,44.908466,24.555153,53.562363,43.595055,17.407423,49.648254,229.09631,26.19692,50.867756,14.206265,75.03505,53.2737,27.092413,54.750164,71.0558,57.416504,17.987503,14.74807,25.887173,55.35579,28.296112,74.21363,24.457518,30.088324,42.96972,53.693073,83.98217,27.029314,81.87679,66.00767,61.093033,271.24,69.44291,36.08809,30.27756,64.14377,29.252048,80.13358,54.014133,Normal
34.481293,41.891376,42.367073,50.32181,51.488747,60.036163,68.487785,25.527592,214.79672,20.989614,49.406834,28.383734,41.102566,26.441408,60.62984,43.528305,27.16396,58.141563,238.83472,30.066187,50.605274,31.24921,77.992905,61.193886,15.401006,48.050724,70.72732,69.60339,29.433018,28.839132,31.744392,63.44762,22.138546,62.366444,21.629065,35.943356,38.988186,55.13123,75.998604,32.555443,74.108116,57.30693,55.724785,260.34113,80.55967,25.742847,39.179985,69.72082,21.402327,74.376686,54.65025,Normal
34.694843,35.2286,32.91307,51.321434,60.85681,49.60707,72.68025,31.878242,222.61253,22.451908,55.40043,36.238773,36.501514,22.250137,52.385567,47.383266,27.229065,60.06928,250.823,22.959383,49.6211,22.158388,64.76336,56.707436,22.065603,54.980988,68.08914,48.891582,21.897312,23.190128,26.961142,48.333824,21.292572,63.422115,25.459095,26.648397,35.73869,58.61699,84.44987,33.847717,73.87159,58.472652,46.50648,269.86777,71.635414,37.309994,28.289637,59.666325,18.49923,68.37084,65.07256,Normal
37.26796,28.94604,42.91577,52.34516,48.580326,57.086414,76.52705,27.510275,211.08737,22.990705,50.187244,23.120718,45.90195,16.242601,57.293587,45.14669,29.222595,61.44411,230.79642,26.776321,43.518265,26.007187,67.90157,60.222256,20.361322,51.929676,57.94705,64.22677,16.488935,10.654363,34.227554,54.489437,30.608173,64.46404,24.973839,29.405819,34.23916,60.551743,83.68366,27.499039,72.20049,56.51303,63.335106,256.5474,74.54068,40.063206,38.239136,70.06868,19.132277,70.80191,58.502052,Normal
39.957855,28.71612,45.918976,52.041912,53.834324,41.972603,67.78911,21.989794,208.18878,12.157216,55.520912,20.308296,43.148197,25.204184,67.11492,49.446556,26.22251,52.116314,232.70813,32.279846,49.177704,10.807857,76.0604,58.701817,21.97203,53.232746,64.07878,55.517963,23.465477,24.848898,33.136215,58.77689,19.302666,70.93997,21.076136,26.953249,39.31496,53.640682,80.714424,24.967665,79.66819,65.28154,59.239326,269.25098,77.59355,40.503887,42.79345,64.19032,20.916264,79.246895,71.28512,Normal
43.8232,37.44989,42.382496,54.01308,61.446674,54.139706,74.34282,24.319494,213.49329,21.642523,59.279175,26.54837,42.74346,22.335413,54.132263,43.89796,23.741034,57.91705,269.23053,34.031075,42.78157,20.872656,72.05801,60.43894,21.144505,43.07283,66.01957,51.667538,20.121834,20.393883,31.500721,64.785194,28.443478,70.671135,29.284397,39.301285,35.766083,65.389885,80.89803,31.433756,88.210915,58.43468,69.18443,257.2875,71.811676,34.040592,43.18865,69.33216,25.222359,73.43404,56.605545,Normal
41.646954,26.295258,41.98387,48.570408,56.605972,38.774742,72.85887,22.817247,207.01224,17.737127,58.135063,37.316555,35.94751,32.3863,63.989285,47.583588,24.00928,50.269722,260.78735,31.58335,53.324688,18.082682,67.713,65.75624,13.242236,48.867992,60.06919,58.115543,27.971535,28.49971,31.581482,64.05244,22.239433,64.286865,35.516308,25.355785,39.500717,55.723133,81.16945,34.12777,75.17321,59.604305,58.28198,262.13947,72.69566,39.13678,42.749004,66.89362,26.851236,67.76274,63.43485,Normal
40.14176,29.821478,44.865345,44.047726,52.146202,46.162613,80.6921,22.228855,224.6139,17.399685,50.1355,34.862953,36.492706,23.961521,61.13632,52.673203,28.71451,56.11878,244.86151,24.099543,46.256645,25.241735,80.690704,57.083706,22.951393,60.768074,61.36969,65.31944,18.5915,26.312067,25.578547,61.295437,29.180172,57.926212,23.789677,26.160688,49.767525,53.300316,74.03423,26.207043,83.92271,63.501457,52.782887,253.7728,80.94626,31.977476,41.667057,66.39544,18.46292,65.959435,59.990627,Normal
48.139206,31.16109,36.354595,53.199894,63.103714,48.975994,68.608246,30.816404,222.89624,22.439796,54.360416,36.966404,45.408493,28.797592,56.803757,50.808155,16.94442,59.411644,246.72049,23.646687,47.133934,10.761973,70.26149,68.37064,27.808918,46.955875,65.04281,57.84543,13.028511,20.73517,32.594044,62.98941,19.856964,73.67897,26.883717,26.844244,43.136555,46.020824,79.13463,28.394592,85.0558,62.337635,54.915737,258.9909,71.4628,37.24963,34.750286,69.02263,20.75052,70.87571,63.899555,Normal
41.840103,36.751583,43.593224,47.51332,62.520485,47.808506,78.90308,25.665188,209.218,27.032642,59.294098,31.51698,44.87765,21.119646,52.78096,47.13606,20.94011,58.79956,256.92188,31.832853,41.08871,17.919607,67.60821,61.389633,31.178528,33.501938,69.379745,52.51333,23.456154,11.840154,31.071829,72.82108,25.935795,72.583336,30.070337,33.27154,34.433796,60.194866,79.99269,31.35419,86.706696,58.292046,61.91585,276.35522,70.75076,35.618298,34.432434,71.59462,24.383394,78.78532,60.99958,Normal
39.070393,31.518768,45.504044,48.213844,57.074203,43.136303,75.72742,25.577314,209.02733,23.953526,49.764214,26.126167,41.300175,20.648956,56.144455,47.432358,21.325958,56.436256,234.18263,30.857876,44.255962,23.7964,70.61855,59.600563,16.38183,47.026447,56.18527,62.535423,22.63372,30.502409,26.451862,66.32799,31.324583,61.512566,21.087368,32.45879,35.50164,49.709866,80.126144,36.384968,79.16591,54.88752,51.23992,248.23892,80.4068,33.160706,33.318058,64.142296,14.617761,70.66945,58.00554,Normal
51.302937,32.963337,35.17338,53.67396,46.28852,51.412804,80.12499,24.423588,212.75545,24.90066,56.277767,40.68053,36.7899,23.762196,63.066578,44.818863,19.059502,57.195705,228.0267,31.176517,50.8075,24.462135,69.89894,65.42757,26.37884,59.61008,72.55796,51.522667,20.896116,26.230278,32.4701,58.111336,32.567383,69.338104,22.584396,35.86469,41.56467,39.649433,72.88879,27.576588,66.47458,67.73948,49.0511,274.5441,82.6823,37.984135,26.782852,62.286507,27.631039,72.054825,60.601078,Normal
48.970013,33.310455,37.971264,41.301907,56.305073,38.660625,78.938194,25.119337,208.45227,22.866617,48.89353,30.561415,41.231922,24.535252,54.391373,45.54702,23.599842,58.063763,231.7355,24.227234,51.754192,30.963976,74.7179,59.713852,15.147353,55.005062,62.869694,64.26314,22.436235,21.444746,28.890337,67.591194,31.062723,71.754166,22.922485,31.48959,49.48426,60.839603,78.893906,22.529833,77.100655,66.45243,64.96458,245.84929,70.59242,32.29863,38.007797,71.15152,30.181046,69.94721,64.14526,Normal
40.183594,31.478813,33.67071,51.875355,49.55539,56.956097,65.395996,33.974514,212.05347,18.0395,52.58849,27.289547,39.564163,22.614712,62.58973,45.15894,20.160326,54.187695,255.71191,29.94988,49.888287,23.02898,72.542145,70.0914,18.267881,43.881138,58.413734,60.202457,20.950623,21.741093,32.095867,54.962475,16.459282,73.86857,20.606321,26.95825,43.449356,59.642452,77.09436,33.869644,85.900536,57.116673,58.281948,246.66966,77.8533,30.89351,37.168888,67.71315,13.390334,81.95777,66.48084,Normal
45.787987,29.895996,39.260048,48.01382,55.18576,44.936977,73.8266,30.774075,209.00911,25.644306,56.125835,26.747536,40.87744,18.16892,59.77907,56.60374,24.901117,56.989338,235.98543,28.667278,41.518326,10.16873,78.33404,64.13042,24.46854,57.718216,55.50896,58.459595,35.539116,24.10161,29.823631,67.897545,28.45844,67.686554,15.998968,26.369038,43.0149,55.00712,82.49388,28.293825,74.118126,60.312614,61.62049,268.3733,81.04361,36.87622,44.966537,60.50613,22.38443,66.41672,55.71624,Normal
49.72687,29.972668,43.31343,49.54146,58.687157,56.5153,70.53922,33.38091,212.16544,21.556658,57.120865,35.79411,44.19372,32.885452,63.696293,45.797493,23.049854,52.165844,243.5024,26.345968,50.38053,17.593805,68.097946,54.495884,14.602176,54.490856,58.602818,62.05091,19.49377,22.436535,26.33056,71.31555,20.038895,61.57952,25.787296,32.69817,43.816612,52.45678,72.607574,29.273912,72.71499,56.59208,65.81452,248.96051,83.40878,35.349766,35.258305,67.466835,11.506382,67.45579,62.851727,Normal
33.817616,27.522057,45.18055,51.51909,57.637993,55.6002,66.3911,32.42468,210.26514,29.05469,54.313713,31.382488,35.911343,30.603401,60.248642,53.679825,10.702585,62.132492,242.3891,26.761484,41.541615,17.427263,71.2469,68.04021,18.234888,61.798985,68.17556,59.921745,22.184715,33.285435,30.38091,62.339626,18.395247,69.90932,26.917238,32.707592,36.68655,54.569542,84.34044,27.583265,72.56836,68.00871,63.886806,253.52231,72.43612,42.709976,35.698483,62.426086,13.454054,74.73992,65.4838,Normal
48.698853,39.20004,35.77181,56.66805,50.98708,58.670918,71.487755,26.941372,199.60933,15.087725,52.158726,27.051798,41.51445,29.655703,56.407024,54.216156,17.275742,52.954815,250.43762,33.128506,42.47229,35.401493,69.604195,63.470905,26.727688,57.921574,59.55676,56.89534,14.786868,15.27877,22.735418,71.47059,25.36386,63.722355,36.96174,28.95459,42.899357,53.10232,74.30641,23.264074,75.07809,63.721073,65.08476,252.01517,80.8127,40.77742,46.20498,66.53751,11.042147,68.90998,52.374702,Attack
43.172848,26.16563,40.408447,48.801403,59.470448,45.33009,75.53707,24.664597,198.97058,20.140331,56.106617,37.514854,49.467937,29.188698,56.68292,50.640488,16.815863,50.470028,253.94797,30.972597,48.283512,29.063997,73.620895,59.35935,14.330436,50.84261,59.185253,52.139076,30.459564,24.008858,29.044737,59.421196,27.854761,68.07963,34.086628,26.847761,38.237846,52.151512,74.61327,33.44979,91.29285,61.108616,71.76333,286.87885,78.061386,40.492996,32.046993,67.932785,13.660802,81.006165,57.088886,Normal
49.005085,39.731564,35.518486,50.63686,55.16224,38.088604,71.859604,24.739553,215.62094,21.42577,58.250305,27.35462,40.56117,35.79066,59.996746,50.453938,25.288412,59.375343,232.964,31.327309,41.94622,7.8082266,71.765396,57.178223,20.793762,41.28056,70.1748,54.234913,30.093557,22.574453,31.274416,61.39693,21.241634,72.9946,27.878153,34.05527,45.459724,60.338123,80.35996,24.284761,76.90484,64.65245,49.524487,266.87604,75.298805,29.364069,32.304626,67.25841,22.297815,76.14609,61.755077,Normal
36.695328,27.227087,46.734077,53.000713,61.137604,39.33065,70.868904,31.84074,200.44768,19.929129,58.517517,41.78348,46.806324,28.893381,56.870274,53.579117,28.807325,53.82318,234.1167,27.80994,50.067814,25.99387,74.76225,59.170532,16.208548,51.355988,56.614048,50.81218,20.80579,16.393833,24.192612,58.63539,16.122284,67.45573,17.399096,30.589937,45.781155,52.372066,74.21436,32.04432,72.990906,58.901535,65.485466,257.45847,80.79801,41.43799,40.071102,67.68134,24.173704,68.97472,65.01634,Normal
54.698612,29.879404,36.060684,46.455906,51.881935,44.037643,70.38689,31.956766,213.60051,19.159128,48.829285,35.932613,42.909622,33.009075,61.152554,50.881535,6.9597178,54.15224,236.14865,31.184265,44.81509,18.458712,81.82029,57.171272,26.974533,40.254898,67.198654,63.85857,23.71151,20.495283,34.498333,60.950333,26.866955,69.09864,25.427544,30.219017,49.518116,54.834003,82.43893,34.502983,73.91265,67.08619,51.936165,249.49948,81.69999,26.474863,41.468956,64.61914,18.137068,70.16343,68.08253,Normal
37.14482,39.995914,39.09518,54.814804,61.962154,47.35591,66.43452,26.862953,209.76994,22.68725,52.172115,38.46039,38.601376,24.311943,46.16775,50.862186,15.381215,56.699497,249.35318,31.316725,42.00126,15.838294,75.798645,60.708347,18.40039,48.380108,68.605545,63.6497,31.361534,24.72654,32.13251,57.82379,23.60135,77.31721,24.750868,34.81649,43.183903,50.119205,79.70787,25.39471,72.86532,65.786674,62.78428,255.03435,74.60899,37.918392,47.703777,63.343525,24.0729,73.90815,56.417187,Normal
32.642754,38.08689,38.29102,47.647034,48.41147,56.166058,72.93753,30.979677,215.25365,25.562311,54.00677,29.92051,44.457203,26.582638,75.15068,41.12832,24.064167,55.929295,238.78983,23.465733,43.914814,31.370312,65.96127,56.22167,18.28152,49.15396,70.599304,59.577652,18.40704,25.611116,25.943117,64.068344,26.353773,63.67432,31.737764,36.268856,44.57203,52.18658,74.07647,22.261667,74.05721,56.86392,58.147736,281.93518,72.685936,25.910362,37.09566,60.221546,25.282158,75.07057,68.52881,Normal
40.90939,34.393814,43.069458,43.900375,46.890453,49.397465,74.21584,28.378773,210.3628,16.710667,59.902817,33.432304,38.121906,25.303852,59.674255,40.837776,16.863037,53.031357,236.82277,22.87495,51.54459,27.22691,66.93949,59.95463,24.322632,42.85858,70.89167,55.560246,14.324181,33.11564,24.378473,61.079514,21.271973,75.80756,29.345358,33.418606,49.65232,47.340942,82.38843,31.29669,77.1426,58.186073,60.049698,260.022,71.41742,49.020336,41.82929,71.795235,14.241272,75.12036,72.299484,Normal
47.307392,29.797173,38.759613,46.04338,46.401733,47.66628,71.599655,25.864616,222.10909,16.095694,56.612545,20.894947,37.16962,32.742485,51.429714,42.59512,21.994106,57.3254,241.60042,30.526506,42.200077,20.074467,76.81621,59.7132,22.756382,45.77717,63.30244,53.411446,16.609547,28.181114,31.55031,55.66377,23.908756,74.486755,23.11462,27.510061,40.50888,53.56827,78.541664,24.23334,83.39331,67.17625,60.230316,246.20099,73.89811,37.435593,37.757515,67.741295,22.723055,74.922195,67.05926,Normal
40.209824,34.021496,36.259014,51.459892,48.02386,53.388195,71.462975,33.680668,205.94157,20.071552,61.02796,37.939358,46.24814,31.02879,54.591976,43.70383,22.892284,55.418575,226.50835,31.358746,45.215466,25.0143,74.08135,55.81785,20.61021,52.12017,68.53381,53.784737,29.161049,24.839659,25.158327,72.24499,18.413734,64.61858,17.27166,33.433357,53.23306,45.50775,83.67409,35.188026,66.546974,62.079002,75.51783,246.4234,77.111084,37.73236,35.013527,65.79315,26.497072,70.2572,56.242653,Normal
37.624466,26.62297,41.06231,56.522373,56.670223,42.73307,77.066795,25.64593,199.03546,13.827492,58.85809,24.63509,41.20487,30.62996,53.051907,53.816895,27.765673,52.48653,238.0362,33.817135,45.23908,25.775434,72.321495,58.54237,25.557522,47.438778,66.51285,52.231785,7.697317,31.26871,25.23304,64.177635,27.490213,73.07808,28.597195,33.942284,43.24718,45.505383,79.87464,26.743279,81.87888,68.04139,57.419376,267.76074,75.49719,23.375114,43.502472,60.494022,23.850094,69.59792,71.36237,Attack
41.747677,30.514776,41.272724,47.43858,53.055912,41.748184,75.324165,26.029337,208.83168,24.860533,58.903717,30.655188,35.680313,27.82104,54.29216,52.12302,30.339884,59.724873,240.34866,30.367405,41.712494,20.072388,67.92771,60.336224,23.940023,49.552452,67.16253,63.30588,11.657743,17.18819,33.04579,59.224865,25.86678,71.541374,29.457882,30.814623,39.046368,46.921127,82.34873,27.111467,89.92889,67.924385,58.245575,258.38547,73.54644,34.390198,41.08581,63.133984,21.927681,70.21721,66.74159,Normal
37.49399,29.459372,32.843098,51.86426,52.46811,57.98416,71.95468,23.588854,226.76048,13.963381,61.44235,23.76656,33.2643,29.450552,54.502357,48.67418,28.150677,50.322468,244.47684,26.445799,43.679764,27.42015,79.00892,58.801632,23.090324,43.725796,56.470703,57.575417,21.159918,29.692904,32.943195,64.20954,19.46593,66.90595,23.945309,23.641672,41.868702,46.404602,79.80101,32.471775,80.23301,67.2583,44.65759,255.46732,79.73163,29.324526,34.331013,69.37546,20.187778,70.20674,66.78214,Normal
47.577045,36.303963,36.121845,55.09165,52.76969,50.377678,77.675514,24.62315,202.58366,25.60907,48.33183,26.405264,35.467854,24.832499,60.211597,42.883263,27.997408,59.49577,250.49979,25.277164,49.541256,31.100697,74.75806,57.99691,28.305317,60.01218,59.840572,57.264347,24.996674,29.01266,33.054886,60.948936,28.142677,68.51932,28.0011,28.985954,27.174835,49.8883,79.19494,29.63122,73.171844,59.831806,56.43371,248.03656,70.50325,33.548073,38.92249,64.07355,24.750141,71.6202,62.226715,Normal
45.332497,30.220215,34.576603,53.70173,56.76413,43.46288,73.62976,28.881332,212.80031,14.618966,56.439476,28.055716,38.970974,26.240772,50.01706,46.044395,22.733181,53.158184,227.96611,24.889357,47.27828,19.440744,72.34337,54.47887,23.62104,43.851536,62.756985,51.986084,19.103403,31.16989,32.041294,61.127583,19.681166,61.372993,25.38299,27.032166,33.23783,51.567883,83.14923,31.738945,75.03869,65.28739,48.04356,248.74353,76.14129,40.2281,41.365017,63.588593,33.220955,70.27152,57.436,Normal
43.29435,32.932095,34.716396,46.529625,60.073013,48.920444,77.49201,31.779034,212.2205,22.142227,50.816765,29.97626,44.11754,29.748882,69.46121,52.21934,24.840313,59.945663,245.14412,30.792513,45.646378,22.181921,78.449394,49.609425,26.558079,44.098034,65.82664,61.6697,12.38778,17.977,28.899137,63.854584,21.1453,72.84196,20.5242,25.438894,40.598373,47.639896,76.22516,27.43082,67.6423,63.3662,52.215973,265.37158,70.30329,26.535225,46.23348,61.314495,16.287374,70.64746,67.82816,Normal
37.001724,30.497356,34.062916,48.98394,56.977386,58.038715,69.85232,29.806623,200.84024,18.27612,58.656017,25.68785,31.955494,31.549677,60.984688,51.463318,13.911013,53.92073,242.0608,30.720993,45.47068,19.671858,73.64138,60.355312,26.344261,46.372425,72.11218,54.703926,22.36602,25.738976,34.182568,56.994576,25.948523,75.43683,29.196173,35.573627,44.398697,52.879772,74.56439,26.75935,78.80315,69.89269,55.11086,252.87074,76.11243,33.728104,45.914833,71.05778,26.099228,75.29577,53.79878,Normal
50.05931,28.54005,34.01603,44.668774,58.071125,56.902508,74.008484,30.106554,206.45233,23.509499,53.18376,32.1577,36.432068,29.126656,54.64628,43.083485,33.739727,60.206036,244.04594,25.29682,52.33357,24.184595,65.474945,70.57735,19.78335,41.23536,64.0277,66.29634,10.626529,22.745096,30.574696,59.493294,25.374079,67.81565,28.332632,35.9587,51.693195,48.358883,75.08139,25.934734,76.40124,60.64876,44.512478,267.04883,87.39794,33.154415,34.939644,61.411343,17.74903,69.85685,55.885845,Normal
44.42992,30.054895,38.52888,57.3711,49.98569,55.419983,74.01961,21.720394,216.48624,24.535843,55.866875,34.67414,38.884983,19.660688,47.00334,40.316654,33.270203,56.345364,247.4155,32.486988,42.23127,19.134918,69.27977,65.915054,24.39561,48.11648,55.07386,55.593033,15.420342,31.465307,31.73267,57.19388,32.00311,70.767265,27.882774,34.361782,31.71128,44.262226,78.26236,31.0592,67.660645,60.01439,62.57136,251.18262,75.95888,35.817524,32.225822,67.24914,17.186579,65.71488,51.767456,Normal
46.837116,27.451088,43.743534,51.058193,60.604492,54.97303,77.948006,36.283436,203.41734,19.977333,50.596188,29.483955,36.061123,24.417187,56.828545,43.065804,21.656607,53.87711,235.88022,29.335846,52.678864,17.781628,70.03568,61.77293,20.487865,50.552288,59.794178,63.78549,12.356307,25.836597,24.465725,63.14112,26.036617,71.80853,26.44159,28.124939,32.18381,58.92932,77.4673,30.974453,78.06329,61.05179,62.833073,244.8998,78.618225,40.35184,40.634644,68.97081,22.405127,80.89605,69.72078,Normal
39.847126,28.504595,44.17069,43.340244,57.50508,48.396435,80.59371,32.053867,228.73633,29.011852,55.01306,31.775812,48.032593,20.844366,54.350777,47.217224,18.2651,62.897507,255.25192,26.367645,42.662216,12.702844,71.70858,58.45396,22.73348,42.24328,64.94558,61.137047,15.786851,27.959745,23.724525,65.078354,26.953764,68.49024,19.212234,35.11628,43.683094,55.642452,79.14397,25.230227,72.86256,59.11436,58.68532,265.87253,71.34969,40.671356,33.9847,73.013145,16.102312,69.66632,65.20998,Attack
43.1602,36.91678,30.742298,56.118835,50.948414,53.099106,73.163445,25.044178,208.26935,17.563396,48.52881,34.882877,39.48676,24.61933,57.451958,46.831593,20.760292,51.36911,239.04337,29.224586,41.26594,26.919153,74.60661,63.47363,19.95515,58.34348,65.57817,65.56643,23.807285,16.574081,33.668423,60.924328,25.437485,75.45317,32.761173,32.30661,37.676025,49.062412,72.29236,27.684011,78.638916,61.84649,61.700897,254.17273,82.73241,35.440037,46.32174,62.36413,24.334515,70.26213,62.2752,Normal
39.863503,39.240562,42.667885,51.190292,56.273987,59.96036,69.94431,27.860508,208.17476,30.697577,52.759853,42.124653,35.011623,23.054424,53.155403,48.422276,25.661785,55.79315,232.77048,31.472733,44.738514,28.53768,73.713326,60.64984,22.722044,48.613014,66.039215,58.76419,9.205625,27.111038,22.550228,59.21192,27.28731,67.127075,30.544683,29.974909,57.958252,53.0857,79.44344,26.246645,70.90117,68.54564,58.845222,249.92126,76.9197,31.201712,33.77372,71.33794,24.622623,78.189804,62.791824,Normal
46.15199,34.219917,31.162092,54.44931,56.563152,56.233006,76.83781,28.596865,211.30493,23.946785,58.435772,25.702929,41.86788,17.777582,58.682434,44.03049,23.990263,63.028736,268.01865,30.969343,52.350853,31.940332,67.16409,65.91583,18.14582,57.756393,66.82067,54.674137,12.324404,26.779562,32.604946,57.411633,34.44777,72.31716,25.859558,23.783848,33.410576,59.30566,74.891365,33.30172,76.108025,66.8734,54.56815,260.9666,72.48961,35.41694,30.431017,63.678345,14.84086,74.37302,63.791714,Normal
40.402832,28.135796,36.070747,53.44398,50.35677,53.725014,75.1231,25.455877,212.30519,24.424974,56.687714,35.67313,42.077633,29.344105,63.050457,37.716206,25.321442,59.879536,231.27591,32.66099,42.789505,17.502007,77.98088,51.732635,19.846106,50.878437,60.350864,53.61929,25.459848,33.63258,27.390093,72.544334,22.039007,68.06209,25.93934,32.325397,40.165375,52.32327,83.68216,24.432121,72.60165,65.193596,58.046055,255.83841,86.32951,37.840893,45.116493,62.93686,16.587107,76.28819,58.1078,Normal
52.870087,36.82224,36.08513,50.429813,53.32792,44.245544,72.08117,29.382776,213.61069,24.345657,57.70683,26.546854,40.09115,24.32098,57.8711,47.63231,31.179579,60.425865,273.0321,32.28561,43.781605,15.389294,66.49407,58.913353,16.803537,45.166695,64.34728,50.398445,21.018522,17.947304,29.808239,65.725235,25.43059,71.73163,33.09484,33.60954,41.32044,54.083107,79.79889,30.051891,73.544235,63.711784,54.113205,278.24655,80.18618,34.186893,45.369328,71.23554,15.910321,74.57339,65.82832,Normal
39.84554,32.345177,38.55821,48.957287,49.67344,53.801632,71.83043,28.31667,205.02965,13.967933,50.903954,33.418663,36.928375,32.524963,60.046227,42.703438,21.889236,49.475792,286.24957,32.739532,42.723843,29.086227,76.91049,58.82644,24.322453,49.25665,67.94713,68.18825,14.728219,29.849134,33.715023,58.76771,23.437437,72.04746,22.67832,36.77771,37.215775,53.736492,79.25484,32.394238,81.55747,65.16199,58.442894,272.62543,78.79511,31.005827,37.471085,69.995346,24.113039,74.68333,65.60661,Normal
43.50856,30.126492,35.564117,56.455673,56.449436,47.452595,71.052025,23.453514,216.2245,23.460592,59.638275,29.6817,35.07423,26.827402,57.03101,41.835934,21.439596,62.39019,242.84604,30.543001,47.292984,22.2832,79.9721,62.35026,24.349197,58.602947,67.82916,57.685734,22.973827,16.613558,25.155336,68.84932,20.310492,62.260036,24.283201,30.335262,39.765625,52.506752,75.07453,24.921013,77.31028,59.850002,65.43614,257.3354,76.21606,27.921278,38.56578,72.46196,16.9255,75.99955,52.351704,Normal
41.53894,27.9099,41.283978,53.258297,57.037933,63.93313,74.033936,21.362047,221.3858,17.039272,61.23787,35.012306,40.025726,32.71814,67.49381,45.456493,22.093441,50.320568,266.86163,25.005135,50.43586,21.673563,74.74247,52.53773,24.23696,54.985237,61.107613,57.805836,21.635544,25.281914,23.748537,54.6126,25.552275,64.203354,29.291433,29.155275,33.38149,54.832653,75.904594,22.53796,83.91079,60.85486,62.09336,272.55457,71.63481,27.661154,39.680107,64.824066,24.48951,72.61806,69.839386,Attack
